split,fold,baseline,metric,representation,target,value,std,n_conditions,n_test,n_skipped,ci_low,ci_high,normalized,normalized_std,normalization_valid,floor_source,floor_value,ceiling_value,fallback_rate,fallback_rate_dose_collapsed
held_out_both,held_out_both/A549__fold0,ceiling,direction_acc_de,absolute,full_pseudobulk,0.9964645421749824,0.007546530850082996,1320.0,190,580.0,0.9960061620738906,0.9968460710248653,1.0,1.4434746202953712,True,global_mean_delta,0.9912365106294476,0.9964645421749824,,
held_out_both,held_out_both/A549__fold0,ceiling,direction_acc_de,absolute,replicate_half,0.9964645421749824,0.007546530850082996,1320.0,190,580.0,0.9960432221294542,0.9968852737027512,1.0,1.3216980828026026,True,global_mean_delta,0.9907548184882529,0.9964645421749824,,
held_out_both,held_out_both/A549__fold0,ceiling,direction_acc_de,delta,full_pseudobulk,0.9579283760329893,0.060535199361357254,1320.0,190,580.0,0.9546757881071195,0.961150994406179,1.0,0.16724046265495163,True,global_mean_delta,0.5959633443632749,0.9579283760329893,,
held_out_both,held_out_both/A549__fold0,ceiling,direction_acc_de,delta,replicate_half,0.9579283760329893,0.060535199361357254,1320.0,190,580.0,0.9545563935546582,0.9610551549903578,1.0,0.16814836686242796,True,global_mean_delta,0.5979177467838533,0.9579283760329893,,
held_out_both,held_out_both/A549__fold0,ceiling,mae,absolute,full_pseudobulk,0.027933470802083353,0.005635138493499457,1900.0,190,0.0,0.027685042850254568,0.02818293510932742,,,False,no_change,0.023842058953158538,0.027933470802083353,,
held_out_both,held_out_both/A549__fold0,ceiling,mae,absolute,replicate_half,0.027933470802083353,0.005635138493499457,1900.0,190,0.0,0.02767145654142794,0.028196397962916186,1.0,846.3770868651719,True,no_change,0.027940128754644866,0.027933470802083353,,
held_out_both,held_out_both/A549__fold0,ceiling,mae,delta,full_pseudobulk,0.027933470802083353,0.005635138493499457,1900.0,190,0.0,0.027685741960745386,0.028191160938596013,,,False,no_change,0.023842058953158538,0.027933470802083353,,
held_out_both,held_out_both/A549__fold0,ceiling,mae,delta,replicate_half,0.027933470802083353,0.005635138493499457,1900.0,190,0.0,0.02770561989779193,0.02817776845352309,1.0,846.3770868651719,True,no_change,0.027940128754644866,0.027933470802083353,,
held_out_both,held_out_both/A549__fold0,ceiling,pearson_r,absolute,full_pseudobulk,0.985405696090041,0.006616967117350527,1900.0,190,0.0,0.9851144120512375,0.9856877202345194,1.0,11.237640482468253,True,global_mean_delta,0.98481687434159,0.985405696090041,,
held_out_both,held_out_both/A549__fold0,ceiling,pearson_r,absolute,replicate_half,0.985405696090041,0.006616967117350527,1900.0,190,0.0,0.9851116892409054,0.9857151558710032,1.0,1.6090862279800533,True,global_mean_delta,0.9812934446753626,0.985405696090041,,
held_out_both,held_out_both/A549__fold0,ceiling,pearson_r,delta,full_pseudobulk,0.5222042194778952,0.22521245768916498,1900.0,190,0.0,0.5121637127232598,0.531562472362346,1.0,0.5864253895328272,True,global_mean_delta,0.13816140395693127,0.5222042194778952,,
held_out_both,held_out_both/A549__fold0,ceiling,pearson_r,delta,replicate_half,0.5222042194778952,0.22521245768916498,1900.0,190,0.0,0.5124463645362544,0.531665613672693,1.0,0.5674662532762837,True,global_mean_delta,0.12533047343767875,0.5222042194778952,,
held_out_both,held_out_both/A549__fold0,ceiling,pearson_r_de,absolute,full_pseudobulk,0.9913499599996337,0.010740935285093619,1320.0,190,580.0,0.9907469832998579,0.9919055360166846,1.0,0.3020535493644307,True,global_mean_delta,0.955790254418639,0.9913499599996337,,
held_out_both,held_out_both/A549__fold0,ceiling,pearson_r_de,absolute,replicate_half,0.9913499599996337,0.010740935285093619,1320.0,190,580.0,0.9907541426638087,0.9918924617652437,1.0,0.28556278662503104,True,global_mean_delta,0.9537367422129709,0.9913499599996337,,
held_out_both,held_out_both/A549__fold0,ceiling,pearson_r_de,delta,full_pseudobulk,0.8227582434222509,0.23691739509602547,1320.0,190,580.0,0.8096687311791696,0.8352444956902267,1.0,0.4991388949201537,True,global_mean_delta,0.3481060023182498,0.8227582434222509,,
held_out_both,held_out_both/A549__fold0,ceiling,pearson_r_de,delta,replicate_half,0.8227582434222509,0.23691739509602547,1320.0,190,580.0,0.8096022591095274,0.8356484173705949,1.0,0.4747806372748557,True,global_mean_delta,0.3237543319403439,0.8227582434222509,,
held_out_both,held_out_both/A549__fold0,ceiling,pert_discrimination,absolute,full_pseudobulk,0.026869952659426342,0.050567562923841,1900.0,190,0.0,0.024638749651907543,0.029103383458646614,1.0,0.19778470821526073,True,no_change,0.28253968253968254,0.026869952659426342,,
held_out_both,held_out_both/A549__fold0,ceiling,pert_discrimination,absolute,replicate_half,0.026869952659426342,0.050567562923841,1900.0,190,0.0,0.02457149818991924,0.029307226399331664,1.0,0.19361757861911888,True,no_change,0.28804232804232804,0.026869952659426342,,
held_out_both,held_out_both/A549__fold0,ceiling,pert_discrimination,delta,full_pseudobulk,0.015129490392648286,0.03409853395407039,1900.0,190,0.0,0.013659078251183513,0.016647312726260088,1.0,0.07032503169079801,True,no_change,0.5,0.015129490392648286,,
held_out_both,held_out_both/A549__fold0,ceiling,pert_discrimination,delta,replicate_half,0.015129490392648286,0.03409853395407039,1900.0,190,0.0,0.013617237538290168,0.016602687273739904,1.0,0.07032503169079801,True,no_change,0.5,0.015129490392648286,,
held_out_both,held_out_both/A549__fold0,global_mean_delta,direction_acc_de,absolute,full_pseudobulk,0.9912365106294476,0.010178668825818304,132.0,190,58.0,0.9894665867892698,0.9930059911559798,0.0,1.9469409733213798,True,global_mean_delta,0.9912365106294476,0.9964645421749824,0.0,
held_out_both,held_out_both/A549__fold0,global_mean_delta,direction_acc_de,absolute,replicate_half,0.9907548184882529,0.010353449403969327,1320.0,190,580.0,0.9901549582071206,0.9912737879172258,0.0,1.813301303534658,True,global_mean_delta,0.9907548184882529,0.9964645421749824,0.0,
held_out_both,held_out_both/A549__fold0,global_mean_delta,direction_acc_de,delta,full_pseudobulk,0.5959633443632749,0.16119148155733612,132.0,190,58.0,0.5705524002821892,0.6253517171556507,0.0,0.4453233529597412,True,global_mean_delta,0.5959633443632749,0.9579283760329893,0.0,
held_out_both,held_out_both/A549__fold0,global_mean_delta,direction_acc_de,delta,replicate_half,0.5979177467838533,0.15896349932846204,1320.0,190,580.0,0.5895391884457927,0.606190110664264,0.0,0.441552238776971,True,global_mean_delta,0.5979177467838533,0.9579283760329893,0.0,
held_out_both,held_out_both/A549__fold0,global_mean_delta,mae,absolute,full_pseudobulk,0.024755130103047952,0.007726393126518718,190.0,190,0.0,0.023712434154711564,0.025913880695095096,,,False,no_change,0.023842058953158538,0.027933470802083353,0.0,
held_out_both,held_out_both/A549__fold0,global_mean_delta,mae,absolute,replicate_half,0.028689769727765387,0.007723214867901991,1900.0,190,0.0,0.02833490500336282,0.029047847733716443,-112.5933184705996,1159.9984824985738,True,no_change,0.027940128754644866,0.027933470802083353,0.0,
held_out_both,held_out_both/A549__fold0,global_mean_delta,mae,delta,full_pseudobulk,0.024755130103047952,0.007726393126518718,190.0,190,0.0,0.02369102897420132,0.025905816872090225,,,False,no_change,0.023842058953158538,0.027933470802083353,0.0,
held_out_both,held_out_both/A549__fold0,global_mean_delta,mae,delta,replicate_half,0.028689769727765387,0.007723214867901991,1900.0,190,0.0,0.028356135996372336,0.02903788122263158,-112.5933184705996,1159.9984824985738,True,no_change,0.027940128754644866,0.027933470802083353,0.0,
held_out_both,held_out_both/A549__fold0,global_mean_delta,pearson_r,absolute,full_pseudobulk,0.98481687434159,0.014886047399786608,190.0,190,0.0,0.9825467141109959,0.9867215424117578,0.0,25.281076045420154,True,global_mean_delta,0.98481687434159,0.985405696090041,0.0,
held_out_both,held_out_both/A549__fold0,global_mean_delta,pearson_r,absolute,replicate_half,0.9812934446753626,0.015530603018608306,1900.0,190,0.0,0.9805922795277643,0.981953535418689,0.0,3.776666709426576,True,global_mean_delta,0.9812934446753626,0.985405696090041,0.0,
held_out_both,held_out_both/A549__fold0,global_mean_delta,pearson_r,delta,full_pseudobulk,0.13816140395693127,0.13127478753350894,190.0,190,0.0,0.1204080206634458,0.15644663487462518,0.0,0.3418233129955349,True,global_mean_delta,0.13816140395693127,0.5222042194778952,0.0,
held_out_both,held_out_both/A549__fold0,global_mean_delta,pearson_r,delta,replicate_half,0.12533047343767875,0.12096249234317726,1900.0,190,0.0,0.12017577488699888,0.1310772654799738,0.0,0.30478834528631116,True,global_mean_delta,0.12533047343767875,0.5222042194778952,0.0,
held_out_both,held_out_both/A549__fold0,global_mean_delta,pearson_r_de,absolute,full_pseudobulk,0.955790254418639,0.17578687398315507,132.0,190,58.0,0.9157420336797697,0.9757864592534902,0.0,4.943428836404826,True,global_mean_delta,0.955790254418639,0.9913499599996337,0.0,
held_out_both,held_out_both/A549__fold0,global_mean_delta,pearson_r_de,absolute,replicate_half,0.9537367422129709,0.1752732452612207,1320.0,190,580.0,0.9441149649691224,0.9621520836649662,0.0,4.65988435914596,True,global_mean_delta,0.9537367422129709,0.9913499599996337,0.0,
held_out_both,held_out_both/A549__fold0,global_mean_delta,pearson_r_de,delta,full_pseudobulk,0.3481060023182498,0.3310150303850152,132.0,190,58.0,0.2874761865401194,0.40382011211341073,0.0,0.6973843199709794,True,global_mean_delta,0.3481060023182498,0.8227582434222509,0.0,
held_out_both,held_out_both/A549__fold0,global_mean_delta,pearson_r_de,delta,replicate_half,0.3237543319403439,0.3441222528527824,1320.0,190,580.0,0.30552118812367896,0.34262764093729997,0.0,0.6896183475412692,True,global_mean_delta,0.3237543319403439,0.8227582434222509,0.0,
held_out_both,held_out_both/A549__fold0,global_mean_delta,pert_discrimination,absolute,full_pseudobulk,0.2752715121136174,0.24870460709024617,190.0,190,0.0,0.2431801726538568,0.30968253968253967,0.02842796614784714,0.9727573428685821,True,no_change,0.28253968253968254,0.026869952659426342,0.0,
held_out_both,held_out_both/A549__fold0,global_mean_delta,pert_discrimination,absolute,replicate_half,0.2821693121693122,0.24778099735985082,1900.0,190,0.0,0.27068142578668897,0.2931581732108048,0.022487125081301206,0.9487259017979296,True,no_change,0.28804232804232804,0.026869952659426342,0.0,
held_out_both,held_out_both/A549__fold0,global_mean_delta,pert_discrimination,delta,full_pseudobulk,0.5000000000000001,0.2909652048709311,190.0,190,0.0,0.45853174603174596,0.5399087997772207,-2.2897309748209176e-16,0.6000884753881088,True,no_change,0.5,0.015129490392648286,0.0,
held_out_both,held_out_both/A549__fold0,global_mean_delta,pert_discrimination,delta,replicate_half,0.5,0.29027489499004316,1900.0,190,0.0,0.48716409078251177,0.512906015037594,-0.0,0.5986647759318418,True,no_change,0.5,0.015129490392648286,0.0,
held_out_both,held_out_both/A549__fold0,nearest_context,direction_acc_de,absolute,full_pseudobulk,0.9912365106294476,0.010178668825818304,132.0,190,58.0,0.9895310501666732,0.9928942284799706,0.0,1.9469409733213798,True,global_mean_delta,0.9912365106294476,0.9964645421749824,1.0,0.0
held_out_both,held_out_both/A549__fold0,nearest_context,direction_acc_de,absolute,replicate_half,0.9907548184882529,0.010353449403969327,1320.0,190,580.0,0.9902024452647868,0.9912663589239027,0.0,1.813301303534658,True,global_mean_delta,0.9907548184882529,0.9964645421749824,1.0,0.0
held_out_both,held_out_both/A549__fold0,nearest_context,direction_acc_de,delta,full_pseudobulk,0.5959633443632749,0.16119148155733612,132.0,190,58.0,0.5681779226470562,0.6234205748180768,0.0,0.4453233529597412,True,global_mean_delta,0.5959633443632749,0.9579283760329893,1.0,0.0
held_out_both,held_out_both/A549__fold0,nearest_context,direction_acc_de,delta,replicate_half,0.5979177467838533,0.15896349932846204,1320.0,190,580.0,0.5900525050265847,0.6062917250183565,0.0,0.441552238776971,True,global_mean_delta,0.5979177467838533,0.9579283760329893,1.0,0.0
held_out_both,held_out_both/A549__fold0,nearest_context,mae,absolute,full_pseudobulk,0.024755130103047952,0.007726393126518718,190.0,190,0.0,0.023683945881372206,0.0259428205977674,,,False,no_change,0.023842058953158538,0.027933470802083353,1.0,0.0
held_out_both,held_out_both/A549__fold0,nearest_context,mae,absolute,replicate_half,0.028689769727765387,0.007723214867901991,1900.0,190,0.0,0.028342644661229426,0.029032811017810356,-112.5933184705996,1159.9984824985738,True,no_change,0.027940128754644866,0.027933470802083353,1.0,0.0
held_out_both,held_out_both/A549__fold0,nearest_context,mae,delta,full_pseudobulk,0.024755130103047952,0.007726393126518718,190.0,190,0.0,0.023698466548022563,0.025925708641652292,,,False,no_change,0.023842058953158538,0.027933470802083353,1.0,0.0
held_out_both,held_out_both/A549__fold0,nearest_context,mae,delta,replicate_half,0.028689769727765387,0.007723214867901991,1900.0,190,0.0,0.02833471002383378,0.02905800143817921,-112.5933184705996,1159.9984824985738,True,no_change,0.027940128754644866,0.027933470802083353,1.0,0.0
held_out_both,held_out_both/A549__fold0,nearest_context,pearson_r,absolute,full_pseudobulk,0.98481687434159,0.014886047399786608,190.0,190,0.0,0.9825597427399105,0.9868224430868592,0.0,25.281076045420154,True,global_mean_delta,0.98481687434159,0.985405696090041,1.0,0.0
held_out_both,held_out_both/A549__fold0,nearest_context,pearson_r,absolute,replicate_half,0.9812934446753626,0.015530603018608306,1900.0,190,0.0,0.9805478853229763,0.9819972460502128,0.0,3.776666709426576,True,global_mean_delta,0.9812934446753626,0.985405696090041,1.0,0.0
held_out_both,held_out_both/A549__fold0,nearest_context,pearson_r,delta,full_pseudobulk,0.13816140395693127,0.13127478753350894,190.0,190,0.0,0.1189582523890166,0.157450853073932,0.0,0.3418233129955349,True,global_mean_delta,0.13816140395693127,0.5222042194778952,1.0,0.0
held_out_both,held_out_both/A549__fold0,nearest_context,pearson_r,delta,replicate_half,0.12533047343767875,0.12096249234317726,1900.0,190,0.0,0.11985078010871143,0.1305027276066972,0.0,0.30478834528631116,True,global_mean_delta,0.12533047343767875,0.5222042194778952,1.0,0.0
held_out_both,held_out_both/A549__fold0,nearest_context,pearson_r_de,absolute,full_pseudobulk,0.955790254418639,0.17578687398315507,132.0,190,58.0,0.920074760069037,0.9757941124598346,0.0,4.943428836404826,True,global_mean_delta,0.955790254418639,0.9913499599996337,1.0,0.0
held_out_both,held_out_both/A549__fold0,nearest_context,pearson_r_de,absolute,replicate_half,0.9537367422129709,0.1752732452612207,1320.0,190,580.0,0.9437732496149919,0.9625589391060817,0.0,4.65988435914596,True,global_mean_delta,0.9537367422129709,0.9913499599996337,1.0,0.0
held_out_both,held_out_both/A549__fold0,nearest_context,pearson_r_de,delta,full_pseudobulk,0.3481060023182498,0.3310150303850152,132.0,190,58.0,0.29052867974058244,0.4024727332326602,0.0,0.6973843199709794,True,global_mean_delta,0.3481060023182498,0.8227582434222509,1.0,0.0
held_out_both,held_out_both/A549__fold0,nearest_context,pearson_r_de,delta,replicate_half,0.3237543319403439,0.3441222528527824,1320.0,190,580.0,0.3040274908619537,0.34240514382295234,0.0,0.6896183475412692,True,global_mean_delta,0.3237543319403439,0.8227582434222509,1.0,0.0
held_out_both,held_out_both/A549__fold0,nearest_context,pert_discrimination,absolute,full_pseudobulk,0.2752715121136174,0.24870460709024617,190.0,190,0.0,0.24086953494848232,0.3122257031467558,0.02842796614784714,0.9727573428685821,True,no_change,0.28253968253968254,0.026869952659426342,1.0,0.0
held_out_both,held_out_both/A549__fold0,nearest_context,pert_discrimination,absolute,replicate_half,0.2821693121693122,0.24778099735985082,1900.0,190,0.0,0.2706228766360345,0.2926120857699805,0.022487125081301206,0.9487259017979296,True,no_change,0.28804232804232804,0.026869952659426342,1.0,0.0
held_out_both,held_out_both/A549__fold0,nearest_context,pert_discrimination,delta,full_pseudobulk,0.5000000000000001,0.2909652048709311,190.0,190,0.0,0.45751810080757455,0.5396115288220551,-2.2897309748209176e-16,0.6000884753881088,True,no_change,0.5,0.015129490392648286,1.0,0.0
held_out_both,held_out_both/A549__fold0,nearest_context,pert_discrimination,delta,replicate_half,0.5,0.29027489499004316,1900.0,190,0.0,0.48727158173210805,0.5138417571707046,-0.0,0.5986647759318418,True,no_change,0.5,0.015129490392648286,1.0,0.0
held_out_both,held_out_both/A549__fold0,no_change,direction_acc_de,absolute,full_pseudobulk,0.996832933519292,0.00521234155501931,132.0,190,58.0,0.9958760125682239,0.9976886128847687,1.0704646368525266,0.9969988722564535,True,global_mean_delta,0.9912365106294476,0.9964645421749824,0.0,
held_out_both,held_out_both/A549__fold0,no_change,direction_acc_de,absolute,replicate_half,0.9965992745884512,0.0053582079627997655,1320.0,190,580.0,0.9962808350443111,0.9968685726344355,1.0235970111446873,0.9384355980751343,True,global_mean_delta,0.9907548184882529,0.9964645421749824,0.0,
held_out_both,held_out_both/A549__fold0,no_change,direction_acc_de,delta,full_pseudobulk,0.0,0.0,132.0,190,58.0,0.0,0.0,-1.6464666258343958,0.0,True,global_mean_delta,0.5959633443632749,0.9579283760329893,0.0,
held_out_both,held_out_both/A549__fold0,no_change,direction_acc_de,delta,replicate_half,0.0003331095409640847,0.0012631416925158114,1320.0,190,580.0,0.0002719375578492794,0.0004077104232583569,-1.6599083157329402,0.003508623329123116,True,global_mean_delta,0.5979177467838533,0.9579283760329893,0.0,
held_out_both,held_out_both/A549__fold0,no_change,mae,absolute,full_pseudobulk,0.023842058953158538,0.008191879980827033,190.0,190,0.0,0.02264618553914688,0.024971437353872843,,,False,no_change,0.023842058953158538,0.027933470802083353,0.0,
held_out_both,held_out_both/A549__fold0,no_change,mae,absolute,replicate_half,0.027940128754644866,0.008123847526956137,1900.0,190,0.0,0.027555938889510943,0.028312271809994176,-0.0,1220.1720351565,True,no_change,0.027940128754644866,0.027933470802083353,0.0,
held_out_both,held_out_both/A549__fold0,no_change,mae,delta,full_pseudobulk,0.023842058953158538,0.008191879980827033,190.0,190,0.0,0.022737342201476142,0.024972146009373704,,,False,no_change,0.023842058953158538,0.027933470802083353,0.0,
held_out_both,held_out_both/A549__fold0,no_change,mae,delta,replicate_half,0.027940128754644866,0.008123847526956137,1900.0,190,0.0,0.02757147327881535,0.02832347113435275,-0.0,1220.1720351565,True,no_change,0.027940128754644866,0.027933470802083353,0.0,
held_out_both,held_out_both/A549__fold0,no_change,pearson_r,absolute,full_pseudobulk,0.9846939058677168,0.015428843260700492,190.0,190,0.0,0.9823087114364941,0.9868400414767813,-0.2088381996703901,26.202909966028244,True,global_mean_delta,0.98481687434159,0.985405696090041,0.0,
held_out_both,held_out_both/A549__fold0,no_change,pearson_r,absolute,replicate_half,0.9811678849063346,0.016064302997724593,1900.0,190,0.0,0.9804599281569146,0.9818921807841563,-0.030533096439552147,3.906449625230624,True,global_mean_delta,0.9812934446753626,0.985405696090041,0.0,
held_out_both,held_out_both/A549__fold0,no_change,pearson_r,delta,full_pseudobulk,,,0.0,190,190.0,,,,,True,global_mean_delta,0.13816140395693127,0.5222042194778952,0.0,
held_out_both,held_out_both/A549__fold0,no_change,pearson_r,delta,replicate_half,,,0.0,190,1900.0,,,,,True,global_mean_delta,0.12533047343767875,0.5222042194778952,0.0,
held_out_both,held_out_both/A549__fold0,no_change,pearson_r_de,absolute,full_pseudobulk,0.953844888761669,0.17620857554628924,132.0,190,58.0,0.9214605237810851,0.9734483195186446,-0.054707023727714195,4.955287808695068,True,global_mean_delta,0.955790254418639,0.9913499599996337,0.0,
held_out_both,held_out_both/A549__fold0,no_change,pearson_r_de,absolute,replicate_half,0.951774636877054,0.17571034732007973,1320.0,190,580.0,0.9413201991307185,0.9601890861256117,-0.05216531451910597,4.671505328703476,True,global_mean_delta,0.9537367422129709,0.9913499599996337,0.0,
held_out_both,held_out_both/A549__fold0,no_change,pearson_r_de,delta,full_pseudobulk,,,0.0,190,190.0,,,,,True,global_mean_delta,0.3481060023182498,0.8227582434222509,0.0,
held_out_both,held_out_both/A549__fold0,no_change,pearson_r_de,delta,replicate_half,,,0.0,190,1900.0,,,,,True,global_mean_delta,0.3237543319403439,0.8227582434222509,0.0,
held_out_both,held_out_both/A549__fold0,no_change,pert_discrimination,absolute,full_pseudobulk,0.28253968253968254,0.24916358372476805,190.0,190,0.0,0.2483904204956836,0.3159851016429963,-0.0,0.9745525363579984,True,no_change,0.28253968253968254,0.026869952659426342,0.0,
held_out_both,held_out_both/A549__fold0,no_change,pert_discrimination,absolute,replicate_half,0.28804232804232804,0.24783555072375663,1900.0,190,0.0,0.2765391255917572,0.2995441381230855,-0.0,0.9489347805655475,True,no_change,0.28804232804232804,0.026869952659426342,0.0,
held_out_both,held_out_both/A549__fold0,no_change,pert_discrimination,delta,full_pseudobulk,0.5,0.2909652048709311,190.0,190,0.0,0.45836744639376215,0.5415510999721527,-0.0,0.6000884753881088,True,no_change,0.5,0.015129490392648286,0.0,
held_out_both,held_out_both/A549__fold0,no_change,pert_discrimination,delta,replicate_half,0.5,0.29027489499004316,1900.0,190,0.0,0.4870360623781676,0.5130794346978558,-0.0,0.5986647759318418,True,no_change,0.5,0.015129490392648286,0.0,
held_out_both,held_out_both/A549__fold0,per_drug_mean_delta,direction_acc_de,absolute,full_pseudobulk,0.9912365106294476,0.010178668825818304,132.0,190,58.0,0.9894403781771067,0.9928252334107186,0.0,1.9469409733213798,True,global_mean_delta,0.9912365106294476,0.9964645421749824,1.0,0.0
held_out_both,held_out_both/A549__fold0,per_drug_mean_delta,direction_acc_de,absolute,replicate_half,0.9907548184882529,0.010353449403969327,1320.0,190,580.0,0.9901778189286441,0.9913231848213981,0.0,1.813301303534658,True,global_mean_delta,0.9907548184882529,0.9964645421749824,1.0,0.0
held_out_both,held_out_both/A549__fold0,per_drug_mean_delta,direction_acc_de,delta,full_pseudobulk,0.5959633443632749,0.16119148155733612,132.0,190,58.0,0.5684907668391915,0.6258426951463737,0.0,0.4453233529597412,True,global_mean_delta,0.5959633443632749,0.9579283760329893,1.0,0.0
held_out_both,held_out_both/A549__fold0,per_drug_mean_delta,direction_acc_de,delta,replicate_half,0.5979177467838533,0.15896349932846204,1320.0,190,580.0,0.5896063043967096,0.6058156036743109,0.0,0.441552238776971,True,global_mean_delta,0.5979177467838533,0.9579283760329893,1.0,0.0
held_out_both,held_out_both/A549__fold0,per_drug_mean_delta,mae,absolute,full_pseudobulk,0.024755130103047952,0.007726393126518718,190.0,190,0.0,0.02370065101396424,0.0259165374063581,,,False,no_change,0.023842058953158538,0.027933470802083353,1.0,0.0
held_out_both,held_out_both/A549__fold0,per_drug_mean_delta,mae,absolute,replicate_half,0.028689769727765387,0.007723214867901991,1900.0,190,0.0,0.02833867525532761,0.02903933030773173,-112.5933184705996,1159.9984824985738,True,no_change,0.027940128754644866,0.027933470802083353,1.0,0.0
held_out_both,held_out_both/A549__fold0,per_drug_mean_delta,mae,delta,full_pseudobulk,0.024755130103047952,0.007726393126518718,190.0,190,0.0,0.02361827157553628,0.025848362102860928,,,False,no_change,0.023842058953158538,0.027933470802083353,1.0,0.0
held_out_both,held_out_both/A549__fold0,per_drug_mean_delta,mae,delta,replicate_half,0.028689769727765387,0.007723214867901991,1900.0,190,0.0,0.028388943174447463,0.029049801555892887,-112.5933184705996,1159.9984824985738,True,no_change,0.027940128754644866,0.027933470802083353,1.0,0.0
held_out_both,held_out_both/A549__fold0,per_drug_mean_delta,pearson_r,absolute,full_pseudobulk,0.98481687434159,0.014886047399786608,190.0,190,0.0,0.9826684642487359,0.986561032952187,0.0,25.281076045420154,True,global_mean_delta,0.98481687434159,0.985405696090041,1.0,0.0
held_out_both,held_out_both/A549__fold0,per_drug_mean_delta,pearson_r,absolute,replicate_half,0.9812934446753626,0.015530603018608306,1900.0,190,0.0,0.9805819041146044,0.9819440572559607,0.0,3.776666709426576,True,global_mean_delta,0.9812934446753626,0.985405696090041,1.0,0.0
held_out_both,held_out_both/A549__fold0,per_drug_mean_delta,pearson_r,delta,full_pseudobulk,0.13816140395693127,0.13127478753350894,190.0,190,0.0,0.1195788263967867,0.15606140358430354,0.0,0.3418233129955349,True,global_mean_delta,0.13816140395693127,0.5222042194778952,1.0,0.0
held_out_both,held_out_both/A549__fold0,per_drug_mean_delta,pearson_r,delta,replicate_half,0.12533047343767875,0.12096249234317726,1900.0,190,0.0,0.11992591154684076,0.13110923495930388,0.0,0.30478834528631116,True,global_mean_delta,0.12533047343767875,0.5222042194778952,1.0,0.0
held_out_both,held_out_both/A549__fold0,per_drug_mean_delta,pearson_r_de,absolute,full_pseudobulk,0.955790254418639,0.17578687398315507,132.0,190,58.0,0.9219571531029387,0.9755587923717706,0.0,4.943428836404826,True,global_mean_delta,0.955790254418639,0.9913499599996337,1.0,0.0
held_out_both,held_out_both/A549__fold0,per_drug_mean_delta,pearson_r_de,absolute,replicate_half,0.9537367422129709,0.1752732452612207,1320.0,190,580.0,0.9439268747506075,0.9632197823092916,0.0,4.65988435914596,True,global_mean_delta,0.9537367422129709,0.9913499599996337,1.0,0.0
held_out_both,held_out_both/A549__fold0,per_drug_mean_delta,pearson_r_de,delta,full_pseudobulk,0.3481060023182498,0.3310150303850152,132.0,190,58.0,0.28989012433532485,0.4043610261753904,0.0,0.6973843199709794,True,global_mean_delta,0.3481060023182498,0.8227582434222509,1.0,0.0
held_out_both,held_out_both/A549__fold0,per_drug_mean_delta,pearson_r_de,delta,replicate_half,0.3237543319403439,0.3441222528527824,1320.0,190,580.0,0.30721812692852757,0.3404103659684756,0.0,0.6896183475412692,True,global_mean_delta,0.3237543319403439,0.8227582434222509,1.0,0.0
held_out_both,held_out_both/A549__fold0,per_drug_mean_delta,pert_discrimination,absolute,full_pseudobulk,0.2752715121136174,0.24870460709024617,190.0,190,0.0,0.2414035087719298,0.30893553327763845,0.02842796614784714,0.9727573428685821,True,no_change,0.28253968253968254,0.026869952659426342,1.0,0.0
held_out_both,held_out_both/A549__fold0,per_drug_mean_delta,pert_discrimination,absolute,replicate_half,0.2821693121693122,0.24778099735985082,1900.0,190,0.0,0.27034064327485374,0.29302520189362297,0.022487125081301206,0.9487259017979296,True,no_change,0.28804232804232804,0.026869952659426342,1.0,0.0
held_out_both,held_out_both/A549__fold0,per_drug_mean_delta,pert_discrimination,delta,full_pseudobulk,0.5000000000000001,0.2909652048709311,190.0,190,0.0,0.45895293790030633,0.5389327485380117,-2.2897309748209176e-16,0.6000884753881088,True,no_change,0.5,0.015129490392648286,1.0,0.0
held_out_both,held_out_both/A549__fold0,per_drug_mean_delta,pert_discrimination,delta,replicate_half,0.5,0.29027489499004316,1900.0,190,0.0,0.4867472848788638,0.515032999164578,-0.0,0.5986647759318418,True,no_change,0.5,0.015129490392648286,1.0,0.0
held_out_both,held_out_both/A549__fold0,ridge_no_drug,direction_acc_de,absolute,full_pseudobulk,0.9329523032711016,0.05693361215547998,132.0,190,58.0,0.9225872644641764,0.9419995886216443,-11.148403916599635,10.890066683722834,True,global_mean_delta,0.9912365106294476,0.9964645421749824,0.0,
held_out_both,held_out_both/A549__fold0,ridge_no_drug,direction_acc_de,absolute,replicate_half,0.9323579594636113,0.05689046729531108,1320.0,190,580.0,0.9293309196203591,0.9352893194836207,-10.227615595543973,9.963786413611475,True,global_mean_delta,0.9907548184882529,0.9964645421749824,0.0,
held_out_both,held_out_both/A549__fold0,ridge_no_drug,direction_acc_de,delta,full_pseudobulk,0.5847338350114656,0.1690636798996132,132.0,190,58.0,0.5544693301793354,0.6138429407948844,-0.03102374088460574,0.4670718580735178,True,global_mean_delta,0.5959633443632749,0.9579283760329893,0.0,
held_out_both,held_out_both/A549__fold0,ridge_no_drug,direction_acc_de,delta,replicate_half,0.5815843367167686,0.1682246356266051,1320.0,190,580.0,0.5718900431517759,0.5902920970023432,-0.045369243961354444,0.46727685784574335,True,global_mean_delta,0.5979177467838533,0.9579283760329893,0.0,
held_out_both,held_out_both/A549__fold0,ridge_no_drug,mae,absolute,full_pseudobulk,0.06959072407612557,0.005146611606860193,190.0,190,0.0,0.06890377573652068,0.07032790842136502,,,False,no_change,0.023842058953158538,0.027933470802083353,0.0,
held_out_both,held_out_both/A549__fold0,ridge_no_drug,mae,absolute,replicate_half,0.0713666064364962,0.00512100496664951,1900.0,190,0.0,0.07113889622064437,0.0715811372860165,-6522.497311393589,769.156121095306,True,no_change,0.027940128754644866,0.027933470802083353,0.0,
held_out_both,held_out_both/A549__fold0,ridge_no_drug,mae,delta,full_pseudobulk,0.06959072407612557,0.005146611606860193,190.0,190,0.0,0.06892061350782848,0.07029397173087504,,,False,no_change,0.023842058953158538,0.027933470802083353,0.0,
held_out_both,held_out_both/A549__fold0,ridge_no_drug,mae,delta,replicate_half,0.0713666064364962,0.00512100496664951,1900.0,190,0.0,0.07113172443226806,0.07160601196634102,-6522.497311393589,769.156121095306,True,no_change,0.027940128754644866,0.027933470802083353,0.0,
held_out_both,held_out_both/A549__fold0,ridge_no_drug,pearson_r,absolute,full_pseudobulk,0.9246266175856964,0.015156654530774817,190.0,190,0.0,0.9223743995458401,0.9266427151864679,-102.22152444986331,25.740649985581324,True,global_mean_delta,0.98481687434159,0.985405696090041,0.0,
held_out_both,held_out_both/A549__fold0,ridge_no_drug,pearson_r,absolute,replicate_half,0.9213012116966437,0.01556147698176141,1900.0,190,0.0,0.9206420483535965,0.922002090858322,-14.588658846241877,3.7841745099085453,True,global_mean_delta,0.9812934446753626,0.985405696090041,0.0,
held_out_both,held_out_both/A549__fold0,ridge_no_drug,pearson_r,delta,full_pseudobulk,0.012838837013937343,0.06632447673670465,190.0,190,0.0,0.0032732038810487072,0.02195165837311781,-0.32632446664310244,0.17270073558525967,True,global_mean_delta,0.13816140395693127,0.5222042194778952,0.0,
held_out_both,held_out_both/A549__fold0,ridge_no_drug,pearson_r,delta,replicate_half,0.010991160451370562,0.060982402661747814,1900.0,190,0.0,0.008170647180233815,0.013589057956626223,-0.2880999666194141,0.1536569331435904,True,global_mean_delta,0.12533047343767875,0.5222042194778952,0.0,
held_out_both,held_out_both/A549__fold0,ridge_no_drug,pearson_r_de,absolute,full_pseudobulk,0.9176508191784554,0.17942336181328924,132.0,190,58.0,0.8795351660208486,0.9394552977955624,-1.0725464290842612,5.045693120394785,True,global_mean_delta,0.955790254418639,0.9913499599996337,0.0,
held_out_both,held_out_both/A549__fold0,ridge_no_drug,pearson_r_de,absolute,replicate_half,0.9156633766969924,0.17917609008529364,1320.0,190,580.0,0.9052116598445439,0.9251083131570356,-1.012233670937849,4.763646947239575,True,global_mean_delta,0.9537367422129709,0.9913499599996337,0.0,
held_out_both,held_out_both/A549__fold0,ridge_no_drug,pearson_r_de,delta,full_pseudobulk,-0.027188020527821634,0.3783602400368104,132.0,190,58.0,-0.09024817051754522,0.038350509866541926,-0.7906715492866296,0.7971314728374111,True,global_mean_delta,0.3481060023182498,0.8227582434222509,0.0,
held_out_both,held_out_both/A549__fold0,ridge_no_drug,pearson_r_de,delta,replicate_half,-0.03468311146326981,0.3739488257534274,1320.0,190,580.0,-0.05565957492810342,-0.015589957031828064,-0.7183058792848962,0.7493905701919256,True,global_mean_delta,0.3237543319403439,0.8227582434222509,0.0,
held_out_both,held_out_both/A549__fold0,ridge_no_drug,pert_discrimination,absolute,full_pseudobulk,0.30013923698134226,0.24874358390797577,190.0,190,0.0,0.2653968253968254,0.33555068226120854,-0.06883706745379102,0.9729097927411104,True,no_change,0.28253968253968254,0.026869952659426342,0.0,
held_out_both,held_out_both/A549__fold0,ridge_no_drug,pert_discrimination,absolute,replicate_half,0.30166248955722635,0.24871232917033445,1900.0,190,0.0,0.29036417432470063,0.31310540239487605,-0.052150084766545285,0.9522918677968918,True,no_change,0.28804232804232804,0.026869952659426342,0.0,
held_out_both,held_out_both/A549__fold0,ridge_no_drug,pert_discrimination,delta,full_pseudobulk,0.4984683932052353,0.29392665912672805,190.0,190,0.0,0.4586737677527151,0.5383528265107212,0.0031587955225509854,0.6061961973409147,True,no_change,0.5,0.015129490392648286,0.0,
held_out_both,held_out_both/A549__fold0,ridge_no_drug,pert_discrimination,delta,replicate_half,0.4986494012809802,0.29298900038509623,1900.0,190,0.0,0.4839392230576441,0.5112476329713171,0.0027854833244313816,0.6042623640327369,True,no_change,0.5,0.015129490392648286,0.0,
held_out_both,held_out_both/A549__fold1,ceiling,direction_acc_de,absolute,full_pseudobulk,0.9950575550349374,0.012464956403421518,650.0,128,630.0,0.9941413030872108,0.9960128482031443,1.0,3.1539791647891384,True,global_mean_delta,0.9911054184632759,0.9950575550349374,,
held_out_both,held_out_both/A549__fold1,ceiling,direction_acc_de,absolute,replicate_half,0.9950575550349374,0.012464956403421518,650.0,128,630.0,0.994007640413661,0.9960252579940524,1.0,2.3969378497239884,True,global_mean_delta,0.9898571880730419,0.9950575550349374,,
held_out_both,held_out_both/A549__fold1,ceiling,direction_acc_de,delta,full_pseudobulk,0.9917637521905733,0.021118355314924207,650.0,128,630.0,0.9900412425067974,0.9933749041122274,1.0,0.06505163689907224,True,global_mean_delta,0.6671238765224271,0.9917637521905733,,
held_out_both,held_out_both/A549__fold1,ceiling,direction_acc_de,delta,replicate_half,0.9917637521905733,0.021118355314924207,650.0,128,630.0,0.9902060657143238,0.9933198139024995,1.0,0.06500072211503029,True,global_mean_delta,0.6668695875141942,0.9917637521905733,,
held_out_both,held_out_both/A549__fold1,ceiling,mae,absolute,full_pseudobulk,0.029469607653532924,0.007113391133280764,1280.0,128,0.0,0.029094524653352966,0.029896319719786187,,,False,no_change,0.023169107935261564,0.029469607653532924,,
held_out_both,held_out_both/A549__fold1,ceiling,mae,absolute,replicate_half,0.029469607653532924,0.007113391133280764,1280.0,128,0.0,0.029067124590043725,0.029884496138765038,,,False,no_change,0.027721735575858008,0.029469607653532924,,
held_out_both,held_out_both/A549__fold1,ceiling,mae,delta,full_pseudobulk,0.029469607653532924,0.007113391133280764,1280.0,128,0.0,0.029083756715029312,0.029842484371796672,,,False,no_change,0.023169107935261564,0.029469607653532924,,
held_out_both,held_out_both/A549__fold1,ceiling,mae,delta,replicate_half,0.029469607653532924,0.007113391133280764,1280.0,128,0.0,0.029083528639277722,0.02988026434249083,,,False,no_change,0.027721735575858008,0.029469607653532924,,
held_out_both,held_out_both/A549__fold1,ceiling,pearson_r,absolute,full_pseudobulk,0.9832243696086082,0.008960212443929406,1280.0,128,0.0,0.9827523749054187,0.9837386542282307,,,False,global_mean_delta,0.984259244866938,0.9832243696086082,,
held_out_both,held_out_both/A549__fold1,ceiling,pearson_r,absolute,replicate_half,0.9832243696086082,0.008960212443929406,1280.0,128,0.0,0.9826897594047656,0.9837082373588735,1.0,2.9708131598038445,True,global_mean_delta,0.9802082888381429,0.9832243696086082,,
held_out_both,held_out_both/A549__fold1,ceiling,pearson_r,delta,full_pseudobulk,0.4196831746514653,0.1950061043806551,1280.0,128,0.0,0.40841411852942044,0.42986280658281256,1.0,0.5576162095330732,True,global_mean_delta,0.06996933734399918,0.4196831746514653,,
held_out_both,held_out_both/A549__fold1,ceiling,pearson_r,delta,replicate_half,0.4196831746514653,0.1950061043806551,1280.0,128,0.0,0.4096469928642286,0.4308360522193851,1.0,0.5490397944423244,True,global_mean_delta,0.06450654382322377,0.4196831746514653,,
held_out_both,held_out_both/A549__fold1,ceiling,pearson_r_de,absolute,full_pseudobulk,0.9902785952471929,0.014647271666337502,650.0,128,630.0,0.9890857882869434,0.991350906527834,1.0,0.42164030553343984,True,global_mean_delta,0.9555398108517911,0.9902785952471929,,
held_out_both,held_out_both/A549__fold1,ceiling,pearson_r_de,absolute,replicate_half,0.9902785952471929,0.014647271666337502,650.0,128,630.0,0.9891742280512161,0.9913146519216633,1.0,0.396542405543003,True,global_mean_delta,0.9533411291361464,0.9902785952471929,,
held_out_both,held_out_both/A549__fold1,ceiling,pearson_r_de,delta,full_pseudobulk,0.7945761035893656,0.3499260925155873,650.0,128,630.0,0.7664919988632858,0.8202916752874055,1.0,0.5834530285295849,True,global_mean_delta,0.19482586594389625,0.7945761035893656,,
held_out_both,held_out_both/A549__fold1,ceiling,pearson_r_de,delta,replicate_half,0.7945761035893656,0.3499260925155873,650.0,128,630.0,0.765468954211815,0.8215875293068259,1.0,0.5821223313941745,True,global_mean_delta,0.1934548724599578,0.7945761035893656,,
held_out_both,held_out_both/A549__fold1,ceiling,pert_discrimination,absolute,full_pseudobulk,0.07444020669291337,0.12984578125265758,1280.0,128,0.0,0.06765348179133858,0.08208907480314959,1.0,0.4549177827201452,True,no_change,0.35986712598425197,0.07444020669291337,,
held_out_both,held_out_both/A549__fold1,ceiling,pert_discrimination,absolute,replicate_half,0.07444020669291337,0.12984578125265758,1280.0,128,0.0,0.06733483021653543,0.08151159571850394,1.0,0.43876629597422445,True,no_change,0.37037401574803147,0.07444020669291337,,
held_out_both,held_out_both/A549__fold1,ceiling,pert_discrimination,delta,full_pseudobulk,0.035236220472440946,0.0644704721289291,1280.0,128,0.0,0.031754429133858265,0.03888487327755906,1.0,0.13871664481785678,True,no_change,0.5,0.035236220472440946,,
held_out_both,held_out_both/A549__fold1,ceiling,pert_discrimination,delta,replicate_half,0.035236220472440946,0.0644704721289291,1280.0,128,0.0,0.03177749753937008,0.03894577386811024,1.0,0.13871664481785678,True,no_change,0.5,0.035236220472440946,,
held_out_both,held_out_both/A549__fold1,global_mean_delta,direction_acc_de,absolute,full_pseudobulk,0.9911054184632759,0.015973312915611826,65.0,128,63.0,0.9871613112815008,0.9947668184122572,0.0,4.041690520046121,True,global_mean_delta,0.9911054184632759,0.9950575550349374,0.0,
held_out_both,held_out_both/A549__fold1,global_mean_delta,direction_acc_de,absolute,replicate_half,0.9898571880730419,0.018067569277388555,650.0,128,630.0,0.9885433309771322,0.9911464274164015,0.0,3.47428737429002,True,global_mean_delta,0.9898571880730419,0.9950575550349374,0.0,
held_out_both,held_out_both/A549__fold1,global_mean_delta,direction_acc_de,delta,full_pseudobulk,0.6671238765224271,0.25938499359058975,65.0,128,63.0,0.6062733351101989,0.7261013427085353,0.0,0.7989930166673012,True,global_mean_delta,0.6671238765224271,0.9917637521905733,0.0,
held_out_both,held_out_both/A549__fold1,global_mean_delta,direction_acc_de,delta,replicate_half,0.6668695875141942,0.2576012702192814,650.0,128,630.0,0.647698802409232,0.6875468417269439,0.0,0.792877491277423,True,global_mean_delta,0.6668695875141942,0.9917637521905733,0.0,
held_out_both,held_out_both/A549__fold1,global_mean_delta,mae,absolute,full_pseudobulk,0.024281110456289143,0.010441100399930452,128.0,128,0.0,0.02254651035160037,0.026123248041448624,,,False,no_change,0.023169107935261564,0.029469607653532924,0.0,
held_out_both,held_out_both/A549__fold1,global_mean_delta,mae,absolute,replicate_half,0.02864121976136643,0.010729719778802077,1280.0,128,0.0,0.028091969394376453,0.029271108105025933,,,False,no_change,0.027721735575858008,0.029469607653532924,0.0,
held_out_both,held_out_both/A549__fold1,global_mean_delta,mae,delta,full_pseudobulk,0.024281110456289143,0.010441100399930452,128.0,128,0.0,0.022570737034060474,0.02613861270630416,,,False,no_change,0.023169107935261564,0.029469607653532924,0.0,
held_out_both,held_out_both/A549__fold1,global_mean_delta,mae,delta,replicate_half,0.02864121976136643,0.010729719778802077,1280.0,128,0.0,0.02806198820608003,0.029267046516318455,,,False,no_change,0.027721735575858008,0.029469607653532924,0.0,
held_out_both,held_out_both/A549__fold1,global_mean_delta,pearson_r,absolute,full_pseudobulk,0.984259244866938,0.020886507870840797,128.0,128,0.0,0.9800819567853221,0.9877071262720741,,,False,global_mean_delta,0.984259244866938,0.9832243696086082,0.0,
held_out_both,held_out_both/A549__fold1,global_mean_delta,pearson_r,absolute,replicate_half,0.9802082888381429,0.022059303199235214,1280.0,128,0.0,0.9789964648783915,0.9813801480965875,0.0,7.313896701722817,True,global_mean_delta,0.9802082888381429,0.9832243696086082,0.0,
held_out_both,held_out_both/A549__fold1,global_mean_delta,pearson_r,delta,full_pseudobulk,0.06996933734399918,0.1552039598580763,128.0,128,0.0,0.04491201493292511,0.09677780032640516,0.0,0.44380274184467566,True,global_mean_delta,0.06996933734399918,0.4196831746514653,0.0,
held_out_both,held_out_both/A549__fold1,global_mean_delta,pearson_r,delta,replicate_half,0.06450654382322377,0.13929973558439315,1280.0,128,0.0,0.05699640190555076,0.07247788922222374,0.0,0.3921984823707519,True,global_mean_delta,0.06450654382322377,0.4196831746514653,0.0,
held_out_both,held_out_both/A549__fold1,global_mean_delta,pearson_r_de,absolute,full_pseudobulk,0.9555398108517911,0.0680047466558977,65.0,128,63.0,0.9383561624850967,0.9708441570827828,0.0,1.957602945510643,True,global_mean_delta,0.9555398108517911,0.9902785952471929,0.0,
held_out_both,held_out_both/A549__fold1,global_mean_delta,pearson_r_de,absolute,replicate_half,0.9533411291361464,0.06935327074265006,650.0,128,630.0,0.9478917388730024,0.9586670287767434,0.0,1.8775860405299825,True,global_mean_delta,0.9533411291361464,0.9902785952471929,0.0,
held_out_both,held_out_both/A549__fold1,global_mean_delta,pearson_r_de,delta,full_pseudobulk,0.19482586594389625,0.5392930011802024,65.0,128,63.0,0.06482156344135635,0.3133836563821093,0.0,0.899195977474535,True,global_mean_delta,0.19482586594389625,0.7945761035893656,0.0,
held_out_both,held_out_both/A549__fold1,global_mean_delta,pearson_r_de,delta,replicate_half,0.1934548724599578,0.5338454764517341,650.0,128,630.0,0.15068370790506663,0.23579392081141792,0.0,0.8880828837948817,True,global_mean_delta,0.1934548724599578,0.7945761035893656,0.0,
held_out_both,held_out_both/A549__fold1,global_mean_delta,pert_discrimination,absolute,full_pseudobulk,0.35906742125984253,0.30644980056907634,128.0,128,0.0,0.3083722933070866,0.40932732529527555,0.0028017845212180764,1.0736541645403792,True,no_change,0.35986712598425197,0.07444020669291337,0.0,
held_out_both,held_out_both/A549__fold1,global_mean_delta,pert_discrimination,absolute,replicate_half,0.3696727362204724,0.3068313809717739,1280.0,128,0.0,0.35281619094488187,0.38570127952755906,0.002369717504729028,1.0368243559309782,True,no_change,0.37037401574803147,0.07444020669291337,0.0,
held_out_both,held_out_both/A549__fold1,global_mean_delta,pert_discrimination,delta,full_pseudobulk,0.4999999999999999,0.2920824722990773,128.0,128,0.0,0.44949403297244095,0.5484159694881889,2.388789904741972e-16,0.6284536040996666,True,no_change,0.5,0.035236220472440946,0.0,
held_out_both,held_out_both/A549__fold1,global_mean_delta,pert_discrimination,delta,replicate_half,0.5,0.29105300277523805,1280.0,128,0.0,0.484476500984252,0.5153735543799213,-0.0,0.6262385659035195,True,no_change,0.5,0.035236220472440946,0.0,
held_out_both,held_out_both/A549__fold1,nearest_context,direction_acc_de,absolute,full_pseudobulk,0.9911054184632759,0.015973312915611826,65.0,128,63.0,0.9867917052776022,0.994727654851471,0.0,4.041690520046121,True,global_mean_delta,0.9911054184632759,0.9950575550349374,1.0,0.0
held_out_both,held_out_both/A549__fold1,nearest_context,direction_acc_de,absolute,replicate_half,0.9898571880730419,0.018067569277388555,650.0,128,630.0,0.9885276276458539,0.9912400774232039,0.0,3.47428737429002,True,global_mean_delta,0.9898571880730419,0.9950575550349374,1.0,0.0
held_out_both,held_out_both/A549__fold1,nearest_context,direction_acc_de,delta,full_pseudobulk,0.6671238765224271,0.25938499359058975,65.0,128,63.0,0.6017311287314184,0.7269879627302054,0.0,0.7989930166673012,True,global_mean_delta,0.6671238765224271,0.9917637521905733,1.0,0.0
held_out_both,held_out_both/A549__fold1,nearest_context,direction_acc_de,delta,replicate_half,0.6668695875141942,0.2576012702192814,650.0,128,630.0,0.6468094924369724,0.6861733503809286,0.0,0.792877491277423,True,global_mean_delta,0.6668695875141942,0.9917637521905733,1.0,0.0
held_out_both,held_out_both/A549__fold1,nearest_context,mae,absolute,full_pseudobulk,0.024281110456289143,0.010441100399930452,128.0,128,0.0,0.022622818838607117,0.02613348547355764,,,False,no_change,0.023169107935261564,0.029469607653532924,1.0,0.0
held_out_both,held_out_both/A549__fold1,nearest_context,mae,absolute,replicate_half,0.02864121976136643,0.010729719778802077,1280.0,128,0.0,0.028063061796501573,0.029203312680977908,,,False,no_change,0.027721735575858008,0.029469607653532924,1.0,0.0
held_out_both,held_out_both/A549__fold1,nearest_context,mae,delta,full_pseudobulk,0.024281110456289143,0.010441100399930452,128.0,128,0.0,0.02263473713924279,0.026200164908264403,,,False,no_change,0.023169107935261564,0.029469607653532924,1.0,0.0
held_out_both,held_out_both/A549__fold1,nearest_context,mae,delta,replicate_half,0.02864121976136643,0.010729719778802077,1280.0,128,0.0,0.028044770830409623,0.029206740931307203,,,False,no_change,0.027721735575858008,0.029469607653532924,1.0,0.0
held_out_both,held_out_both/A549__fold1,nearest_context,pearson_r,absolute,full_pseudobulk,0.984259244866938,0.020886507870840797,128.0,128,0.0,0.9804557956853892,0.9874489299358196,,,False,global_mean_delta,0.984259244866938,0.9832243696086082,1.0,0.0
held_out_both,held_out_both/A549__fold1,nearest_context,pearson_r,absolute,replicate_half,0.9802082888381429,0.022059303199235214,1280.0,128,0.0,0.978897103158755,0.9814372261822708,0.0,7.313896701722817,True,global_mean_delta,0.9802082888381429,0.9832243696086082,1.0,0.0
held_out_both,held_out_both/A549__fold1,nearest_context,pearson_r,delta,full_pseudobulk,0.06996933734399918,0.1552039598580763,128.0,128,0.0,0.04427280067079861,0.10056703996620377,0.0,0.44380274184467566,True,global_mean_delta,0.06996933734399918,0.4196831746514653,1.0,0.0
held_out_both,held_out_both/A549__fold1,nearest_context,pearson_r,delta,replicate_half,0.06450654382322377,0.13929973558439315,1280.0,128,0.0,0.05647633102049256,0.07221132929731536,0.0,0.3921984823707519,True,global_mean_delta,0.06450654382322377,0.4196831746514653,1.0,0.0
held_out_both,held_out_both/A549__fold1,nearest_context,pearson_r_de,absolute,full_pseudobulk,0.9555398108517911,0.0680047466558977,65.0,128,63.0,0.9391486859734128,0.971810111188032,0.0,1.957602945510643,True,global_mean_delta,0.9555398108517911,0.9902785952471929,1.0,0.0
held_out_both,held_out_both/A549__fold1,nearest_context,pearson_r_de,absolute,replicate_half,0.9533411291361464,0.06935327074265006,650.0,128,630.0,0.9477587640105583,0.9585801859816243,0.0,1.8775860405299825,True,global_mean_delta,0.9533411291361464,0.9902785952471929,1.0,0.0
held_out_both,held_out_both/A549__fold1,nearest_context,pearson_r_de,delta,full_pseudobulk,0.19482586594389625,0.5392930011802024,65.0,128,63.0,0.07366770647182246,0.3305038242651201,0.0,0.899195977474535,True,global_mean_delta,0.19482586594389625,0.7945761035893656,1.0,0.0
held_out_both,held_out_both/A549__fold1,nearest_context,pearson_r_de,delta,replicate_half,0.1934548724599578,0.5338454764517341,650.0,128,630.0,0.15296355713993043,0.23454102804150392,0.0,0.8880828837948817,True,global_mean_delta,0.1934548724599578,0.7945761035893656,1.0,0.0
held_out_both,held_out_both/A549__fold1,nearest_context,pert_discrimination,absolute,full_pseudobulk,0.35906742125984253,0.30644980056907634,128.0,128,0.0,0.30437992125984253,0.41369648129921255,0.0028017845212180764,1.0736541645403792,True,no_change,0.35986712598425197,0.07444020669291337,1.0,0.0
held_out_both,held_out_both/A549__fold1,nearest_context,pert_discrimination,absolute,replicate_half,0.3696727362204724,0.3068313809717739,1280.0,128,0.0,0.3531182332677166,0.3864851439468504,0.002369717504729028,1.0368243559309782,True,no_change,0.37037401574803147,0.07444020669291337,1.0,0.0
held_out_both,held_out_both/A549__fold1,nearest_context,pert_discrimination,delta,full_pseudobulk,0.4999999999999999,0.2920824722990773,128.0,128,0.0,0.44641209399606296,0.5489050196850394,2.388789904741972e-16,0.6284536040996666,True,no_change,0.5,0.035236220472440946,1.0,0.0
held_out_both,held_out_both/A549__fold1,nearest_context,pert_discrimination,delta,replicate_half,0.5,0.29105300277523805,1280.0,128,0.0,0.4847425565944881,0.5157005105807086,-0.0,0.6262385659035195,True,no_change,0.5,0.035236220472440946,1.0,0.0
held_out_both,held_out_both/A549__fold1,no_change,direction_acc_de,absolute,full_pseudobulk,0.9957218415594381,0.01098384044758219,65.0,128,63.0,0.9928384881378215,0.9981141747901545,1.168082886928528,2.7792158110984886,True,global_mean_delta,0.9911054184632759,0.9950575550349374,0.0,
held_out_both,held_out_both/A549__fold1,no_change,direction_acc_de,absolute,replicate_half,0.9948527413995166,0.01291338840048471,650.0,128,630.0,0.993858641524067,0.9957989020904513,0.9606155417643559,2.4831686869608554,True,global_mean_delta,0.9898571880730419,0.9950575550349374,0.0,
held_out_both,held_out_both/A549__fold1,no_change,direction_acc_de,delta,full_pseudobulk,0.0,0.0,65.0,128,63.0,0.0,0.0,-2.0549659069127273,0.0,True,global_mean_delta,0.6671238765224271,0.9917637521905733,0.0,
held_out_both,held_out_both/A549__fold1,no_change,direction_acc_de,delta,replicate_half,0.0004233223839045119,0.0019518911316901853,650.0,128,630.0,0.00027965983245522804,0.0005902268920844016,-2.0512718835505224,0.00600777528163495,True,global_mean_delta,0.6668695875141942,0.9917637521905733,0.0,
held_out_both,held_out_both/A549__fold1,no_change,mae,absolute,full_pseudobulk,0.023169107935261564,0.011134153726840637,128.0,128,0.0,0.021387286885149404,0.025178560957829044,,,False,no_change,0.023169107935261564,0.029469607653532924,0.0,
held_out_both,held_out_both/A549__fold1,no_change,mae,absolute,replicate_half,0.027721735575858008,0.011340995011115754,1280.0,128,0.0,0.02710439302010653,0.02836010612762657,,,False,no_change,0.027721735575858008,0.029469607653532924,0.0,
held_out_both,held_out_both/A549__fold1,no_change,mae,delta,full_pseudobulk,0.023169107935261564,0.011134153726840637,128.0,128,0.0,0.021358877345958798,0.025122372135067333,,,False,no_change,0.023169107935261564,0.029469607653532924,0.0,
held_out_both,held_out_both/A549__fold1,no_change,mae,delta,replicate_half,0.027721735575858008,0.011340995011115754,1280.0,128,0.0,0.02708122029967823,0.028405659979464003,,,False,no_change,0.027721735575858008,0.029469607653532924,0.0,
held_out_both,held_out_both/A549__fold1,no_change,pearson_r,absolute,full_pseudobulk,0.9843882343829603,0.021954299860117543,128.0,128,0.0,0.9804400844510391,0.9878829566805051,,,False,global_mean_delta,0.984259244866938,0.9832243696086082,0.0,
held_out_both,held_out_both/A549__fold1,no_change,pearson_r,absolute,replicate_half,0.9803344043865405,0.023088977152214377,1280.0,128,0.0,0.9790300406450387,0.9814643843663987,0.041814380315197686,7.655291389511745,True,global_mean_delta,0.9802082888381429,0.9832243696086082,0.0,
held_out_both,held_out_both/A549__fold1,no_change,pearson_r,delta,full_pseudobulk,,,0.0,128,128.0,,,,,True,global_mean_delta,0.06996933734399918,0.4196831746514653,0.0,
held_out_both,held_out_both/A549__fold1,no_change,pearson_r,delta,replicate_half,,,0.0,128,1280.0,,,,,True,global_mean_delta,0.06450654382322377,0.4196831746514653,0.0,
held_out_both,held_out_both/A549__fold1,no_change,pearson_r_de,absolute,full_pseudobulk,0.9522312977684504,0.0714686472744313,65.0,128,63.0,0.9330098457658047,0.9675847772245012,-0.09523974833669231,2.057315721268913,True,global_mean_delta,0.9555398108517911,0.9902785952471929,0.0,
held_out_both,held_out_both/A549__fold1,no_change,pearson_r_de,absolute,replicate_half,0.9499008976116677,0.07304681416165403,650.0,128,630.0,0.9438567892398931,0.9552217329492789,-0.09313664110408136,1.9775805395543586,True,global_mean_delta,0.9533411291361464,0.9902785952471929,0.0,
held_out_both,held_out_both/A549__fold1,no_change,pearson_r_de,delta,full_pseudobulk,,,0.0,128,128.0,,,,,True,global_mean_delta,0.19482586594389625,0.7945761035893656,0.0,
held_out_both,held_out_both/A549__fold1,no_change,pearson_r_de,delta,replicate_half,,,0.0,128,1280.0,,,,,True,global_mean_delta,0.1934548724599578,0.7945761035893656,0.0,
held_out_both,held_out_both/A549__fold1,no_change,pert_discrimination,absolute,full_pseudobulk,0.35986712598425197,0.3108579581342884,128.0,128,0.0,0.30985328494094483,0.41622170275590553,-0.0,1.0890982494086063,True,no_change,0.35986712598425197,0.07444020669291337,0.0,
held_out_both,held_out_both/A549__fold1,no_change,pert_discrimination,absolute,replicate_half,0.37037401574803147,0.30931183565457837,1280.0,128,0.0,0.3538047490157481,0.3858243110236221,-0.0,1.0452061447192353,True,no_change,0.37037401574803147,0.07444020669291337,0.0,
held_out_both,held_out_both/A549__fold1,no_change,pert_discrimination,delta,full_pseudobulk,0.5,0.2920824722990773,128.0,128,0.0,0.45236681840551174,0.5487235482283465,-0.0,0.6284536040996666,True,no_change,0.5,0.035236220472440946,0.0,
held_out_both,held_out_both/A549__fold1,no_change,pert_discrimination,delta,replicate_half,0.5,0.29105300277523805,1280.0,128,0.0,0.48373754306102357,0.5160416154035433,-0.0,0.6262385659035195,True,no_change,0.5,0.035236220472440946,0.0,
held_out_both,held_out_both/A549__fold1,per_drug_mean_delta,direction_acc_de,absolute,full_pseudobulk,0.9911054184632759,0.015973312915611826,65.0,128,63.0,0.987135125208302,0.9944870053220829,0.0,4.041690520046121,True,global_mean_delta,0.9911054184632759,0.9950575550349374,1.0,0.0
held_out_both,held_out_both/A549__fold1,per_drug_mean_delta,direction_acc_de,absolute,replicate_half,0.9898571880730419,0.018067569277388555,650.0,128,630.0,0.9885293190442893,0.9911753852466944,0.0,3.47428737429002,True,global_mean_delta,0.9898571880730419,0.9950575550349374,1.0,0.0
held_out_both,held_out_both/A549__fold1,per_drug_mean_delta,direction_acc_de,delta,full_pseudobulk,0.6671238765224271,0.25938499359058975,65.0,128,63.0,0.6072982863816886,0.7298216953758779,0.0,0.7989930166673012,True,global_mean_delta,0.6671238765224271,0.9917637521905733,1.0,0.0
held_out_both,held_out_both/A549__fold1,per_drug_mean_delta,direction_acc_de,delta,replicate_half,0.6668695875141942,0.2576012702192814,650.0,128,630.0,0.6469787042725209,0.6855700660776243,0.0,0.792877491277423,True,global_mean_delta,0.6668695875141942,0.9917637521905733,1.0,0.0
held_out_both,held_out_both/A549__fold1,per_drug_mean_delta,mae,absolute,full_pseudobulk,0.024281110456289143,0.010441100399930452,128.0,128,0.0,0.0225239535944811,0.026061474063970542,,,False,no_change,0.023169107935261564,0.029469607653532924,1.0,0.0
held_out_both,held_out_both/A549__fold1,per_drug_mean_delta,mae,absolute,replicate_half,0.02864121976136643,0.010729719778802077,1280.0,128,0.0,0.02807552004163899,0.029215511698863685,,,False,no_change,0.027721735575858008,0.029469607653532924,1.0,0.0
held_out_both,held_out_both/A549__fold1,per_drug_mean_delta,mae,delta,full_pseudobulk,0.024281110456289143,0.010441100399930452,128.0,128,0.0,0.02251349437095269,0.02615689649229713,,,False,no_change,0.023169107935261564,0.029469607653532924,1.0,0.0
held_out_both,held_out_both/A549__fold1,per_drug_mean_delta,mae,delta,replicate_half,0.02864121976136643,0.010729719778802077,1280.0,128,0.0,0.028074824075873715,0.029235997058052667,,,False,no_change,0.027721735575858008,0.029469607653532924,1.0,0.0
held_out_both,held_out_both/A549__fold1,per_drug_mean_delta,pearson_r,absolute,full_pseudobulk,0.984259244866938,0.020886507870840797,128.0,128,0.0,0.9804444882872955,0.9874162911428125,,,False,global_mean_delta,0.984259244866938,0.9832243696086082,1.0,0.0
held_out_both,held_out_both/A549__fold1,per_drug_mean_delta,pearson_r,absolute,replicate_half,0.9802082888381429,0.022059303199235214,1280.0,128,0.0,0.978965729318791,0.9814061777455898,0.0,7.313896701722817,True,global_mean_delta,0.9802082888381429,0.9832243696086082,1.0,0.0
held_out_both,held_out_both/A549__fold1,per_drug_mean_delta,pearson_r,delta,full_pseudobulk,0.06996933734399918,0.1552039598580763,128.0,128,0.0,0.04558945909622089,0.09665718287881782,0.0,0.44380274184467566,True,global_mean_delta,0.06996933734399918,0.4196831746514653,1.0,0.0
held_out_both,held_out_both/A549__fold1,per_drug_mean_delta,pearson_r,delta,replicate_half,0.06450654382322377,0.13929973558439315,1280.0,128,0.0,0.056727005578832784,0.07247829314985457,0.0,0.3921984823707519,True,global_mean_delta,0.06450654382322377,0.4196831746514653,1.0,0.0
held_out_both,held_out_both/A549__fold1,per_drug_mean_delta,pearson_r_de,absolute,full_pseudobulk,0.9555398108517911,0.0680047466558977,65.0,128,63.0,0.9380772514537823,0.9698739414621715,0.0,1.957602945510643,True,global_mean_delta,0.9555398108517911,0.9902785952471929,1.0,0.0
held_out_both,held_out_both/A549__fold1,per_drug_mean_delta,pearson_r_de,absolute,replicate_half,0.9533411291361464,0.06935327074265006,650.0,128,630.0,0.9481397198155577,0.9584559213812902,0.0,1.8775860405299825,True,global_mean_delta,0.9533411291361464,0.9902785952471929,1.0,0.0
held_out_both,held_out_both/A549__fold1,per_drug_mean_delta,pearson_r_de,delta,full_pseudobulk,0.19482586594389625,0.5392930011802024,65.0,128,63.0,0.06857456383646647,0.32183345772258537,0.0,0.899195977474535,True,global_mean_delta,0.19482586594389625,0.7945761035893656,1.0,0.0
held_out_both,held_out_both/A549__fold1,per_drug_mean_delta,pearson_r_de,delta,replicate_half,0.1934548724599578,0.5338454764517341,650.0,128,630.0,0.15015829341333525,0.2367141770367183,0.0,0.8880828837948817,True,global_mean_delta,0.1934548724599578,0.7945761035893656,1.0,0.0
held_out_both,held_out_both/A549__fold1,per_drug_mean_delta,pert_discrimination,absolute,full_pseudobulk,0.35906742125984253,0.30644980056907634,128.0,128,0.0,0.31237696850393704,0.4143101008858267,0.0028017845212180764,1.0736541645403792,True,no_change,0.35986712598425197,0.07444020669291337,1.0,0.0
held_out_both,held_out_both/A549__fold1,per_drug_mean_delta,pert_discrimination,absolute,replicate_half,0.3696727362204724,0.3068313809717739,1280.0,128,0.0,0.3529446050688976,0.38734759473425195,0.002369717504729028,1.0368243559309782,True,no_change,0.37037401574803147,0.07444020669291337,1.0,0.0
held_out_both,held_out_both/A549__fold1,per_drug_mean_delta,pert_discrimination,delta,full_pseudobulk,0.4999999999999999,0.2920824722990773,128.0,128,0.0,0.4498016117125984,0.5476424089566929,2.388789904741972e-16,0.6284536040996666,True,no_change,0.5,0.035236220472440946,1.0,0.0
held_out_both,held_out_both/A549__fold1,per_drug_mean_delta,pert_discrimination,delta,replicate_half,0.5,0.29105300277523805,1280.0,128,0.0,0.4841493909940945,0.5155820927657481,-0.0,0.6262385659035195,True,no_change,0.5,0.035236220472440946,1.0,0.0
held_out_both,held_out_both/A549__fold1,ridge_no_drug,direction_acc_de,absolute,full_pseudobulk,0.965987376206326,0.0472388993947391,65.0,128,63.0,0.9549558232763394,0.9769799346287316,-6.355560290364715,11.952749743888461,True,global_mean_delta,0.9911054184632759,0.9950575550349374,0.0,
held_out_both,held_out_both/A549__fold1,ridge_no_drug,direction_acc_de,absolute,replicate_half,0.9646689602787973,0.04879086177982403,650.0,128,630.0,0.9608183688688672,0.9683915189463332,-4.8435481531986975,9.382195936811332,True,global_mean_delta,0.9898571880730419,0.9950575550349374,0.0,
held_out_both,held_out_both/A549__fold1,ridge_no_drug,direction_acc_de,delta,full_pseudobulk,0.6560134003840548,0.24475483766692196,65.0,128,63.0,0.5984365240649429,0.7181481733865264,-0.03422400318354518,0.7539272160056997,True,global_mean_delta,0.6671238765224271,0.9917637521905733,0.0,
held_out_both,held_out_both/A549__fold1,ridge_no_drug,direction_acc_de,delta,replicate_half,0.6548934449382285,0.24326273903021406,650.0,128,630.0,0.6367045394886004,0.6726332123250378,-0.03686167336337018,0.7487445620099809,True,global_mean_delta,0.6668695875141942,0.9917637521905733,0.0,
held_out_both,held_out_both/A549__fold1,ridge_no_drug,mae,absolute,full_pseudobulk,0.06511411864025923,0.006807463751109751,128.0,128,0.0,0.06401702279483902,0.0663729568862932,,,False,no_change,0.023169107935261564,0.029469607653532924,0.0,
held_out_both,held_out_both/A549__fold1,ridge_no_drug,mae,absolute,replicate_half,0.06725707381362946,0.007172837942317413,1280.0,128,0.0,0.0669028849189177,0.06764982023882192,,,False,no_change,0.027721735575858008,0.029469607653532924,0.0,
held_out_both,held_out_both/A549__fold1,ridge_no_drug,mae,delta,full_pseudobulk,0.06511411864025923,0.006807463751109751,128.0,128,0.0,0.06402309406857909,0.06637525041014768,,,False,no_change,0.023169107935261564,0.029469607653532924,0.0,
held_out_both,held_out_both/A549__fold1,ridge_no_drug,mae,delta,replicate_half,0.06725707381362946,0.007172837942317413,1280.0,128,0.0,0.06690280463200171,0.06766625947098942,,,False,no_change,0.027721735575858008,0.029469607653532924,0.0,
held_out_both,held_out_both/A549__fold1,ridge_no_drug,pearson_r,absolute,full_pseudobulk,0.9297155565877169,0.020363826328167838,128.0,128,0.0,0.9260964212444582,0.9329973167120579,,,False,global_mean_delta,0.984259244866938,0.9832243696086082,0.0,
held_out_both,held_out_both/A549__fold1,ridge_no_drug,pearson_r,absolute,replicate_half,0.9259197247550898,0.021189268467513424,1280.0,128,0.0,0.9248587808625606,0.9270155744440874,-17.99970498624255,7.025431372729792,True,global_mean_delta,0.9802082888381429,0.9832243696086082,0.0,
held_out_both,held_out_both/A549__fold1,ridge_no_drug,pearson_r,delta,full_pseudobulk,0.016932394466150864,0.06693250800657911,128.0,128,0.0,0.006115031143702888,0.029127290345598092,-0.15165811935322016,0.1913922209138453,True,global_mean_delta,0.06996933734399918,0.4196831746514653,0.0,
held_out_both,held_out_both/A549__fold1,ridge_no_drug,pearson_r,delta,replicate_half,0.014790676432234945,0.0600029395478751,1280.0,128,0.0,0.011394493125417213,0.01778698507548835,-0.13997505206087366,0.16893830939257845,True,global_mean_delta,0.06450654382322377,0.4196831746514653,0.0,
held_out_both,held_out_both/A549__fold1,ridge_no_drug,pearson_r_de,absolute,full_pseudobulk,0.9175025034659121,0.10866541304412872,65.0,128,63.0,0.8895971376142205,0.9410397141445661,-1.0949521708339853,3.128071834848437,True,global_mean_delta,0.9555398108517911,0.9902785952471929,0.0,
held_out_both,held_out_both/A549__fold1,ridge_no_drug,pearson_r_de,absolute,replicate_half,0.9149976591054063,0.11306024958868968,650.0,128,630.0,0.905869395016898,0.9232538576659279,-1.0380644388401408,3.0608555889782103,True,global_mean_delta,0.9533411291361464,0.9902785952471929,0.0,
held_out_both,held_out_both/A549__fold1,ridge_no_drug,pearson_r_de,delta,full_pseudobulk,-0.005962048033633177,0.5365620737163547,65.0,128,63.0,-0.1375026559175809,0.13013463356577196,-0.3347858848139737,0.8946425362377812,True,global_mean_delta,0.19482586594389625,0.7945761035893656,0.0,
held_out_both,held_out_both/A549__fold1,ridge_no_drug,pearson_r_de,delta,replicate_half,-0.008492075692564648,0.5268795687426197,650.0,128,630.0,-0.0465581128722828,0.03318959785437939,-0.3359504500832509,0.8764946926807088,True,global_mean_delta,0.1934548724599578,0.7945761035893656,0.0,
held_out_both,held_out_both/A549__fold1,ridge_no_drug,pert_discrimination,absolute,full_pseudobulk,0.3887180118110236,0.29951081903262744,128.0,128,0.0,0.33581446850393704,0.4407710999015748,-0.10107976465010018,1.0493432776987417,True,no_change,0.35986712598425197,0.07444020669291337,0.0,
held_out_both,held_out_both/A549__fold1,ridge_no_drug,pert_discrimination,absolute,replicate_half,0.3968688484251969,0.29804545255005394,1280.0,128,0.0,0.3807566437007874,0.41333769069881887,-0.0895295902883158,1.0071355263586748,True,no_change,0.37037401574803147,0.07444020669291337,0.0,
held_out_both,held_out_both/A549__fold1,ridge_no_drug,pert_discrimination,delta,full_pseudobulk,0.49317175196850394,0.29392668697870045,128.0,128,0.0,0.440689591535433,0.5441744586614172,0.014691867852604833,0.6324216729571361,True,no_change,0.5,0.035236220472440946,0.0,
held_out_both,held_out_both/A549__fold1,ridge_no_drug,pert_discrimination,delta,replicate_half,0.494697342519685,0.29146471939599045,1280.0,128,0.0,0.4801051919291338,0.5106492987204725,0.011409360440491399,0.6271244280100091,True,no_change,0.5,0.035236220472440946,0.0,
held_out_both,held_out_both/A549__fold2,ceiling,direction_acc_de,absolute,full_pseudobulk,0.9933475780447364,0.012956000872392235,1130.0,235,1220.0,0.9925827886822287,0.9940678790707893,1.0,1.6311674901396964,True,global_mean_delta,0.9854048002792951,0.9933475780447364,,
held_out_both,held_out_both/A549__fold2,ceiling,direction_acc_de,absolute,replicate_half,0.9933475780447364,0.012956000872392235,1130.0,235,1220.0,0.9925727255837942,0.9940894792037905,1.0,1.3707755637563412,True,global_mean_delta,0.9838959936898994,0.9933475780447364,,
held_out_both,held_out_both/A549__fold2,ceiling,direction_acc_de,delta,full_pseudobulk,0.9922512752162667,0.014771048259326876,1130.0,235,1220.0,0.9913361883956795,0.9930296163114093,1.0,0.0346405034353096,True,global_mean_delta,0.5658415295579365,0.9922512752162667,,
held_out_both,held_out_both/A549__fold2,ceiling,direction_acc_de,delta,replicate_half,0.9922512752162667,0.014771048259326876,1130.0,235,1220.0,0.9914065063348584,0.9931239732513705,1.0,0.03465105185502212,True,global_mean_delta,0.5659713365544321,0.9922512752162667,,
held_out_both,held_out_both/A549__fold2,ceiling,mae,absolute,full_pseudobulk,0.027388004682709712,0.005982801309651849,2350.0,235,0.0,0.027150191262525703,0.02763611010475282,,,False,no_change,0.02620687386058156,0.027388004682709712,,
held_out_both,held_out_both/A549__fold2,ceiling,mae,absolute,replicate_half,0.027388004682709712,0.005982801309651849,2350.0,235,0.0,0.027137857993349723,0.02764921754921512,1.0,2.1727638878606457,True,no_change,0.030141548840488704,0.027388004682709712,,
held_out_both,held_out_both/A549__fold2,ceiling,mae,delta,full_pseudobulk,0.027388004682709712,0.005982801309651849,2350.0,235,0.0,0.027146679117600544,0.027624538911489013,,,False,no_change,0.02620687386058156,0.027388004682709712,,
held_out_both,held_out_both/A549__fold2,ceiling,mae,delta,replicate_half,0.027388004682709712,0.005982801309651849,2350.0,235,0.0,0.027147282177338805,0.02764834662852445,1.0,2.1727638878606457,True,no_change,0.030141548840488704,0.027388004682709712,,
held_out_both,held_out_both/A549__fold2,ceiling,pearson_r,absolute,full_pseudobulk,0.9856169477184323,0.006850681250082497,2350.0,235,0.0,0.9853343879546216,0.98587876318976,1.0,0.6452939983114906,True,global_mean_delta,0.9750005755407763,0.9856169477184323,,
held_out_both,held_out_both/A549__fold2,ceiling,pearson_r,absolute,replicate_half,0.9856169477184323,0.006850681250082497,2350.0,235,0.0,0.9853396508853484,0.985878619699576,1.0,0.4857438069470137,True,global_mean_delta,0.9715134611641925,0.9856169477184323,,
held_out_both,held_out_both/A549__fold2,ceiling,pearson_r,delta,full_pseudobulk,0.47850294951906047,0.2617947957962289,2350.0,235,0.0,0.4676478024801401,0.49027898647540386,1.0,0.6369496107402977,True,global_mean_delta,0.06748959558678212,0.47850294951906047,,
held_out_both,held_out_both/A549__fold2,ceiling,pearson_r,delta,replicate_half,0.47850294951906047,0.2617947957962289,2350.0,235,0.0,0.46774620341545636,0.48837182927828804,1.0,0.6295461653195289,True,global_mean_delta,0.06265608995896163,0.47850294951906047,,
held_out_both,held_out_both/A549__fold2,ceiling,pearson_r_de,absolute,full_pseudobulk,0.991640265417642,0.010510931848636022,1130.0,235,1220.0,0.9910336141834323,0.9922245736987586,1.0,0.16373956161784034,True,global_mean_delta,0.927447276595747,0.991640265417642,,
held_out_both,held_out_both/A549__fold2,ceiling,pearson_r_de,absolute,replicate_half,0.991640265417642,0.010510931848636022,1130.0,235,1220.0,0.99104620302904,0.9921928269590017,1.0,0.1593578349251811,True,global_mean_delta,0.9256822166428772,0.991640265417642,,
held_out_both,held_out_both/A549__fold2,ceiling,pearson_r_de,delta,full_pseudobulk,0.878751259654815,0.2562589908766983,1130.0,235,1220.0,0.8622483586850007,0.8931993604041164,1.0,0.36326896670695,True,global_mean_delta,0.17332631460735368,0.878751259654815,,
held_out_both,held_out_both/A549__fold2,ceiling,pearson_r_de,delta,replicate_half,0.878751259654815,0.2562589908766983,1130.0,235,1220.0,0.8645806832086945,0.8939196292206779,1.0,0.36154359044062195,True,global_mean_delta,0.16995985067315056,0.878751259654815,,
held_out_both,held_out_both/A549__fold2,ceiling,pert_discrimination,absolute,full_pseudobulk,0.044042553191489364,0.08273153123980506,2350.0,235,0.0,0.040549963629750864,0.047314011638479724,1.0,0.311259973787596,True,no_change,0.30983815239134377,0.044042553191489364,,
held_out_both,held_out_both/A549__fold2,ceiling,pert_discrimination,absolute,replicate_half,0.044042553191489364,0.08273153123980506,2350.0,235,0.0,0.040810920167303144,0.04732510456446627,1.0,0.2989038917023239,True,no_change,0.3208256046553919,0.044042553191489364,,
held_out_both,held_out_both/A549__fold2,ceiling,pert_discrimination,delta,full_pseudobulk,0.031642116748499725,0.056746387888331196,2350.0,235,0.0,0.029554100745590107,0.03377900527368613,1.0,0.1211603133364136,True,no_change,0.5,0.031642116748499725,,
held_out_both,held_out_both/A549__fold2,ceiling,pert_discrimination,delta,replicate_half,0.031642116748499725,0.056746387888331196,2350.0,235,0.0,0.0293864338970722,0.03410379159847245,1.0,0.1211603133364136,True,no_change,0.5,0.031642116748499725,,
held_out_both,held_out_both/A549__fold2,global_mean_delta,direction_acc_de,absolute,full_pseudobulk,0.9854048002792951,0.016596045731106422,113.0,235,122.0,0.9820227989032937,0.9881503875135585,0.0,2.0894510989990405,True,global_mean_delta,0.9854048002792951,0.9933475780447364,0.0,
held_out_both,held_out_both/A549__fold2,global_mean_delta,direction_acc_de,absolute,replicate_half,0.9838959936898994,0.018977154524368378,1130.0,235,1220.0,0.9828108905623606,0.9849656238342972,0.0,2.0078278743453857,True,global_mean_delta,0.9838959936898994,0.9933475780447364,0.0,
held_out_both,held_out_both/A549__fold2,global_mean_delta,direction_acc_de,delta,full_pseudobulk,0.5658415295579365,0.19605898378390682,113.0,235,122.0,0.530203751646174,0.6038126476481778,0.0,0.4597901098184638,True,global_mean_delta,0.5658415295579365,0.9922512752162667,0.0,
held_out_both,held_out_both/A549__fold2,global_mean_delta,direction_acc_de,delta,replicate_half,0.5659713365544321,0.19513501779537717,1130.0,235,1220.0,0.5547810674545739,0.5772216415123417,0.0,0.457762611132814,True,global_mean_delta,0.5659713365544321,0.9922512752162667,0.0,
held_out_both,held_out_both/A549__fold2,global_mean_delta,mae,absolute,full_pseudobulk,0.026840109568475323,0.016303088653878736,235.0,235,0.0,0.024759963013816638,0.0289758155282484,,,False,no_change,0.02620687386058156,0.027388004682709712,0.0,
held_out_both,held_out_both/A549__fold2,global_mean_delta,mae,absolute,replicate_half,0.030656492096369767,0.01593504930178896,2350.0,235,0.0,0.030047369824000053,0.03131348209117766,-0.1870110760440524,5.787105050329816,True,no_change,0.030141548840488704,0.027388004682709712,0.0,
held_out_both,held_out_both/A549__fold2,global_mean_delta,mae,delta,full_pseudobulk,0.026840109568475323,0.016303088653878736,235.0,235,0.0,0.024854610364738038,0.028940717966672157,,,False,no_change,0.02620687386058156,0.027388004682709712,0.0,
held_out_both,held_out_both/A549__fold2,global_mean_delta,mae,delta,replicate_half,0.030656492096369767,0.01593504930178896,2350.0,235,0.0,0.030044165588222066,0.03133379442765379,-0.1870110760440524,5.787105050329816,True,no_change,0.030141548840488704,0.027388004682709712,0.0,
held_out_both,held_out_both/A549__fold2,global_mean_delta,pearson_r,absolute,full_pseudobulk,0.9750005755407763,0.0403305220381963,235.0,235,0.0,0.9696173931969239,0.9799694342613995,0.0,3.79889865985284,True,global_mean_delta,0.9750005755407763,0.9856169477184323,0.0,
held_out_both,held_out_both/A549__fold2,global_mean_delta,pearson_r,absolute,replicate_half,0.9715134611641925,0.04098075334270446,2350.0,235,0.0,0.969879281833866,0.9732609627476139,0.0,2.9057179006835425,True,global_mean_delta,0.9715134611641925,0.9856169477184323,0.0,
held_out_both,held_out_both/A549__fold2,global_mean_delta,pearson_r,delta,full_pseudobulk,0.06748959558678212,0.1289271078748205,235.0,235,0.0,0.052192184606821256,0.08344702452378591,0.0,0.3136810681242817,True,global_mean_delta,0.06748959558678212,0.47850294951906047,0.0,
held_out_both,held_out_both/A549__fold2,global_mean_delta,pearson_r,delta,replicate_half,0.06265608995896163,0.119713049657897,2350.0,235,0.0,0.05791584311557786,0.06750968875870764,0.0,0.28787772927883776,True,global_mean_delta,0.06265608995896163,0.47850294951906047,0.0,
held_out_both,held_out_both/A549__fold2,global_mean_delta,pearson_r_de,absolute,full_pseudobulk,0.927447276595747,0.0852577353302703,113.0,235,122.0,0.9121832593803881,0.9429318796762023,0.0,1.3281471527493427,True,global_mean_delta,0.927447276595747,0.991640265417642,0.0,
held_out_both,held_out_both/A549__fold2,global_mean_delta,pearson_r_de,absolute,replicate_half,0.9256822166428772,0.08688017507398056,1130.0,235,1220.0,0.9204684207747584,0.9306172446979573,0.0,1.3172035360030296,True,global_mean_delta,0.9256822166428772,0.991640265417642,0.0,
held_out_both,held_out_both/A549__fold2,global_mean_delta,pearson_r_de,delta,full_pseudobulk,0.17332631460735368,0.4418763464898638,113.0,235,122.0,0.09804769204411032,0.24544398858173103,0.0,0.6263973929361601,True,global_mean_delta,0.17332631460735368,0.878751259654815,0.0,
held_out_both,held_out_both/A549__fold2,global_mean_delta,pearson_r_de,delta,replicate_half,0.16995985067315056,0.4382321796067528,1130.0,235,1220.0,0.14521876964107813,0.19375470353616553,0.0,0.6182808849734369,True,global_mean_delta,0.16995985067315056,0.878751259654815,0.0,
held_out_both,held_out_both/A549__fold2,global_mean_delta,pert_discrimination,absolute,full_pseudobulk,0.3042371340243681,0.3105240168661613,235.0,235,0.0,0.26535279141662116,0.3458315148208764,0.021072652759627608,1.1682812574811487,True,no_change,0.30983815239134377,0.044042553191489364,0.0,
held_out_both,held_out_both/A549__fold2,global_mean_delta,pert_discrimination,absolute,replicate_half,0.31792325877432265,0.3048271746119634,2350.0,235,0.0,0.3060312784142571,0.329711811238407,0.0104859956768262,1.1013216777535177,True,no_change,0.3208256046553919,0.044042553191489364,0.0,
held_out_both,held_out_both/A549__fold2,global_mean_delta,pert_discrimination,delta,full_pseudobulk,0.5,0.29052496142013684,235.0,235,0.0,0.46519958174213494,0.5367925986543007,-0.0,0.6203054796541768,True,no_change,0.5,0.031642116748499725,0.0,
held_out_both,held_out_both/A549__fold2,global_mean_delta,pert_discrimination,delta,replicate_half,0.5,0.289967866063012,2350.0,235,0.0,0.48863334242589557,0.51114757228587,-0.0,0.6191160145527094,True,no_change,0.5,0.031642116748499725,0.0,
held_out_both,held_out_both/A549__fold2,nearest_context,direction_acc_de,absolute,full_pseudobulk,0.9854048002792951,0.016596045731106422,113.0,235,122.0,0.9822060287284823,0.988219775363917,0.0,2.0894510989990405,True,global_mean_delta,0.9854048002792951,0.9933475780447364,1.0,0.0
held_out_both,held_out_both/A549__fold2,nearest_context,direction_acc_de,absolute,replicate_half,0.9838959936898994,0.018977154524368378,1130.0,235,1220.0,0.9828002764639624,0.9850737038196353,0.0,2.0078278743453857,True,global_mean_delta,0.9838959936898994,0.9933475780447364,1.0,0.0
held_out_both,held_out_both/A549__fold2,nearest_context,direction_acc_de,delta,full_pseudobulk,0.5658415295579365,0.19605898378390682,113.0,235,122.0,0.5321668887693342,0.6033323593080876,0.0,0.4597901098184638,True,global_mean_delta,0.5658415295579365,0.9922512752162667,1.0,0.0
held_out_both,held_out_both/A549__fold2,nearest_context,direction_acc_de,delta,replicate_half,0.5659713365544321,0.19513501779537717,1130.0,235,1220.0,0.5542278091192551,0.5766688650541704,0.0,0.457762611132814,True,global_mean_delta,0.5659713365544321,0.9922512752162667,1.0,0.0
held_out_both,held_out_both/A549__fold2,nearest_context,mae,absolute,full_pseudobulk,0.026840109568475323,0.016303088653878736,235.0,235,0.0,0.024772878121646753,0.029167541987521202,,,False,no_change,0.02620687386058156,0.027388004682709712,1.0,0.0
held_out_both,held_out_both/A549__fold2,nearest_context,mae,absolute,replicate_half,0.030656492096369767,0.01593504930178896,2350.0,235,0.0,0.03004650618360798,0.031305628302169985,-0.1870110760440524,5.787105050329816,True,no_change,0.030141548840488704,0.027388004682709712,1.0,0.0
held_out_both,held_out_both/A549__fold2,nearest_context,mae,delta,full_pseudobulk,0.026840109568475323,0.016303088653878736,235.0,235,0.0,0.024880969758853958,0.028930694049757868,,,False,no_change,0.02620687386058156,0.027388004682709712,1.0,0.0
held_out_both,held_out_both/A549__fold2,nearest_context,mae,delta,replicate_half,0.030656492096369767,0.01593504930178896,2350.0,235,0.0,0.0300111665504007,0.03127034918496437,-0.1870110760440524,5.787105050329816,True,no_change,0.030141548840488704,0.027388004682709712,1.0,0.0
held_out_both,held_out_both/A549__fold2,nearest_context,pearson_r,absolute,full_pseudobulk,0.9750005755407763,0.0403305220381963,235.0,235,0.0,0.9697192332347299,0.979997176596381,0.0,3.79889865985284,True,global_mean_delta,0.9750005755407763,0.9856169477184323,1.0,0.0
held_out_both,held_out_both/A549__fold2,nearest_context,pearson_r,absolute,replicate_half,0.9715134611641925,0.04098075334270446,2350.0,235,0.0,0.9698933370582025,0.9731981889125508,0.0,2.9057179006835425,True,global_mean_delta,0.9715134611641925,0.9856169477184323,1.0,0.0
held_out_both,held_out_both/A549__fold2,nearest_context,pearson_r,delta,full_pseudobulk,0.06748959558678212,0.1289271078748205,235.0,235,0.0,0.05128991207068272,0.08374370851602923,0.0,0.3136810681242817,True,global_mean_delta,0.06748959558678212,0.47850294951906047,1.0,0.0
held_out_both,held_out_both/A549__fold2,nearest_context,pearson_r,delta,replicate_half,0.06265608995896163,0.119713049657897,2350.0,235,0.0,0.05754506534821945,0.06728756067171411,0.0,0.28787772927883776,True,global_mean_delta,0.06265608995896163,0.47850294951906047,1.0,0.0
held_out_both,held_out_both/A549__fold2,nearest_context,pearson_r_de,absolute,full_pseudobulk,0.927447276595747,0.0852577353302703,113.0,235,122.0,0.9121393296018636,0.9427216675357533,0.0,1.3281471527493427,True,global_mean_delta,0.927447276595747,0.991640265417642,1.0,0.0
held_out_both,held_out_both/A549__fold2,nearest_context,pearson_r_de,absolute,replicate_half,0.9256822166428772,0.08688017507398056,1130.0,235,1220.0,0.9205786688120997,0.9303359790628098,0.0,1.3172035360030296,True,global_mean_delta,0.9256822166428772,0.991640265417642,1.0,0.0
held_out_both,held_out_both/A549__fold2,nearest_context,pearson_r_de,delta,full_pseudobulk,0.17332631460735368,0.4418763464898638,113.0,235,122.0,0.09005616202100152,0.25559250090207847,0.0,0.6263973929361601,True,global_mean_delta,0.17332631460735368,0.878751259654815,1.0,0.0
held_out_both,held_out_both/A549__fold2,nearest_context,pearson_r_de,delta,replicate_half,0.16995985067315056,0.4382321796067528,1130.0,235,1220.0,0.14406198341955181,0.19408569648710905,0.0,0.6182808849734369,True,global_mean_delta,0.16995985067315056,0.878751259654815,1.0,0.0
held_out_both,held_out_both/A549__fold2,nearest_context,pert_discrimination,absolute,full_pseudobulk,0.3042371340243681,0.3105240168661613,235.0,235,0.0,0.2630464629932715,0.34342698672485905,0.021072652759627608,1.1682812574811487,True,no_change,0.30983815239134377,0.044042553191489364,1.0,0.0
held_out_both,held_out_both/A549__fold2,nearest_context,pert_discrimination,absolute,replicate_half,0.31792325877432265,0.3048271746119634,2350.0,235,0.0,0.3062573195126387,0.329168757955992,0.0104859956768262,1.1013216777535177,True,no_change,0.3208256046553919,0.044042553191489364,1.0,0.0
held_out_both,held_out_both/A549__fold2,nearest_context,pert_discrimination,delta,full_pseudobulk,0.5,0.29052496142013684,235.0,235,0.0,0.4624281687579559,0.5367098563375159,-0.0,0.6203054796541768,True,no_change,0.5,0.031642116748499725,1.0,0.0
held_out_both,held_out_both/A549__fold2,nearest_context,pert_discrimination,delta,replicate_half,0.5,0.289967866063012,2350.0,235,0.0,0.48726723040552833,0.5116467539552646,-0.0,0.6191160145527094,True,no_change,0.5,0.031642116748499725,1.0,0.0
held_out_both,held_out_both/A549__fold2,no_change,direction_acc_de,absolute,full_pseudobulk,0.993363319004103,0.009421584958064479,113.0,235,122.0,0.9915392312554188,0.9949629610233761,1.0019817952650163,1.1861826222883176,True,global_mean_delta,0.9854048002792951,0.9933475780447364,0.0,
held_out_both,held_out_both/A549__fold2,no_change,direction_acc_de,absolute,replicate_half,0.9921005401824113,0.011767193610174712,1130.0,235,1220.0,0.9914104151984174,0.9928019038612251,0.8680604419843255,1.2449969410845625,True,global_mean_delta,0.9838959936898994,0.9933475780447364,0.0,
held_out_both,held_out_both/A549__fold2,no_change,direction_acc_de,delta,full_pseudobulk,0.0,0.0,113.0,235,122.0,0.0,0.0,-1.3269901434460392,0.0,True,global_mean_delta,0.5658415295579365,0.9922512752162667,0.0,
held_out_both,held_out_both/A549__fold2,no_change,direction_acc_de,delta,replicate_half,0.00031528114258079184,0.0010074501756703693,1130.0,235,1220.0,0.0002548926633070818,0.0003744051948129892,-1.3269591273460866,0.0023633534780757625,True,global_mean_delta,0.5659713365544321,0.9922512752162667,0.0,
held_out_both,held_out_both/A549__fold2,no_change,mae,absolute,full_pseudobulk,0.02620687386058156,0.016765368477137423,235.0,235,0.0,0.024153866159700773,0.028352169760943003,,,False,no_change,0.02620687386058156,0.027388004682709712,0.0,
held_out_both,held_out_both/A549__fold2,no_change,mae,absolute,replicate_half,0.030141548840488704,0.016345964926871716,2350.0,235,0.0,0.029493421984992243,0.03085990528569006,-0.0,5.936336586683385,True,no_change,0.030141548840488704,0.027388004682709712,0.0,
held_out_both,held_out_both/A549__fold2,no_change,mae,delta,full_pseudobulk,0.02620687386058156,0.016765368477137423,235.0,235,0.0,0.02407792883862912,0.02845211858508608,,,False,no_change,0.02620687386058156,0.027388004682709712,0.0,
held_out_both,held_out_both/A549__fold2,no_change,mae,delta,replicate_half,0.030141548840488704,0.016345964926871716,2350.0,235,0.0,0.02951115232604861,0.0308361688324028,-0.0,5.936336586683385,True,no_change,0.030141548840488704,0.027388004682709712,0.0,
held_out_both,held_out_both/A549__fold2,no_change,pearson_r,absolute,full_pseudobulk,0.9748602510778307,0.04127819047324283,235.0,235,0.0,0.9695779943684776,0.9799574154033956,-0.013217741484326318,3.8881634688844096,True,global_mean_delta,0.9750005755407763,0.9856169477184323,0.0,
held_out_both,held_out_both/A549__fold2,no_change,pearson_r,absolute,replicate_half,0.9713735017161877,0.04191770896671622,2350.0,235,0.0,0.969711008674452,0.9729274817102366,-0.009923748107707188,2.972152226721177,True,global_mean_delta,0.9715134611641925,0.9856169477184323,0.0,
held_out_both,held_out_both/A549__fold2,no_change,pearson_r,delta,full_pseudobulk,,,0.0,235,235.0,,,,,True,global_mean_delta,0.06748959558678212,0.47850294951906047,0.0,
held_out_both,held_out_both/A549__fold2,no_change,pearson_r,delta,replicate_half,,,0.0,235,2350.0,,,,,True,global_mean_delta,0.06265608995896163,0.47850294951906047,0.0,
held_out_both,held_out_both/A549__fold2,no_change,pearson_r_de,absolute,full_pseudobulk,0.9252976418190222,0.08687918845406929,113.0,235,122.0,0.909548524867963,0.9406044465557988,-0.03348706480530169,1.3534061904348718,True,global_mean_delta,0.927447276595747,0.991640265417642,0.0,
held_out_both,held_out_both/A549__fold2,no_change,pearson_r_de,absolute,replicate_half,0.9235466654662718,0.08844574314253939,1130.0,235,1220.0,0.9181225953673838,0.9284798539271026,-0.03237741589199958,1.340939351383272,True,global_mean_delta,0.9256822166428772,0.991640265417642,0.0,
held_out_both,held_out_both/A549__fold2,no_change,pearson_r_de,delta,full_pseudobulk,,,0.0,235,235.0,,,,,True,global_mean_delta,0.17332631460735368,0.878751259654815,0.0,
held_out_both,held_out_both/A549__fold2,no_change,pearson_r_de,delta,replicate_half,,,0.0,235,2350.0,,,,,True,global_mean_delta,0.16995985067315056,0.878751259654815,0.0,
held_out_both,held_out_both/A549__fold2,no_change,pert_discrimination,absolute,full_pseudobulk,0.30983815239134377,0.31183578709773474,235.0,235,0.0,0.2693321513002364,0.3516280232769594,-0.0,1.173216516889214,True,no_change,0.30983815239134377,0.044042553191489364,0.0,
held_out_both,held_out_both/A549__fold2,no_change,pert_discrimination,absolute,replicate_half,0.3208256046553919,0.30662685512833654,2350.0,235,0.0,0.30852668667030375,0.3341104291689398,-0.0,1.1078238118504382,True,no_change,0.3208256046553919,0.044042553191489364,0.0,
held_out_both,held_out_both/A549__fold2,no_change,pert_discrimination,delta,full_pseudobulk,0.5,0.2905249614201369,235.0,235,0.0,0.46183578832515004,0.5376104746317512,-0.0,0.6203054796541769,True,no_change,0.5,0.031642116748499725,0.0,
held_out_both,held_out_both/A549__fold2,no_change,pert_discrimination,delta,replicate_half,0.5,0.289967866063012,2350.0,235,0.0,0.48932010365521,0.5119508092380434,-0.0,0.6191160145527094,True,no_change,0.5,0.031642116748499725,0.0,
held_out_both,held_out_both/A549__fold2,per_drug_mean_delta,direction_acc_de,absolute,full_pseudobulk,0.9854048002792951,0.016596045731106422,113.0,235,122.0,0.9823559445870016,0.9883613131924647,0.0,2.0894510989990405,True,global_mean_delta,0.9854048002792951,0.9933475780447364,1.0,0.0
held_out_both,held_out_both/A549__fold2,per_drug_mean_delta,direction_acc_de,absolute,replicate_half,0.9838959936898994,0.018977154524368378,1130.0,235,1220.0,0.9828087266585855,0.9850571075116238,0.0,2.0078278743453857,True,global_mean_delta,0.9838959936898994,0.9933475780447364,1.0,0.0
held_out_both,held_out_both/A549__fold2,per_drug_mean_delta,direction_acc_de,delta,full_pseudobulk,0.5658415295579365,0.19605898378390682,113.0,235,122.0,0.5286980756241192,0.6010788637099067,0.0,0.4597901098184638,True,global_mean_delta,0.5658415295579365,0.9922512752162667,1.0,0.0
held_out_both,held_out_both/A549__fold2,per_drug_mean_delta,direction_acc_de,delta,replicate_half,0.5659713365544321,0.19513501779537717,1130.0,235,1220.0,0.5551718466333745,0.5776681289310276,0.0,0.457762611132814,True,global_mean_delta,0.5659713365544321,0.9922512752162667,1.0,0.0
held_out_both,held_out_both/A549__fold2,per_drug_mean_delta,mae,absolute,full_pseudobulk,0.026840109568475323,0.016303088653878736,235.0,235,0.0,0.024766032917943506,0.029036215645645604,,,False,no_change,0.02620687386058156,0.027388004682709712,1.0,0.0
held_out_both,held_out_both/A549__fold2,per_drug_mean_delta,mae,absolute,replicate_half,0.030656492096369767,0.01593504930178896,2350.0,235,0.0,0.03003184551615702,0.03130499079578151,-0.1870110760440524,5.787105050329816,True,no_change,0.030141548840488704,0.027388004682709712,1.0,0.0
held_out_both,held_out_both/A549__fold2,per_drug_mean_delta,mae,delta,full_pseudobulk,0.026840109568475323,0.016303088653878736,235.0,235,0.0,0.024773239692787934,0.02893630425831317,,,False,no_change,0.02620687386058156,0.027388004682709712,1.0,0.0
held_out_both,held_out_both/A549__fold2,per_drug_mean_delta,mae,delta,replicate_half,0.030656492096369767,0.01593504930178896,2350.0,235,0.0,0.029994473930265195,0.0312937003314184,-0.1870110760440524,5.787105050329816,True,no_change,0.030141548840488704,0.027388004682709712,1.0,0.0
held_out_both,held_out_both/A549__fold2,per_drug_mean_delta,pearson_r,absolute,full_pseudobulk,0.9750005755407763,0.0403305220381963,235.0,235,0.0,0.9700177336931178,0.9797963904703277,0.0,3.79889865985284,True,global_mean_delta,0.9750005755407763,0.9856169477184323,1.0,0.0
held_out_both,held_out_both/A549__fold2,per_drug_mean_delta,pearson_r,absolute,replicate_half,0.9715134611641925,0.04098075334270446,2350.0,235,0.0,0.9697504270346253,0.9731637518933706,0.0,2.9057179006835425,True,global_mean_delta,0.9715134611641925,0.9856169477184323,1.0,0.0
held_out_both,held_out_both/A549__fold2,per_drug_mean_delta,pearson_r,delta,full_pseudobulk,0.06748959558678212,0.1289271078748205,235.0,235,0.0,0.05097638482378372,0.08414319053907626,0.0,0.3136810681242817,True,global_mean_delta,0.06748959558678212,0.47850294951906047,1.0,0.0
held_out_both,held_out_both/A549__fold2,per_drug_mean_delta,pearson_r,delta,replicate_half,0.06265608995896163,0.119713049657897,2350.0,235,0.0,0.05779745529498585,0.06767765400418801,0.0,0.28787772927883776,True,global_mean_delta,0.06265608995896163,0.47850294951906047,1.0,0.0
held_out_both,held_out_both/A549__fold2,per_drug_mean_delta,pearson_r_de,absolute,full_pseudobulk,0.927447276595747,0.0852577353302703,113.0,235,122.0,0.9102822941059286,0.9430784401291982,0.0,1.3281471527493427,True,global_mean_delta,0.927447276595747,0.991640265417642,1.0,0.0
held_out_both,held_out_both/A549__fold2,per_drug_mean_delta,pearson_r_de,absolute,replicate_half,0.9256822166428772,0.08688017507398056,1130.0,235,1220.0,0.920770595010955,0.9311015579310193,0.0,1.3172035360030296,True,global_mean_delta,0.9256822166428772,0.991640265417642,1.0,0.0
held_out_both,held_out_both/A549__fold2,per_drug_mean_delta,pearson_r_de,delta,full_pseudobulk,0.17332631460735368,0.4418763464898638,113.0,235,122.0,0.09000434783084207,0.2551280555116485,0.0,0.6263973929361601,True,global_mean_delta,0.17332631460735368,0.878751259654815,1.0,0.0
held_out_both,held_out_both/A549__fold2,per_drug_mean_delta,pearson_r_de,delta,replicate_half,0.16995985067315056,0.4382321796067528,1130.0,235,1220.0,0.14222973631423494,0.195099036630601,0.0,0.6182808849734369,True,global_mean_delta,0.16995985067315056,0.878751259654815,1.0,0.0
held_out_both,held_out_both/A549__fold2,per_drug_mean_delta,pert_discrimination,absolute,full_pseudobulk,0.3042371340243681,0.3105240168661613,235.0,235,0.0,0.26458947081287504,0.3434656301145662,0.021072652759627608,1.1682812574811487,True,no_change,0.30983815239134377,0.044042553191489364,1.0,0.0
held_out_both,held_out_both/A549__fold2,per_drug_mean_delta,pert_discrimination,absolute,replicate_half,0.31792325877432265,0.3048271746119634,2350.0,235,0.0,0.3051330241862157,0.329638252409529,0.0104859956768262,1.1013216777535177,True,no_change,0.3208256046553919,0.044042553191489364,1.0,0.0
held_out_both,held_out_both/A549__fold2,per_drug_mean_delta,pert_discrimination,delta,full_pseudobulk,0.5,0.29052496142013684,235.0,235,0.0,0.4658106019276232,0.5380937443171485,-0.0,0.6203054796541768,True,no_change,0.5,0.031642116748499725,1.0,0.0
held_out_both,held_out_both/A549__fold2,per_drug_mean_delta,pert_discrimination,delta,replicate_half,0.5,0.289967866063012,2350.0,235,0.0,0.488767957810511,0.511873431533006,-0.0,0.6191160145527094,True,no_change,0.5,0.031642116748499725,1.0,0.0
held_out_both,held_out_both/A549__fold2,ridge_no_drug,direction_acc_de,absolute,full_pseudobulk,0.9330354227996462,0.05493015787065846,113.0,235,122.0,0.923110219502884,0.9429614041025755,-6.5933328397410325,6.915736470640974,True,global_mean_delta,0.9854048002792951,0.9933475780447364,0.0,
held_out_both,held_out_both/A549__fold2,ridge_no_drug,direction_acc_de,absolute,replicate_half,0.9316504832661389,0.05606789634114432,1130.0,235,1220.0,0.9284943544391822,0.9348658756982204,-5.5276986865195115,5.932116165524246,True,global_mean_delta,0.9838959936898994,0.9933475780447364,0.0,
held_out_both,held_out_both/A549__fold2,ridge_no_drug,direction_acc_de,delta,full_pseudobulk,0.5974245397744213,0.16303773324873758,113.0,235,122.0,0.5677237485279921,0.6283992550944232,0.07406728044576955,0.38234992260091316,True,global_mean_delta,0.5658415295579365,0.9922512752162667,0.0,
held_out_both,held_out_both/A549__fold2,ridge_no_drug,direction_acc_de,delta,replicate_half,0.5965249869437107,0.16265214797034436,1130.0,235,1220.0,0.5870069642912027,0.6062716978828312,0.07167508394880537,0.3815618170560341,True,global_mean_delta,0.5659713365544321,0.9922512752162667,0.0,
held_out_both,held_out_both/A549__fold2,ridge_no_drug,mae,absolute,full_pseudobulk,0.0675198194244176,0.013083231225825777,235.0,235,0.0,0.06583061670441011,0.06925547620999611,,,False,no_change,0.02620687386058156,0.027388004682709712,0.0,
held_out_both,held_out_both/A549__fold2,ridge_no_drug,mae,absolute,replicate_half,0.06930499052918201,0.012996157256271899,2350.0,235,0.0,0.06880242043207642,0.06983894391399045,-14.222921240632125,4.719792569716622,True,no_change,0.030141548840488704,0.027388004682709712,0.0,
held_out_both,held_out_both/A549__fold2,ridge_no_drug,mae,delta,full_pseudobulk,0.0675198194244176,0.013083231225825777,235.0,235,0.0,0.06595283724259836,0.0692600667960371,,,False,no_change,0.02620687386058156,0.027388004682709712,0.0,
held_out_both,held_out_both/A549__fold2,ridge_no_drug,mae,delta,replicate_half,0.06930499052918201,0.012996157256271899,2350.0,235,0.0,0.06881360804670045,0.06984700007702192,-14.222921240632125,4.719792569716622,True,no_change,0.030141548840488704,0.027388004682709712,0.0,
held_out_both,held_out_both/A549__fold2,ridge_no_drug,pearson_r,absolute,full_pseudobulk,0.9256877082487674,0.04292587666815341,235.0,235,0.0,0.9201350680323664,0.9309473994948954,-4.644982906288503,4.043365845679227,True,global_mean_delta,0.9750005755407763,0.9856169477184323,0.0,
held_out_both,held_out_both/A549__fold2,ridge_no_drug,pearson_r,absolute,replicate_half,0.9223767771284151,0.04343074471366896,2350.0,235,0.0,0.9205176459627944,0.924195215430011,-3.484009705458651,3.0794331987796695,True,global_mean_delta,0.9715134611641925,0.9856169477184323,0.0,
held_out_both,held_out_both/A549__fold2,ridge_no_drug,pearson_r,delta,full_pseudobulk,0.00383456854108915,0.05611742868495441,235.0,235,0.0,-0.002781033626131447,0.0121019973473832,-0.15487337926295516,0.13653431974426977,True,global_mean_delta,0.06748959558678212,0.47850294951906047,0.0,
held_out_both,held_out_both/A549__fold2,ridge_no_drug,pearson_r,delta,replicate_half,0.002503343147952681,0.05181624628262903,2350.0,235,0.0,0.00032127614790799304,0.004498416120530582,-0.14465119894049744,0.12460415436933332,True,global_mean_delta,0.06265608995896163,0.47850294951906047,0.0,
held_out_both,held_out_both/A549__fold2,ridge_no_drug,pearson_r_de,absolute,full_pseudobulk,0.9002863213916926,0.10400734628714967,113.0,235,122.0,0.8807699018641274,0.9184547528455804,-0.42311404566958355,1.6202290654470144,True,global_mean_delta,0.927447276595747,0.991640265417642,0.0,
held_out_both,held_out_both/A549__fold2,ridge_no_drug,pearson_r_de,absolute,replicate_half,0.89861469879098,0.1052404388643894,1130.0,235,1220.0,0.8927706582261641,0.9043415031456397,-0.41037475114414046,1.5955662852272512,True,global_mean_delta,0.9256822166428772,0.991640265417642,0.0,
held_out_both,held_out_both/A549__fold2,ridge_no_drug,pearson_r_de,delta,full_pseudobulk,0.00902952348919507,0.348908217848865,113.0,235,122.0,-0.0534188487834205,0.07195908024406433,-0.23290470839120192,0.494607144669927,True,global_mean_delta,0.17332631460735368,0.878751259654815,0.0,
held_out_both,held_out_both/A549__fold2,ridge_no_drug,pearson_r_de,delta,replicate_half,0.003219482557958612,0.3413760226975606,1130.0,235,1220.0,-0.016092266689698632,0.02302488443698823,-0.23524603430895322,0.48163115180532834,True,global_mean_delta,0.16995985067315056,0.878751259654815,0.0,
held_out_both,held_out_both/A549__fold2,ridge_no_drug,pert_discrimination,absolute,full_pseudobulk,0.3367521367521368,0.2959973900689431,235.0,235,0.0,0.30101109292598655,0.3771822149481724,-0.10125820157223939,1.1136278815751937,True,no_change,0.30983815239134377,0.044042553191489364,0.0,
held_out_both,held_out_both/A549__fold2,ridge_no_drug,pert_discrimination,absolute,replicate_half,0.33935442807783234,0.2942028174752605,2350.0,235,0.0,0.32809710856519364,0.352240043644299,-0.06694348994435063,1.0629365342972592,True,no_change,0.3208256046553919,0.044042553191489364,0.0,
held_out_both,held_out_both/A549__fold2,ridge_no_drug,pert_discrimination,delta,full_pseudobulk,0.495071831242044,0.295525420692632,235.0,235,0.0,0.4562234042553191,0.5326072922349517,0.010522228693457569,0.6309820572272503,True,no_change,0.5,0.031642116748499725,0.0,
held_out_both,held_out_both/A549__fold2,ridge_no_drug,pert_discrimination,delta,replicate_half,0.4983524277141298,0.29443940661562323,2350.0,235,0.0,0.48764975450081827,0.5103221040189124,0.0035177635410600827,0.6286632875089544,True,no_change,0.5,0.031642116748499725,0.0,
held_out_both,held_out_both/A549__fold3,ceiling,direction_acc_de,absolute,full_pseudobulk,0.9977875288829471,0.007465358855756839,500.0,138,880.0,0.9970929170065707,0.9983918438812669,1.0,1.416221980922835,True,global_mean_delta,0.9925162091630736,0.9977875288829471,,
held_out_both,held_out_both/A549__fold3,ceiling,direction_acc_de,absolute,replicate_half,0.9977875288829471,0.007465358855756839,500.0,138,880.0,0.9970914396441615,0.9984331757327666,1.0,1.3142340222316782,True,global_mean_delta,0.9921071411213519,0.9977875288829471,,
held_out_both,held_out_both/A549__fold3,ceiling,direction_acc_de,delta,full_pseudobulk,0.9986572040974556,0.009856568560126136,500.0,138,880.0,0.9976628907098549,0.9993127196085536,1.0,0.029518670268907272,True,global_mean_delta,0.6647475641870055,0.9986572040974556,,
held_out_both,held_out_both/A549__fold3,ceiling,direction_acc_de,delta,replicate_half,0.9986572040974556,0.009856568560126136,500.0,138,880.0,0.9977036735682776,0.9993341992536059,1.0,0.02950659081037881,True,global_mean_delta,0.6646108676884682,0.9986572040974556,,
held_out_both,held_out_both/A549__fold3,ceiling,mae,absolute,full_pseudobulk,0.02779189099739938,0.005269393703789726,1380.0,138,0.0,0.027522805271009435,0.028088625432627207,,,False,no_change,0.02045189226606348,0.02779189099739938,,
held_out_both,held_out_both/A549__fold3,ceiling,mae,absolute,replicate_half,0.02779189099739938,0.005269393703789726,1380.0,138,0.0,0.027510157734268913,0.028073236426465357,,,False,no_change,0.024904199162438023,0.02779189099739938,,
held_out_both,held_out_both/A549__fold3,ceiling,mae,delta,full_pseudobulk,0.02779189099739938,0.005269393703789726,1380.0,138,0.0,0.02751112490794985,0.028079183183507706,,,False,no_change,0.02045189226606348,0.02779189099739938,,
held_out_both,held_out_both/A549__fold3,ceiling,mae,delta,replicate_half,0.02779189099739938,0.005269393703789726,1380.0,138,0.0,0.02752304851820589,0.028058277991518395,,,False,no_change,0.024904199162438023,0.02779189099739938,,
held_out_both,held_out_both/A549__fold3,ceiling,pearson_r,absolute,full_pseudobulk,0.9845864670398253,0.00638732182560892,1380.0,138,0.0,0.9842402691961272,0.9849266197015113,,,False,global_mean_delta,0.9882553136659017,0.9845864670398253,,
held_out_both,held_out_both/A549__fold3,ceiling,pearson_r,absolute,replicate_half,0.9845864670398253,0.00638732182560892,1380.0,138,0.0,0.9842464952347522,0.9849124030595355,1.0,70.94999307230424,True,global_mean_delta,0.9844964413534366,0.9845864670398253,,
held_out_both,held_out_both/A549__fold3,ceiling,pearson_r,delta,full_pseudobulk,0.38713655651652473,0.1776653421637989,1380.0,138,0.0,0.37748869313570527,0.39631966086221654,1.0,0.5559418329622589,True,global_mean_delta,0.06756114119450478,0.38713655651652473,,
held_out_both,held_out_both/A549__fold3,ceiling,pearson_r,delta,replicate_half,0.38713655651652473,0.1776653421637989,1380.0,138,0.0,0.37806594299802726,0.39690733878665585,1.0,0.5444720296575006,True,global_mean_delta,0.06082899159797597,0.38713655651652473,,
held_out_both,held_out_both/A549__fold3,ceiling,pearson_r_de,absolute,full_pseudobulk,0.9599887978305658,0.250819652590006,500.0,138,880.0,0.9357695042625086,0.9798242771062865,1.0,5.40444596908717,True,global_mean_delta,0.9135789245475935,0.9599887978305658,,
held_out_both,held_out_both/A549__fold3,ceiling,pearson_r_de,absolute,replicate_half,0.9599887978305658,0.250819652590006,500.0,138,880.0,0.9365609848429821,0.980154112309858,1.0,10.00582378143604,True,global_mean_delta,0.9349214312579748,0.9599887978305658,,
held_out_both,held_out_both/A549__fold3,ceiling,pearson_r_de,delta,full_pseudobulk,0.8390326178125375,0.37048674009619936,500.0,138,880.0,0.8057569071958922,0.8700761516668539,1.0,0.6855903767012895,True,global_mean_delta,0.298641806204603,0.8390326178125375,,
held_out_both,held_out_both/A549__fold3,ceiling,pearson_r_de,delta,replicate_half,0.8390326178125375,0.37048674009619936,500.0,138,880.0,0.8059232979395183,0.8716400915114326,1.0,0.6749130496389563,True,global_mean_delta,0.2900926613331203,0.8390326178125375,,
held_out_both,held_out_both/A549__fold3,ceiling,pert_discrimination,absolute,full_pseudobulk,0.05311012377023167,0.0845860623825301,1380.0,138,0.0,0.048540013752247965,0.057628266158891356,1.0,0.3793221128120008,True,no_change,0.27610282450015866,0.05311012377023167,,
held_out_both,held_out_both/A549__fold3,ceiling,pert_discrimination,absolute,replicate_half,0.05311012377023167,0.0845860623825301,1380.0,138,0.0,0.048846794668359256,0.05755395112662647,1.0,0.3546098621646925,True,no_change,0.2916428646990374,0.05311012377023167,,
held_out_both,held_out_both/A549__fold3,ceiling,pert_discrimination,delta,full_pseudobulk,0.03494128847984767,0.04930561364282599,1380.0,138,0.0,0.03236498995028034,0.03758595154977256,1.0,0.1060201914757368,True,no_change,0.5,0.03494128847984767,,
held_out_both,held_out_both/A549__fold3,ceiling,pert_discrimination,delta,replicate_half,0.03494128847984767,0.04930561364282599,1380.0,138,0.0,0.03236498995028034,0.037766582037448426,1.0,0.1060201914757368,True,no_change,0.5,0.03494128847984767,,
held_out_both,held_out_both/A549__fold3,global_mean_delta,direction_acc_de,absolute,full_pseudobulk,0.9925162091630736,0.016581978453143225,50.0,138,88.0,0.9874232401785602,0.9966397329629101,0.0,3.145697725491252,True,global_mean_delta,0.9925162091630736,0.9977875288829471,0.0,
held_out_both,held_out_both/A549__fold3,global_mean_delta,direction_acc_de,absolute,replicate_half,0.9921071411213519,0.016699656553112514,500.0,138,880.0,0.9906540919898518,0.9935447804284562,0.0,2.9398796796968774,True,global_mean_delta,0.9921071411213519,0.9977875288829471,0.0,
held_out_both,held_out_both/A549__fold3,global_mean_delta,direction_acc_de,delta,full_pseudobulk,0.6647475641870055,0.25799301964789917,50.0,138,88.0,0.5938449785207506,0.7377528459033835,0.0,0.7726432208339038,True,global_mean_delta,0.6647475641870055,0.9986572040974556,0.0,
held_out_both,held_out_both/A549__fold3,global_mean_delta,direction_acc_de,delta,replicate_half,0.6646108676884682,0.25570514483117934,500.0,138,880.0,0.6436885318687441,0.6868284002814904,0.0,0.7654780698391149,True,global_mean_delta,0.6646108676884682,0.9986572040974556,0.0,
held_out_both,held_out_both/A549__fold3,global_mean_delta,mae,absolute,full_pseudobulk,0.02174997219878013,0.006363871562231685,138.0,138,0.0,0.020740446304260567,0.022864492604185587,,,False,no_change,0.02045189226606348,0.02779189099739938,0.0,
held_out_both,held_out_both/A549__fold3,global_mean_delta,mae,absolute,replicate_half,0.0259769352139248,0.00666673625301724,1380.0,138,0.0,0.025650764255368042,0.02632822120988604,,,False,no_change,0.024904199162438023,0.02779189099739938,0.0,
held_out_both,held_out_both/A549__fold3,global_mean_delta,mae,delta,full_pseudobulk,0.02174997219878013,0.006363871562231685,138.0,138,0.0,0.02072502308990955,0.02284163914759096,,,False,no_change,0.02045189226606348,0.02779189099739938,0.0,
held_out_both,held_out_both/A549__fold3,global_mean_delta,mae,delta,replicate_half,0.0259769352139248,0.00666673625301724,1380.0,138,0.0,0.025607738040308248,0.02636376937028177,,,False,no_change,0.024904199162438023,0.02779189099739938,0.0,
held_out_both,held_out_both/A549__fold3,global_mean_delta,pearson_r,absolute,full_pseudobulk,0.9882553136659017,0.013458814849380652,138.0,138,0.0,0.9857825402303237,0.9902988556560791,,,False,global_mean_delta,0.9882553136659017,0.9845864670398253,0.0,
held_out_both,held_out_both/A549__fold3,global_mean_delta,pearson_r,absolute,replicate_half,0.9844964413534366,0.014547631570500265,1380.0,138,0.0,0.9837016117654772,0.9852178444274197,0.0,161.59423109184422,True,global_mean_delta,0.9844964413534366,0.9845864670398253,0.0,
held_out_both,held_out_both/A549__fold3,global_mean_delta,pearson_r,delta,full_pseudobulk,0.06756114119450478,0.1393797219427297,138.0,138,0.0,0.04226534515970221,0.09220325122543316,0.0,0.43614031386702207,True,global_mean_delta,0.06756114119450478,0.38713655651652473,0.0,
held_out_both,held_out_both/A549__fold3,global_mean_delta,pearson_r,delta,replicate_half,0.06082899159797597,0.12356568792457455,1380.0,138,0.0,0.054297359033270716,0.06676644332791717,0.0,0.3786785879616931,True,global_mean_delta,0.06082899159797597,0.38713655651652473,0.0,
held_out_both,held_out_both/A549__fold3,global_mean_delta,pearson_r_de,absolute,full_pseudobulk,0.9135789245475935,0.28886427694896477,50.0,138,88.0,0.8172444751373826,0.9692521145660422,0.0,6.224198786057633,True,global_mean_delta,0.9135789245475935,0.9599887978305658,0.0,
held_out_both,held_out_both/A549__fold3,global_mean_delta,pearson_r_de,absolute,replicate_half,0.9349214312579748,0.19611309284752862,500.0,138,880.0,0.9172078441557326,0.9506294469764139,0.0,7.823442174494758,True,global_mean_delta,0.9349214312579748,0.9599887978305658,0.0,
held_out_both,held_out_both/A549__fold3,global_mean_delta,pearson_r_de,delta,full_pseudobulk,0.298641806204603,0.5951741441851388,50.0,138,88.0,0.1406185330709049,0.45564387435415343,0.0,1.1013772466156417,True,global_mean_delta,0.298641806204603,0.8390326178125375,0.0,
held_out_both,held_out_both/A549__fold3,global_mean_delta,pearson_r_de,delta,replicate_half,0.2900926613331203,0.5913728293835622,500.0,138,880.0,0.2369088586291248,0.33960242554826775,0.0,1.0772996616538626,True,global_mean_delta,0.2900926613331203,0.8390326178125375,0.0,
held_out_both,held_out_both/A549__fold3,global_mean_delta,pert_discrimination,absolute,full_pseudobulk,0.2709192848831059,0.2707052292225326,138.0,138,0.0,0.2280730984872527,0.3185840473923622,0.023245333143575377,1.213964530392372,True,no_change,0.27610282450015866,0.05311012377023167,0.0,
held_out_both,held_out_both/A549__fold3,global_mean_delta,pert_discrimination,absolute,replicate_half,0.28929440389294403,0.27272312777116625,1380.0,138,0.0,0.2760810060298318,0.30372011530730986,0.009845444264585442,1.1433362426861362,True,no_change,0.2916428646990374,0.05311012377023167,0.0,
held_out_both,held_out_both/A549__fold3,global_mean_delta,pert_discrimination,delta,full_pseudobulk,0.5,0.29183390951392413,138.0,138,0.0,0.44879800063471914,0.5509520787051729,-0.0,0.6275205738217381,True,no_change,0.5,0.03494128847984767,0.0,
held_out_both,held_out_both/A549__fold3,global_mean_delta,pert_discrimination,delta,replicate_half,0.5,0.29088002819479053,1380.0,138,0.0,0.48453890299375857,0.5157067862054374,-0.0,0.6254694751206394,True,no_change,0.5,0.03494128847984767,0.0,
held_out_both,held_out_both/A549__fold3,nearest_context,direction_acc_de,absolute,full_pseudobulk,0.9925162091630736,0.016581978453143225,50.0,138,88.0,0.9876292863034956,0.9968768130594097,0.0,3.145697725491252,True,global_mean_delta,0.9925162091630736,0.9977875288829471,1.0,0.0
held_out_both,held_out_both/A549__fold3,nearest_context,direction_acc_de,absolute,replicate_half,0.9921071411213519,0.016699656553112514,500.0,138,880.0,0.9907889963375324,0.9935527857029381,0.0,2.9398796796968774,True,global_mean_delta,0.9921071411213519,0.9977875288829471,1.0,0.0
held_out_both,held_out_both/A549__fold3,nearest_context,direction_acc_de,delta,full_pseudobulk,0.6647475641870055,0.25799301964789917,50.0,138,88.0,0.591638171687585,0.732431591670523,0.0,0.7726432208339038,True,global_mean_delta,0.6647475641870055,0.9986572040974556,1.0,0.0
held_out_both,held_out_both/A549__fold3,nearest_context,direction_acc_de,delta,replicate_half,0.6646108676884682,0.25570514483117934,500.0,138,880.0,0.6431570816486994,0.6862178323442331,0.0,0.7654780698391149,True,global_mean_delta,0.6646108676884682,0.9986572040974556,1.0,0.0
held_out_both,held_out_both/A549__fold3,nearest_context,mae,absolute,full_pseudobulk,0.02174997219878013,0.006363871562231685,138.0,138,0.0,0.020766544204012548,0.022870443784169303,,,False,no_change,0.02045189226606348,0.02779189099739938,1.0,0.0
held_out_both,held_out_both/A549__fold3,nearest_context,mae,absolute,replicate_half,0.0259769352139248,0.00666673625301724,1380.0,138,0.0,0.025642936335998966,0.026334196791902617,,,False,no_change,0.024904199162438023,0.02779189099739938,1.0,0.0
held_out_both,held_out_both/A549__fold3,nearest_context,mae,delta,full_pseudobulk,0.02174997219878013,0.006363871562231685,138.0,138,0.0,0.020714392539432948,0.02284827187696161,,,False,no_change,0.02045189226606348,0.02779189099739938,1.0,0.0
held_out_both,held_out_both/A549__fold3,nearest_context,mae,delta,replicate_half,0.0259769352139248,0.00666673625301724,1380.0,138,0.0,0.025610129751017473,0.026337362391196474,,,False,no_change,0.024904199162438023,0.02779189099739938,1.0,0.0
held_out_both,held_out_both/A549__fold3,nearest_context,pearson_r,absolute,full_pseudobulk,0.9882553136659017,0.013458814849380652,138.0,138,0.0,0.9859841962259088,0.9901992837124731,,,False,global_mean_delta,0.9882553136659017,0.9845864670398253,1.0,0.0
held_out_both,held_out_both/A549__fold3,nearest_context,pearson_r,absolute,replicate_half,0.9844964413534366,0.014547631570500265,1380.0,138,0.0,0.9836625345668811,0.9852541704072015,0.0,161.59423109184422,True,global_mean_delta,0.9844964413534366,0.9845864670398253,1.0,0.0
held_out_both,held_out_both/A549__fold3,nearest_context,pearson_r,delta,full_pseudobulk,0.06756114119450478,0.1393797219427297,138.0,138,0.0,0.043940366561452206,0.09024267937557186,0.0,0.43614031386702207,True,global_mean_delta,0.06756114119450478,0.38713655651652473,1.0,0.0
held_out_both,held_out_both/A549__fold3,nearest_context,pearson_r,delta,replicate_half,0.06082899159797597,0.12356568792457455,1380.0,138,0.0,0.05469373545887194,0.06768550806903564,0.0,0.3786785879616931,True,global_mean_delta,0.06082899159797597,0.38713655651652473,1.0,0.0
held_out_both,held_out_both/A549__fold3,nearest_context,pearson_r_de,absolute,full_pseudobulk,0.9135789245475935,0.28886427694896477,50.0,138,88.0,0.8193303136844554,0.9697945994021143,0.0,6.224198786057633,True,global_mean_delta,0.9135789245475935,0.9599887978305658,1.0,0.0
held_out_both,held_out_both/A549__fold3,nearest_context,pearson_r_de,absolute,replicate_half,0.9349214312579748,0.19611309284752862,500.0,138,880.0,0.9165410482606476,0.949834080551168,0.0,7.823442174494758,True,global_mean_delta,0.9349214312579748,0.9599887978305658,1.0,0.0
held_out_both,held_out_both/A549__fold3,nearest_context,pearson_r_de,delta,full_pseudobulk,0.298641806204603,0.5951741441851388,50.0,138,88.0,0.1391575641457938,0.4540242918469691,0.0,1.1013772466156417,True,global_mean_delta,0.298641806204603,0.8390326178125375,1.0,0.0
held_out_both,held_out_both/A549__fold3,nearest_context,pearson_r_de,delta,replicate_half,0.2900926613331203,0.5913728293835622,500.0,138,880.0,0.23497207015455832,0.34242117092795366,0.0,1.0772996616538626,True,global_mean_delta,0.2900926613331203,0.8390326178125375,1.0,0.0
held_out_both,held_out_both/A549__fold3,nearest_context,pert_discrimination,absolute,full_pseudobulk,0.2709192848831059,0.2707052292225326,138.0,138,0.0,0.22976171585739977,0.31896091187982656,0.023245333143575377,1.213964530392372,True,no_change,0.27610282450015866,0.05311012377023167,1.0,0.0
held_out_both,held_out_both/A549__fold3,nearest_context,pert_discrimination,absolute,replicate_half,0.28929440389294403,0.27272312777116625,1380.0,138,0.0,0.27405730984872523,0.30390537395535805,0.009845444264585442,1.1433362426861362,True,no_change,0.2916428646990374,0.05311012377023167,1.0,0.0
held_out_both,held_out_both/A549__fold3,nearest_context,pert_discrimination,delta,full_pseudobulk,0.5,0.29183390951392413,138.0,138,0.0,0.4529765682852005,0.5487689093409499,-0.0,0.6275205738217381,True,no_change,0.5,0.03494128847984767,1.0,0.0
held_out_both,held_out_both/A549__fold3,nearest_context,pert_discrimination,delta,replicate_half,0.5,0.29088002819479053,1380.0,138,0.0,0.4860825928276738,0.5157770020099439,-0.0,0.6254694751206394,True,no_change,0.5,0.03494128847984767,1.0,0.0
held_out_both,held_out_both/A549__fold3,no_change,direction_acc_de,absolute,full_pseudobulk,0.998418373793341,0.006598281062305447,50.0,138,88.0,0.9963463497892313,0.9998773006134969,1.1196749474359393,1.2517322820372965,True,global_mean_delta,0.9925162091630736,0.9977875288829471,0.0,
held_out_both,held_out_both/A549__fold3,no_change,direction_acc_de,absolute,replicate_half,0.998153914112553,0.006720562797956578,500.0,138,880.0,0.9975801852334654,0.9987097304002369,1.0645000385507275,1.1831169068058986,True,global_mean_delta,0.9921071411213519,0.9977875288829471,0.0,
held_out_both,held_out_both/A549__fold3,no_change,direction_acc_de,delta,full_pseudobulk,0.0,0.0,50.0,138,88.0,0.0,0.0,-1.9908007578495834,0.0,True,global_mean_delta,0.6647475641870055,0.9986572040974556,0.0,
held_out_both,held_out_both/A549__fold3,no_change,direction_acc_de,delta,replicate_half,0.000132547992827526,0.0010818713828842153,500.0,138,880.0,4.791733936067161e-05,0.00023128417010976168,-1.9891800845320184,0.0032386865682000276,True,global_mean_delta,0.6646108676884682,0.9986572040974556,0.0,
held_out_both,held_out_both/A549__fold3,no_change,mae,absolute,full_pseudobulk,0.02045189226606348,0.006831397389098324,138.0,138,0.0,0.019308980160725825,0.021703940484205826,,,False,no_change,0.02045189226606348,0.02779189099739938,0.0,
held_out_both,held_out_both/A549__fold3,no_change,mae,absolute,replicate_half,0.024904199162438023,0.0070745239107388135,1380.0,138,0.0,0.024545618368962432,0.025277346172458408,,,False,no_change,0.024904199162438023,0.02779189099739938,0.0,
held_out_both,held_out_both/A549__fold3,no_change,mae,delta,full_pseudobulk,0.02045189226606348,0.006831397389098324,138.0,138,0.0,0.019327999913830846,0.021557816010627708,,,False,no_change,0.02045189226606348,0.02779189099739938,0.0,
held_out_both,held_out_both/A549__fold3,no_change,mae,delta,replicate_half,0.024904199162438023,0.0070745239107388135,1380.0,138,0.0,0.02454587734573801,0.0252475522860855,,,False,no_change,0.024904199162438023,0.02779189099739938,0.0,
held_out_both,held_out_both/A549__fold3,no_change,pearson_r,absolute,full_pseudobulk,0.9885495761443615,0.013865136350819348,138.0,138,0.0,0.9860049402366711,0.9906233799665212,,,False,global_mean_delta,0.9882553136659017,0.9845864670398253,0.0,
held_out_both,held_out_both/A549__fold3,no_change,pearson_r,absolute,replicate_half,0.9847851558585473,0.014951079937470359,1380.0,138,0.0,0.9839854559328839,0.9855113562552145,3.207023647274106,166.07571169092643,True,global_mean_delta,0.9844964413534366,0.9845864670398253,0.0,
held_out_both,held_out_both/A549__fold3,no_change,pearson_r,delta,full_pseudobulk,,,0.0,138,138.0,,,,,True,global_mean_delta,0.06756114119450478,0.38713655651652473,0.0,
held_out_both,held_out_both/A549__fold3,no_change,pearson_r,delta,replicate_half,,,0.0,138,1380.0,,,,,True,global_mean_delta,0.06082899159797597,0.38713655651652473,0.0,
held_out_both,held_out_both/A549__fold3,no_change,pearson_r_de,absolute,full_pseudobulk,0.9080641886999419,0.2940394536250331,50.0,138,88.0,0.8237500396011224,0.9660612019362249,-0.1188267809745336,6.335709038294565,True,global_mean_delta,0.9135789245475935,0.9599887978305658,0.0,
held_out_both,held_out_both/A549__fold3,no_change,pearson_r_de,absolute,replicate_half,0.9295236981594482,0.2048396353235107,500.0,138,880.0,0.9109687263866456,0.9446855065450798,-0.2153290846445948,8.171565797720653,True,global_mean_delta,0.9349214312579748,0.9599887978305658,0.0,
held_out_both,held_out_both/A549__fold3,no_change,pearson_r_de,delta,full_pseudobulk,,,0.0,138,138.0,,,,,True,global_mean_delta,0.298641806204603,0.8390326178125375,0.0,
held_out_both,held_out_both/A549__fold3,no_change,pearson_r_de,delta,replicate_half,,,0.0,138,1380.0,,,,,True,global_mean_delta,0.2900926613331203,0.8390326178125375,0.0,
held_out_both,held_out_both/A549__fold3,no_change,pert_discrimination,absolute,full_pseudobulk,0.27610282450015866,0.27461171328718664,138.0,138,0.0,0.2317055432137946,0.3219626044641912,-0.0,1.2314829695693805,True,no_change,0.27610282450015866,0.05311012377023167,0.0,
held_out_both,held_out_both/A549__fold3,no_change,pert_discrimination,absolute,replicate_half,0.2916428646990374,0.27500258914949716,1380.0,138,0.0,0.2778529302866815,0.30657013646461434,-0.0,1.1528924208839595,True,no_change,0.2916428646990374,0.05311012377023167,0.0,
held_out_both,held_out_both/A549__fold3,no_change,pert_discrimination,delta,full_pseudobulk,0.5,0.29183390951392413,138.0,138,0.0,0.45073653866497404,0.5482426213900349,-0.0,0.6275205738217381,True,no_change,0.5,0.03494128847984767,0.0,
held_out_both,held_out_both/A549__fold3,no_change,pert_discrimination,delta,replicate_half,0.5,0.29088002819479053,1380.0,138,0.0,0.4847815508304242,0.514681053633767,-0.0,0.6254694751206394,True,no_change,0.5,0.03494128847984767,0.0,
held_out_both,held_out_both/A549__fold3,per_drug_mean_delta,direction_acc_de,absolute,full_pseudobulk,0.9925162091630736,0.016581978453143225,50.0,138,88.0,0.9878852307292515,0.9966956242073298,0.0,3.145697725491252,True,global_mean_delta,0.9925162091630736,0.9977875288829471,1.0,0.0
held_out_both,held_out_both/A549__fold3,per_drug_mean_delta,direction_acc_de,absolute,replicate_half,0.9921071411213519,0.016699656553112514,500.0,138,880.0,0.990729326634198,0.993452499663953,0.0,2.9398796796968774,True,global_mean_delta,0.9921071411213519,0.9977875288829471,1.0,0.0
held_out_both,held_out_both/A549__fold3,per_drug_mean_delta,direction_acc_de,delta,full_pseudobulk,0.6647475641870055,0.25799301964789917,50.0,138,88.0,0.5896002865883192,0.7368495736275398,0.0,0.7726432208339038,True,global_mean_delta,0.6647475641870055,0.9986572040974556,1.0,0.0
held_out_both,held_out_both/A549__fold3,per_drug_mean_delta,direction_acc_de,delta,replicate_half,0.6646108676884682,0.25570514483117934,500.0,138,880.0,0.6434998550740607,0.6866440289146928,0.0,0.7654780698391149,True,global_mean_delta,0.6646108676884682,0.9986572040974556,1.0,0.0
held_out_both,held_out_both/A549__fold3,per_drug_mean_delta,mae,absolute,full_pseudobulk,0.02174997219878013,0.006363871562231685,138.0,138,0.0,0.02082201145088666,0.02279419649255784,,,False,no_change,0.02045189226606348,0.02779189099739938,1.0,0.0
held_out_both,held_out_both/A549__fold3,per_drug_mean_delta,mae,absolute,replicate_half,0.0259769352139248,0.00666673625301724,1380.0,138,0.0,0.02564100157818859,0.026323861706983396,,,False,no_change,0.024904199162438023,0.02779189099739938,1.0,0.0
held_out_both,held_out_both/A549__fold3,per_drug_mean_delta,mae,delta,full_pseudobulk,0.02174997219878013,0.006363871562231685,138.0,138,0.0,0.020801517069921265,0.022759178978556262,,,False,no_change,0.02045189226606348,0.02779189099739938,1.0,0.0
held_out_both,held_out_both/A549__fold3,per_drug_mean_delta,mae,delta,replicate_half,0.0259769352139248,0.00666673625301724,1380.0,138,0.0,0.025616045350019545,0.026328581989093998,,,False,no_change,0.024904199162438023,0.02779189099739938,1.0,0.0
held_out_both,held_out_both/A549__fold3,per_drug_mean_delta,pearson_r,absolute,full_pseudobulk,0.9882553136659017,0.013458814849380652,138.0,138,0.0,0.9858946332837722,0.9902196530076693,,,False,global_mean_delta,0.9882553136659017,0.9845864670398253,1.0,0.0
held_out_both,held_out_both/A549__fold3,per_drug_mean_delta,pearson_r,absolute,replicate_half,0.9844964413534366,0.014547631570500265,1380.0,138,0.0,0.9836982692179098,0.9852111733881908,0.0,161.59423109184422,True,global_mean_delta,0.9844964413534366,0.9845864670398253,1.0,0.0
held_out_both,held_out_both/A549__fold3,per_drug_mean_delta,pearson_r,delta,full_pseudobulk,0.06756114119450478,0.1393797219427297,138.0,138,0.0,0.04569357425779828,0.09103221315716423,0.0,0.43614031386702207,True,global_mean_delta,0.06756114119450478,0.38713655651652473,1.0,0.0
held_out_both,held_out_both/A549__fold3,per_drug_mean_delta,pearson_r,delta,replicate_half,0.06082899159797597,0.12356568792457455,1380.0,138,0.0,0.054294429222229906,0.06743833650696875,0.0,0.3786785879616931,True,global_mean_delta,0.06082899159797597,0.38713655651652473,1.0,0.0
held_out_both,held_out_both/A549__fold3,per_drug_mean_delta,pearson_r_de,absolute,full_pseudobulk,0.9135789245475935,0.28886427694896477,50.0,138,88.0,0.8218269474902751,0.9684710337461317,0.0,6.224198786057633,True,global_mean_delta,0.9135789245475935,0.9599887978305658,1.0,0.0
held_out_both,held_out_both/A549__fold3,per_drug_mean_delta,pearson_r_de,absolute,replicate_half,0.9349214312579748,0.19611309284752862,500.0,138,880.0,0.9179611618115278,0.9503792531873839,0.0,7.823442174494758,True,global_mean_delta,0.9349214312579748,0.9599887978305658,1.0,0.0
held_out_both,held_out_both/A549__fold3,per_drug_mean_delta,pearson_r_de,delta,full_pseudobulk,0.298641806204603,0.5951741441851388,50.0,138,88.0,0.13201943751997874,0.453135605416524,0.0,1.1013772466156417,True,global_mean_delta,0.298641806204603,0.8390326178125375,1.0,0.0
held_out_both,held_out_both/A549__fold3,per_drug_mean_delta,pearson_r_de,delta,replicate_half,0.2900926613331203,0.5913728293835622,500.0,138,880.0,0.23755392136196637,0.3353655808135035,0.0,1.0772996616538626,True,global_mean_delta,0.2900926613331203,0.8390326178125375,1.0,0.0
held_out_both,held_out_both/A549__fold3,per_drug_mean_delta,pert_discrimination,absolute,full_pseudobulk,0.2709192848831059,0.2707052292225326,138.0,138,0.0,0.22691076906802068,0.3143777107796466,0.023245333143575377,1.213964530392372,True,no_change,0.27610282450015866,0.05311012377023167,1.0,0.0
held_out_both,held_out_both/A549__fold3,per_drug_mean_delta,pert_discrimination,absolute,replicate_half,0.28929440389294403,0.27272312777116625,1380.0,138,0.0,0.2758511848090553,0.30414656722733524,0.009845444264585442,1.1433362426861362,True,no_change,0.2916428646990374,0.05311012377023167,1.0,0.0
held_out_both,held_out_both/A549__fold3,per_drug_mean_delta,pert_discrimination,delta,full_pseudobulk,0.5,0.29183390951392413,138.0,138,0.0,0.4523392044853486,0.5442809161112875,-0.0,0.6275205738217381,True,no_change,0.5,0.03494128847984767,1.0,0.0
held_out_both,held_out_both/A549__fold3,per_drug_mean_delta,pert_discrimination,delta,replicate_half,0.5,0.29088002819479053,1380.0,138,0.0,0.48418742727176556,0.5152107796466731,-0.0,0.6254694751206394,True,no_change,0.5,0.03494128847984767,1.0,0.0
held_out_both,held_out_both/A549__fold3,ridge_no_drug,direction_acc_de,absolute,full_pseudobulk,0.9625743109662186,0.08909115433552192,50.0,138,88.0,0.9333183956418003,0.981796978709386,-5.680152179722764,16.90110998193448,True,global_mean_delta,0.9925162091630736,0.9977875288829471,0.0,
held_out_both,held_out_both/A549__fold3,ridge_no_drug,direction_acc_de,absolute,replicate_half,0.9624886044217633,0.08820702382084872,500.0,138,880.0,0.9536923168880431,0.9695283287874427,-5.214175148365402,15.528345514933322,True,global_mean_delta,0.9921071411213519,0.9977875288829471,0.0,
held_out_both,held_out_both/A549__fold3,ridge_no_drug,direction_acc_de,delta,full_pseudobulk,0.5090624169638098,0.23172127062321743,50.0,138,88.0,0.44807878854323857,0.5672351924571177,-0.46624933399631197,0.6939640038106173,True,global_mean_delta,0.6647475641870055,0.9986572040974556,0.0,
held_out_both,held_out_both/A549__fold3,ridge_no_drug,direction_acc_de,delta,replicate_half,0.5088873732008203,0.2295538648628995,500.0,138,880.0,0.48916417612221663,0.5297484046335341,-0.4661733343992998,0.6871916852332928,True,global_mean_delta,0.6646108676884682,0.9986572040974556,0.0,
held_out_both,held_out_both/A549__fold3,ridge_no_drug,mae,absolute,full_pseudobulk,0.06813434689132472,0.00419358297289674,138.0,138,0.0,0.06739628081789747,0.06883602624974819,,,False,no_change,0.02045189226606348,0.02779189099739938,0.0,
held_out_both,held_out_both/A549__fold3,ridge_no_drug,mae,absolute,replicate_half,0.0699907784418541,0.004150928521066828,1380.0,138,0.0,0.06978254252535959,0.07023049788675947,,,False,no_change,0.024904199162438023,0.02779189099739938,0.0,
held_out_both,held_out_both/A549__fold3,ridge_no_drug,mae,delta,full_pseudobulk,0.06813434689132472,0.00419358297289674,138.0,138,0.0,0.06745323935647919,0.06884233899355965,,,False,no_change,0.02045189226606348,0.02779189099739938,0.0,
held_out_both,held_out_both/A549__fold3,ridge_no_drug,mae,delta,replicate_half,0.0699907784418541,0.004150928521066828,1380.0,138,0.0,0.06976565660373095,0.07020456482373816,,,False,no_change,0.024904199162438023,0.02779189099739938,0.0,
held_out_both,held_out_both/A549__fold3,ridge_no_drug,pearson_r,absolute,full_pseudobulk,0.9234785110275131,0.012404363161703362,138.0,138,0.0,0.9213387881024876,0.9254816414991217,,,False,global_mean_delta,0.9882553136659017,0.9845864670398253,0.0,
held_out_both,held_out_both/A549__fold3,ridge_no_drug,pearson_r,absolute,replicate_half,0.9199769810728023,0.013229008793929718,1380.0,138,0.0,0.9192241407417583,0.9206970125294628,-716.6783489108769,146.94704727725008,True,global_mean_delta,0.9844964413534366,0.9845864670398253,0.0,
held_out_both,held_out_both/A549__fold3,ridge_no_drug,pearson_r,delta,full_pseudobulk,-0.00018836119772429587,0.041478611985918096,138.0,138,0.0,-0.00719027310691865,0.00733055296631587,-0.21199848030850976,0.1297928751625722,True,global_mean_delta,0.06756114119450478,0.38713655651652473,0.0,
held_out_both,held_out_both/A549__fold3,ridge_no_drug,pearson_r,delta,replicate_half,0.00031012252755650426,0.038424470917824825,1380.0,138,0.0,-0.0017021500053073233,0.0022779012486024886,-0.18546572490749913,0.11775537881696414,True,global_mean_delta,0.06082899159797597,0.38713655651652473,0.0,
held_out_both,held_out_both/A549__fold3,ridge_no_drug,pearson_r_de,absolute,full_pseudobulk,0.8776064055803019,0.2987030544241695,50.0,138,88.0,0.7777145378678972,0.9407841625874556,-0.7751048736538964,6.43619629389859,True,global_mean_delta,0.9135789245475935,0.9599887978305658,0.0,
held_out_both,held_out_both/A549__fold3,ridge_no_drug,pearson_r_de,absolute,replicate_half,0.8999569619167008,0.21460746747989112,500.0,138,880.0,0.8810857521390284,0.9175726298578665,-1.3948202033916304,8.561229072803593,True,global_mean_delta,0.9349214312579748,0.9599887978305658,0.0,
held_out_both,held_out_both/A549__fold3,ridge_no_drug,pearson_r_de,delta,full_pseudobulk,-0.2759694926282555,0.5391910301907737,50.0,138,88.0,-0.41305838301360864,-0.13049663522255067,-1.0633254424202752,0.9977797893831859,True,global_mean_delta,0.298641806204603,0.8390326178125375,0.0,
held_out_both,held_out_both/A549__fold3,ridge_no_drug,pearson_r_de,delta,replicate_half,-0.25139012582895376,0.5325255618777454,500.0,138,880.0,-0.29519742776171476,-0.20642992176848626,-0.9864153278891026,0.9700980145315997,True,global_mean_delta,0.2900926613331203,0.8390326178125375,0.0,
held_out_both,held_out_both/A549__fold3,ridge_no_drug,pert_discrimination,absolute,full_pseudobulk,0.3086321802602348,0.273550465872249,138.0,138,0.0,0.2654699566275257,0.35417988998201627,-0.14587632533978503,1.2267238567757157,True,no_change,0.27610282450015866,0.05311012377023167,0.0,
held_out_both,held_out_both/A549__fold3,ridge_no_drug,pert_discrimination,absolute,replicate_half,0.3173913043478261,0.2755159926225252,1380.0,138,0.0,0.3041063683486724,0.3323835025917698,-0.10794509612612792,1.1550447605209793,True,no_change,0.2916428646990374,0.05311012377023167,0.0,
held_out_both,held_out_both/A549__fold3,ridge_no_drug,pert_discrimination,delta,full_pseudobulk,0.49587432561091715,0.29128296424936767,138.0,138,0.0,0.4470392996932191,0.5486102295567544,0.008871297939129278,0.626335894874954,True,no_change,0.5,0.03494128847984767,0.0,
held_out_both,held_out_both/A549__fold3,ridge_no_drug,pert_discrimination,delta,replicate_half,0.4950915053422194,0.29150138219503174,1380.0,138,0.0,0.47914921189040516,0.5107639109277478,0.01055456985578453,0.6268055515876518,True,no_change,0.5,0.03494128847984767,0.0,
held_out_both,held_out_both/A549__fold4,ceiling,direction_acc_de,absolute,full_pseudobulk,0.9986163072276275,0.004962022745525536,870.0,240,1530.0,0.9982929383352178,0.9989396115996483,1.0,1.4671777771438355,True,global_mean_delta,0.9952342884819612,0.9986163072276275,,
held_out_both,held_out_both/A549__fold4,ceiling,direction_acc_de,absolute,replicate_half,0.9986163072276275,0.004962022745525536,870.0,240,1530.0,0.9982776291401584,0.9989260934716744,1.0,1.4019705422894904,True,global_mean_delta,0.9950769869667165,0.9986163072276275,,
held_out_both,held_out_both/A549__fold4,ceiling,direction_acc_de,delta,full_pseudobulk,0.9914990981790388,0.028183904582569315,870.0,240,1530.0,0.989504810356812,0.9933767804275556,1.0,0.06963999694974367,True,global_mean_delta,0.5867905137873927,0.9914990981790388,,
held_out_both,held_out_both/A549__fold4,ceiling,direction_acc_de,delta,replicate_half,0.9914990981790388,0.028183904582569315,870.0,240,1530.0,0.9895137150004389,0.9932653401392401,1.0,0.06973735200999955,True,global_mean_delta,0.5873554969346431,0.9914990981790388,,
held_out_both,held_out_both/A549__fold4,ceiling,mae,absolute,full_pseudobulk,0.02720516122720295,0.004311707140378752,2400.0,240,0.0,0.027029506920701787,0.02738917714260807,,,False,no_change,0.01974709460123644,0.02720516122720295,,
held_out_both,held_out_both/A549__fold4,ceiling,mae,absolute,replicate_half,0.02720516122720295,0.004311707140378752,2400.0,240,0.0,0.02703082176167106,0.027383176030432273,,,False,no_change,0.02415006825838585,0.02720516122720295,,
held_out_both,held_out_both/A549__fold4,ceiling,mae,delta,full_pseudobulk,0.02720516122720295,0.004311707140378752,2400.0,240,0.0,0.02703913015960739,0.027386968206868024,,,False,no_change,0.01974709460123644,0.02720516122720295,,
held_out_both,held_out_both/A549__fold4,ceiling,mae,delta,replicate_half,0.02720516122720295,0.004311707140378752,2400.0,240,0.0,0.027030202998411166,0.027389670548999958,,,False,no_change,0.02415006825838585,0.02720516122720295,,
held_out_both,held_out_both/A549__fold4,ceiling,pearson_r,absolute,full_pseudobulk,0.9857679904834303,0.005019238699316164,2400.0,240,0.0,0.9855619145664369,0.9859776544366621,,,False,global_mean_delta,0.9895098344629942,0.9857679904834303,,
held_out_both,held_out_both/A549__fold4,ceiling,pearson_r,absolute,replicate_half,0.9857679904834303,0.005019238699316164,2400.0,240,0.0,0.9855514744221503,0.9859674659236757,,,False,global_mean_delta,0.9860265344173371,0.9857679904834303,,
held_out_both,held_out_both/A549__fold4,ceiling,pearson_r,delta,full_pseudobulk,0.37702724529191434,0.1810746964117841,2400.0,240,0.0,0.3700434414126438,0.3849188686045084,1.0,0.555276748583615,True,global_mean_delta,0.050929138584467015,0.37702724529191434,,
held_out_both,held_out_both/A549__fold4,ceiling,pearson_r,delta,replicate_half,0.37702724529191434,0.1810746964117841,2400.0,240,0.0,0.36952909431343156,0.38377506895431146,1.0,0.5440451253950119,True,global_mean_delta,0.04419695611266258,0.37702724529191434,,
held_out_both,held_out_both/A549__fold4,ceiling,pearson_r_de,absolute,full_pseudobulk,0.9932578692422898,0.01630574095576313,870.0,240,1530.0,0.9920708442887283,0.9942302786888091,1.0,0.3290174976333191,True,global_mean_delta,0.9436989823348967,0.9932578692422898,,
held_out_both,held_out_both/A549__fold4,ceiling,pearson_r_de,absolute,replicate_half,0.9932578692422898,0.01630574095576313,870.0,240,1530.0,0.9921070439509284,0.9942587296914129,1.0,0.32207577975388846,True,global_mean_delta,0.9426308367835838,0.9932578692422898,,
held_out_both,held_out_both/A549__fold4,ceiling,pearson_r_de,delta,full_pseudobulk,0.7852924649782453,0.4002176302345733,870.0,240,1530.0,0.756517012298473,0.8110462662686259,1.0,0.6466216041913156,True,global_mean_delta,0.16635609223657444,0.7852924649782453,,
held_out_both,held_out_both/A549__fold4,ceiling,pearson_r_de,delta,replicate_half,0.7852924649782453,0.4002176302345733,870.0,240,1530.0,0.7572735718232604,0.809246342523233,1.0,0.665466827982368,True,global_mean_delta,0.18388362924710153,0.7852924649782453,,
held_out_both,held_out_both/A549__fold4,ceiling,pert_discrimination,absolute,full_pseudobulk,0.06577928870292887,0.11129746703521293,2400.0,240,0.0,0.06169164051603906,0.07038105822873082,1.0,0.556395184648621,True,no_change,0.2658124128312413,0.06577928870292887,,
held_out_both,held_out_both/A549__fold4,ceiling,pert_discrimination,absolute,replicate_half,0.06577928870292887,0.11129746703521293,2400.0,240,0.0,0.06176612622036262,0.07037748430962343,1.0,0.5062104690311793,True,no_change,0.28564330543933053,0.06577928870292887,,
held_out_both,held_out_both/A549__fold4,ceiling,pert_discrimination,delta,full_pseudobulk,0.03090655509065551,0.048279418113935886,2400.0,240,0.0,0.02898047419804742,0.03296073047419804,1.0,0.102920683795243,True,no_change,0.5,0.03090655509065551,,
held_out_both,held_out_both/A549__fold4,ceiling,pert_discrimination,delta,replicate_half,0.03090655509065551,0.048279418113935886,2400.0,240,0.0,0.029028852859135288,0.03282317817294282,1.0,0.102920683795243,True,no_change,0.5,0.03090655509065551,,
held_out_both,held_out_both/A549__fold4,global_mean_delta,direction_acc_de,absolute,full_pseudobulk,0.9952342884819612,0.009806289057563167,87.0,240,153.0,0.9929897821143909,0.9971325092687386,0.0,2.899537168482212,True,global_mean_delta,0.9952342884819612,0.9986163072276275,0.0,
held_out_both,held_out_both/A549__fold4,global_mean_delta,direction_acc_de,absolute,replicate_half,0.9950769869667165,0.009940678879629662,870.0,240,1530.0,0.9944128375611408,0.9957701943101569,0.0,2.8086406843191605,True,global_mean_delta,0.9950769869667165,0.9986163072276275,0.0,
held_out_both,held_out_both/A549__fold4,global_mean_delta,direction_acc_de,delta,full_pseudobulk,0.5867905137873927,0.3050890881574723,87.0,240,153.0,0.5176473182297421,0.6487786071831771,0.0,0.7538488184432242,True,global_mean_delta,0.5867905137873927,0.9914990981790388,0.0,
held_out_both,held_out_both/A549__fold4,global_mean_delta,direction_acc_de,delta,replicate_half,0.5873554969346431,0.30324473840415744,870.0,240,1530.0,0.5669096682336029,0.6084089708066297,0.0,0.7503390811346231,True,global_mean_delta,0.5873554969346431,0.9914990981790388,0.0,
held_out_both,held_out_both/A549__fold4,global_mean_delta,mae,absolute,full_pseudobulk,0.021450971800065003,0.005263471532451682,240.0,240,0.0,0.020838165110977216,0.022147374554022964,,,False,no_change,0.01974709460123644,0.02720516122720295,0.0,
held_out_both,held_out_both/A549__fold4,global_mean_delta,mae,absolute,replicate_half,0.02560291914396247,0.00538394571992882,2400.0,240,0.0,0.02538914299176728,0.025827456508316284,,,False,no_change,0.02415006825838585,0.02720516122720295,0.0,
held_out_both,held_out_both/A549__fold4,global_mean_delta,mae,delta,full_pseudobulk,0.021450971800065003,0.005263471532451682,240.0,240,0.0,0.020833292019970463,0.022127696697024916,,,False,no_change,0.01974709460123644,0.02720516122720295,0.0,
held_out_both,held_out_both/A549__fold4,global_mean_delta,mae,delta,replicate_half,0.02560291914396247,0.00538394571992882,2400.0,240,0.0,0.02537690948836271,0.025816263403190026,,,False,no_change,0.02415006825838585,0.02720516122720295,0.0,
held_out_both,held_out_both/A549__fold4,global_mean_delta,pearson_r,absolute,full_pseudobulk,0.9895098344629942,0.009183711548990699,240.0,240,0.0,0.9882759528790922,0.9905688289260773,,,False,global_mean_delta,0.9895098344629942,0.9857679904834303,0.0,
held_out_both,held_out_both/A549__fold4,global_mean_delta,pearson_r,absolute,replicate_half,0.9860265344173371,0.009628782884825502,2400.0,240,0.0,0.9856382394909372,0.9863892532686099,,,False,global_mean_delta,0.9860265344173371,0.9857679904834303,0.0,
held_out_both,held_out_both/A549__fold4,global_mean_delta,pearson_r,delta,full_pseudobulk,0.050929138584467015,0.12598574104779575,240.0,240,0.0,0.03528618249559056,0.06675609572100058,0.0,0.38634306196945034,True,global_mean_delta,0.050929138584467015,0.37702724529191434,0.0,
held_out_both,held_out_both/A549__fold4,global_mean_delta,pearson_r,delta,replicate_half,0.04419695611266258,0.11315996045969358,2400.0,240,0.0,0.039380869176468436,0.048926916277291496,0.0,0.3399929758158196,True,global_mean_delta,0.04419695611266258,0.37702724529191434,0.0,
held_out_both,held_out_both/A549__fold4,global_mean_delta,pearson_r_de,absolute,full_pseudobulk,0.9436989823348967,0.16731753825524365,87.0,240,153.0,0.903918842657445,0.9734058976240366,0.0,3.3761359202416554,True,global_mean_delta,0.9436989823348967,0.9932578692422898,0.0,
held_out_both,held_out_both/A549__fold4,global_mean_delta,pearson_r_de,absolute,replicate_half,0.9426308367835838,0.1662325764668933,870.0,240,1530.0,0.9301397839203477,0.9528475464126908,0.0,3.2834746259813143,True,global_mean_delta,0.9426308367835838,0.9932578692422898,0.0,
held_out_both,held_out_both/A549__fold4,global_mean_delta,pearson_r_de,delta,full_pseudobulk,0.16635609223657444,0.5865939128521679,87.0,240,153.0,0.03516693814043277,0.28743392278830726,0.0,0.9477450973736812,True,global_mean_delta,0.16635609223657444,0.7852924649782453,0.0,
held_out_both,held_out_both/A549__fold4,global_mean_delta,pearson_r_de,delta,replicate_half,0.18388362924710153,0.5659160459567625,870.0,240,1530.0,0.14878420485054925,0.2210370208463344,0.0,0.9409839236378493,True,global_mean_delta,0.18388362924710153,0.7852924649782453,0.0,
held_out_both,held_out_both/A549__fold4,global_mean_delta,pert_discrimination,absolute,full_pseudobulk,0.2660564853556485,0.2703309495574762,240.0,240,0.0,0.23509065550906555,0.30324877963737795,-0.0012201605382649635,1.3514309229308985,True,no_change,0.2658124128312413,0.06577928870292887,0.0,
held_out_both,held_out_both/A549__fold4,global_mean_delta,pert_discrimination,absolute,replicate_half,0.28528242677824267,0.2715236082596521,2400.0,240,0.0,0.27445149058577406,0.29664714086471405,0.0016413720919168098,1.2349615561930989,True,no_change,0.28564330543933053,0.06577928870292887,0.0,
held_out_both,held_out_both/A549__fold4,global_mean_delta,pert_discrimination,delta,full_pseudobulk,0.5,0.2904862754428415,240.0,240,0.0,0.46434056834030685,0.5360922245467226,-0.0,0.6192503404070802,True,no_change,0.5,0.03090655509065551,0.0,
held_out_both,held_out_both/A549__fold4,global_mean_delta,pert_discrimination,delta,replicate_half,0.5,0.289940874632331,2400.0,240,0.0,0.48873919107391917,0.5118603992329149,-0.0,0.6180876705458206,True,no_change,0.5,0.03090655509065551,0.0,
held_out_both,held_out_both/A549__fold4,nearest_context,direction_acc_de,absolute,full_pseudobulk,0.9952342884819612,0.009806289057563167,87.0,240,153.0,0.9930517594264333,0.9971912123080627,0.0,2.899537168482212,True,global_mean_delta,0.9952342884819612,0.9986163072276275,1.0,0.0
held_out_both,held_out_both/A549__fold4,nearest_context,direction_acc_de,absolute,replicate_half,0.9950769869667165,0.009940678879629662,870.0,240,1530.0,0.9943641800547633,0.9957310544523938,0.0,2.8086406843191605,True,global_mean_delta,0.9950769869667165,0.9986163072276275,1.0,0.0
held_out_both,held_out_both/A549__fold4,nearest_context,direction_acc_de,delta,full_pseudobulk,0.5867905137873927,0.3050890881574723,87.0,240,153.0,0.5248907812604978,0.6469476888973619,0.0,0.7538488184432242,True,global_mean_delta,0.5867905137873927,0.9914990981790388,1.0,0.0
held_out_both,held_out_both/A549__fold4,nearest_context,direction_acc_de,delta,replicate_half,0.5873554969346431,0.30324473840415744,870.0,240,1530.0,0.5685270853852338,0.6068785821080921,0.0,0.7503390811346231,True,global_mean_delta,0.5873554969346431,0.9914990981790388,1.0,0.0
held_out_both,held_out_both/A549__fold4,nearest_context,mae,absolute,full_pseudobulk,0.021450971800065003,0.005263471532451682,240.0,240,0.0,0.020864794293820186,0.02212441683752097,,,False,no_change,0.01974709460123644,0.02720516122720295,1.0,0.0
held_out_both,held_out_both/A549__fold4,nearest_context,mae,absolute,replicate_half,0.02560291914396247,0.00538394571992882,2400.0,240,0.0,0.02539765751870183,0.025800957201436554,,,False,no_change,0.02415006825838585,0.02720516122720295,1.0,0.0
held_out_both,held_out_both/A549__fold4,nearest_context,mae,delta,full_pseudobulk,0.021450971800065003,0.005263471532451682,240.0,240,0.0,0.020806996644075565,0.022150181106874937,,,False,no_change,0.01974709460123644,0.02720516122720295,1.0,0.0
held_out_both,held_out_both/A549__fold4,nearest_context,mae,delta,replicate_half,0.02560291914396247,0.00538394571992882,2400.0,240,0.0,0.025403275199128435,0.025822415732611625,,,False,no_change,0.02415006825838585,0.02720516122720295,1.0,0.0
held_out_both,held_out_both/A549__fold4,nearest_context,pearson_r,absolute,full_pseudobulk,0.9895098344629942,0.009183711548990699,240.0,240,0.0,0.9882934506446794,0.9906236625272126,,,False,global_mean_delta,0.9895098344629942,0.9857679904834303,1.0,0.0
held_out_both,held_out_both/A549__fold4,nearest_context,pearson_r,absolute,replicate_half,0.9860265344173371,0.009628782884825502,2400.0,240,0.0,0.9856445363935464,0.986384322277352,,,False,global_mean_delta,0.9860265344173371,0.9857679904834303,1.0,0.0
held_out_both,held_out_both/A549__fold4,nearest_context,pearson_r,delta,full_pseudobulk,0.050929138584467015,0.12598574104779575,240.0,240,0.0,0.0344593161375386,0.0660326175255803,0.0,0.38634306196945034,True,global_mean_delta,0.050929138584467015,0.37702724529191434,1.0,0.0
held_out_both,held_out_both/A549__fold4,nearest_context,pearson_r,delta,replicate_half,0.04419695611266258,0.11315996045969358,2400.0,240,0.0,0.03948102782675722,0.04836636988229891,0.0,0.3399929758158196,True,global_mean_delta,0.04419695611266258,0.37702724529191434,1.0,0.0
held_out_both,held_out_both/A549__fold4,nearest_context,pearson_r_de,absolute,full_pseudobulk,0.9436989823348967,0.16731753825524365,87.0,240,153.0,0.9041274308048007,0.971171322835057,0.0,3.3761359202416554,True,global_mean_delta,0.9436989823348967,0.9932578692422898,1.0,0.0
held_out_both,held_out_both/A549__fold4,nearest_context,pearson_r_de,absolute,replicate_half,0.9426308367835838,0.1662325764668933,870.0,240,1530.0,0.931061782375856,0.9530717940285706,0.0,3.2834746259813143,True,global_mean_delta,0.9426308367835838,0.9932578692422898,1.0,0.0
held_out_both,held_out_both/A549__fold4,nearest_context,pearson_r_de,delta,full_pseudobulk,0.16635609223657444,0.5865939128521679,87.0,240,153.0,0.05013110193520736,0.28659055710070613,0.0,0.9477450973736812,True,global_mean_delta,0.16635609223657444,0.7852924649782453,1.0,0.0
held_out_both,held_out_both/A549__fold4,nearest_context,pearson_r_de,delta,replicate_half,0.18388362924710153,0.5659160459567625,870.0,240,1530.0,0.14656232677890715,0.22476114953362736,0.0,0.9409839236378493,True,global_mean_delta,0.18388362924710153,0.7852924649782453,1.0,0.0
held_out_both,held_out_both/A549__fold4,nearest_context,pert_discrimination,absolute,full_pseudobulk,0.2660564853556485,0.2703309495574762,240.0,240,0.0,0.23280770571827056,0.29803347280334724,-0.0012201605382649635,1.3514309229308985,True,no_change,0.2658124128312413,0.06577928870292887,1.0,0.0
held_out_both,held_out_both/A549__fold4,nearest_context,pert_discrimination,absolute,replicate_half,0.28528242677824267,0.2715236082596521,2400.0,240,0.0,0.2742287308228731,0.2959055526499302,0.0016413720919168098,1.2349615561930989,True,no_change,0.28564330543933053,0.06577928870292887,1.0,0.0
held_out_both,held_out_both/A549__fold4,nearest_context,pert_discrimination,delta,full_pseudobulk,0.5,0.2904862754428415,240.0,240,0.0,0.4605604951185496,0.5352506101813109,-0.0,0.6192503404070802,True,no_change,0.5,0.03090655509065551,1.0,0.0
held_out_both,held_out_both/A549__fold4,nearest_context,pert_discrimination,delta,replicate_half,0.5,0.289940874632331,2400.0,240,0.0,0.4884706677126918,0.5115788877266387,-0.0,0.6180876705458206,True,no_change,0.5,0.03090655509065551,1.0,0.0
held_out_both,held_out_both/A549__fold4,no_change,direction_acc_de,absolute,full_pseudobulk,0.9982078796162027,0.004347621682584528,87.0,240,153.0,0.997273686438449,0.9990802487541769,0.8792355565893478,1.2855108175126126,True,global_mean_delta,0.9952342884819612,0.9986163072276275,0.0,
held_out_both,held_out_both/A549__fold4,no_change,direction_acc_de,absolute,replicate_half,0.9981202430794569,0.004467718573674153,870.0,240,1530.0,0.9978304619409859,0.9984103488063696,0.8598419720167044,1.2623097782409283,True,global_mean_delta,0.9950769869667165,0.9986163072276275,0.0,
held_out_both,held_out_both/A549__fold4,no_change,direction_acc_de,delta,full_pseudobulk,0.0,0.0,87.0,240,153.0,0.0,0.0,-1.44990874030866,0.0,True,global_mean_delta,0.5867905137873927,0.9914990981790388,0.0,
held_out_both,held_out_both/A549__fold4,no_change,direction_acc_de,delta,replicate_half,9.084661759779454e-05,0.0005207431814660525,870.0,240,1530.0,5.7693603097347485e-05,0.0001243411929758867,-1.453108866523688,0.0012885102717515157,True,global_mean_delta,0.5873554969346431,0.9914990981790388,0.0,
held_out_both,held_out_both/A549__fold4,no_change,mae,absolute,full_pseudobulk,0.01974709460123644,0.005829355782079836,240.0,240,0.0,0.0190292837740845,0.020506833362454877,,,False,no_change,0.01974709460123644,0.02720516122720295,0.0,
held_out_both,held_out_both/A549__fold4,no_change,mae,absolute,replicate_half,0.02415006825838585,0.005886795341316137,2400.0,240,0.0,0.023909659198599595,0.024398138160466792,,,False,no_change,0.02415006825838585,0.02720516122720295,0.0,
held_out_both,held_out_both/A549__fold4,no_change,mae,delta,full_pseudobulk,0.01974709460123644,0.005829355782079836,240.0,240,0.0,0.019031954384973487,0.020514649161892582,,,False,no_change,0.01974709460123644,0.02720516122720295,0.0,
held_out_both,held_out_both/A549__fold4,no_change,mae,delta,replicate_half,0.02415006825838585,0.005886795341316137,2400.0,240,0.0,0.023907951333062855,0.024405141988770637,,,False,no_change,0.02415006825838585,0.02720516122720295,0.0,
held_out_both,held_out_both/A549__fold4,no_change,pearson_r,absolute,full_pseudobulk,0.9901045484987631,0.009814412870481577,240.0,240,0.0,0.9888326597248723,0.9912279778415057,,,False,global_mean_delta,0.9895098344629942,0.9857679904834303,0.0,
held_out_both,held_out_both/A549__fold4,no_change,pearson_r,absolute,replicate_half,0.9866236434608069,0.010267368367232492,2400.0,240,0.0,0.9862083137120621,0.9870070414563543,,,False,global_mean_delta,0.9860265344173371,0.9857679904834303,0.0,
held_out_both,held_out_both/A549__fold4,no_change,pearson_r,delta,full_pseudobulk,,,0.0,240,240.0,,,,,True,global_mean_delta,0.050929138584467015,0.37702724529191434,0.0,
held_out_both,held_out_both/A549__fold4,no_change,pearson_r,delta,replicate_half,,,0.0,240,2400.0,,,,,True,global_mean_delta,0.04419695611266258,0.37702724529191434,0.0,
held_out_both,held_out_both/A549__fold4,no_change,pearson_r_de,absolute,full_pseudobulk,0.9500304910925929,0.13823034897919836,87.0,240,153.0,0.9169327216417524,0.9727061869390312,0.12775728336125422,2.789214157240838,True,global_mean_delta,0.9436989823348967,0.9932578692422898,0.0,
held_out_both,held_out_both/A549__fold4,no_change,pearson_r_de,absolute,replicate_half,0.949023608615246,0.135609568784366,870.0,240,1530.0,0.9395214082124269,0.957242122602418,0.1262719049724371,2.6785999928985826,True,global_mean_delta,0.9426308367835838,0.9932578692422898,0.0,
held_out_both,held_out_both/A549__fold4,no_change,pearson_r_de,delta,full_pseudobulk,,,0.0,240,240.0,,,,,True,global_mean_delta,0.16635609223657444,0.7852924649782453,0.0,
held_out_both,held_out_both/A549__fold4,no_change,pearson_r_de,delta,replicate_half,,,0.0,240,2400.0,,,,,True,global_mean_delta,0.18388362924710153,0.7852924649782453,0.0,
held_out_both,held_out_both/A549__fold4,no_change,pert_discrimination,absolute,full_pseudobulk,0.2658124128312413,0.27166831837255284,240.0,240,0.0,0.22915271966527195,0.30029680962343097,-0.0,1.3581166597102667,True,no_change,0.2658124128312413,0.06577928870292887,0.0,
held_out_both,held_out_both/A549__fold4,no_change,pert_discrimination,absolute,replicate_half,0.28564330543933053,0.27201203983581324,2400.0,240,0.0,0.2754229864016737,0.2972496077405858,-0.0,1.237183072853311,True,no_change,0.28564330543933053,0.06577928870292887,0.0,
held_out_both,held_out_both/A549__fold4,no_change,pert_discrimination,delta,full_pseudobulk,0.5,0.29048627544284156,240.0,240,0.0,0.4626067817294282,0.5364243375174337,-0.0,0.6192503404070803,True,no_change,0.5,0.03090655509065551,0.0,
held_out_both,held_out_both/A549__fold4,no_change,pert_discrimination,delta,replicate_half,0.5,0.289940874632331,2400.0,240,0.0,0.4896861488842399,0.5108856345885634,-0.0,0.6180876705458206,True,no_change,0.5,0.03090655509065551,0.0,
held_out_both,held_out_both/A549__fold4,per_drug_mean_delta,direction_acc_de,absolute,full_pseudobulk,0.9952342884819612,0.009806289057563167,87.0,240,153.0,0.9931465312235678,0.9970717296508852,0.0,2.899537168482212,True,global_mean_delta,0.9952342884819612,0.9986163072276275,1.0,0.0
held_out_both,held_out_both/A549__fold4,per_drug_mean_delta,direction_acc_de,absolute,replicate_half,0.9950769869667165,0.009940678879629662,870.0,240,1530.0,0.9944535531077091,0.9957088084120026,0.0,2.8086406843191605,True,global_mean_delta,0.9950769869667165,0.9986163072276275,1.0,0.0
held_out_both,held_out_both/A549__fold4,per_drug_mean_delta,direction_acc_de,delta,full_pseudobulk,0.5867905137873927,0.3050890881574723,87.0,240,153.0,0.5220799164214901,0.6515010624125182,0.0,0.7538488184432242,True,global_mean_delta,0.5867905137873927,0.9914990981790388,1.0,0.0
held_out_both,held_out_both/A549__fold4,per_drug_mean_delta,direction_acc_de,delta,replicate_half,0.5873554969346431,0.30324473840415744,870.0,240,1530.0,0.5679623330996724,0.6073907906340946,0.0,0.7503390811346231,True,global_mean_delta,0.5873554969346431,0.9914990981790388,1.0,0.0
held_out_both,held_out_both/A549__fold4,per_drug_mean_delta,mae,absolute,full_pseudobulk,0.021450971800065003,0.005263471532451682,240.0,240,0.0,0.02077613556664156,0.02214104681829841,,,False,no_change,0.01974709460123644,0.02720516122720295,1.0,0.0
held_out_both,held_out_both/A549__fold4,per_drug_mean_delta,mae,absolute,replicate_half,0.02560291914396247,0.00538394571992882,2400.0,240,0.0,0.025383962433077438,0.025817946832512772,,,False,no_change,0.02415006825838585,0.02720516122720295,1.0,0.0
held_out_both,held_out_both/A549__fold4,per_drug_mean_delta,mae,delta,full_pseudobulk,0.021450971800065003,0.005263471532451682,240.0,240,0.0,0.020865170228285868,0.02216585987766513,,,False,no_change,0.01974709460123644,0.02720516122720295,1.0,0.0
held_out_both,held_out_both/A549__fold4,per_drug_mean_delta,mae,delta,replicate_half,0.02560291914396247,0.00538394571992882,2400.0,240,0.0,0.02539703765423423,0.025809986643177556,,,False,no_change,0.02415006825838585,0.02720516122720295,1.0,0.0
held_out_both,held_out_both/A549__fold4,per_drug_mean_delta,pearson_r,absolute,full_pseudobulk,0.9895098344629942,0.009183711548990699,240.0,240,0.0,0.9883714130654209,0.99056354778464,,,False,global_mean_delta,0.9895098344629942,0.9857679904834303,1.0,0.0
held_out_both,held_out_both/A549__fold4,per_drug_mean_delta,pearson_r,absolute,replicate_half,0.9860265344173371,0.009628782884825502,2400.0,240,0.0,0.9856318952622064,0.9863951464947915,,,False,global_mean_delta,0.9860265344173371,0.9857679904834303,1.0,0.0
held_out_both,held_out_both/A549__fold4,per_drug_mean_delta,pearson_r,delta,full_pseudobulk,0.050929138584467015,0.12598574104779575,240.0,240,0.0,0.03612705461369238,0.06622900365396839,0.0,0.38634306196945034,True,global_mean_delta,0.050929138584467015,0.37702724529191434,1.0,0.0
held_out_both,held_out_both/A549__fold4,per_drug_mean_delta,pearson_r,delta,replicate_half,0.04419695611266258,0.11315996045969358,2400.0,240,0.0,0.03947862571684794,0.04880597014984176,0.0,0.3399929758158196,True,global_mean_delta,0.04419695611266258,0.37702724529191434,1.0,0.0
held_out_both,held_out_both/A549__fold4,per_drug_mean_delta,pearson_r_de,absolute,full_pseudobulk,0.9436989823348967,0.16731753825524365,87.0,240,153.0,0.9047980007623128,0.9722021518795888,0.0,3.3761359202416554,True,global_mean_delta,0.9436989823348967,0.9932578692422898,1.0,0.0
held_out_both,held_out_both/A549__fold4,per_drug_mean_delta,pearson_r_de,absolute,replicate_half,0.9426308367835838,0.1662325764668933,870.0,240,1530.0,0.9311381022908954,0.9531867807784588,0.0,3.2834746259813143,True,global_mean_delta,0.9426308367835838,0.9932578692422898,1.0,0.0
held_out_both,held_out_both/A549__fold4,per_drug_mean_delta,pearson_r_de,delta,full_pseudobulk,0.16635609223657444,0.5865939128521679,87.0,240,153.0,0.03967779055647802,0.28534346369301045,0.0,0.9477450973736812,True,global_mean_delta,0.16635609223657444,0.7852924649782453,1.0,0.0
held_out_both,held_out_both/A549__fold4,per_drug_mean_delta,pearson_r_de,delta,replicate_half,0.18388362924710153,0.5659160459567625,870.0,240,1530.0,0.14465011084859136,0.22007594005582423,0.0,0.9409839236378493,True,global_mean_delta,0.18388362924710153,0.7852924649782453,1.0,0.0
held_out_both,held_out_both/A549__fold4,per_drug_mean_delta,pert_discrimination,absolute,full_pseudobulk,0.2660564853556485,0.2703309495574762,240.0,240,0.0,0.2319342747559275,0.3014823047419805,-0.0012201605382649635,1.3514309229308985,True,no_change,0.2658124128312413,0.06577928870292887,1.0,0.0
held_out_both,held_out_both/A549__fold4,per_drug_mean_delta,pert_discrimination,absolute,replicate_half,0.28528242677824267,0.2715236082596521,2400.0,240,0.0,0.27360861227336125,0.29643872036262203,0.0016413720919168098,1.2349615561930989,True,no_change,0.28564330543933053,0.06577928870292887,1.0,0.0
held_out_both,held_out_both/A549__fold4,per_drug_mean_delta,pert_discrimination,delta,full_pseudobulk,0.5,0.2904862754428415,240.0,240,0.0,0.46190681659693167,0.5341553347280336,-0.0,0.6192503404070802,True,no_change,0.5,0.03090655509065551,1.0,0.0
held_out_both,held_out_both/A549__fold4,per_drug_mean_delta,pert_discrimination,delta,replicate_half,0.5,0.289940874632331,2400.0,240,0.0,0.4881745990237099,0.5119302649930264,-0.0,0.6180876705458206,True,no_change,0.5,0.03090655509065551,1.0,0.0
held_out_both,held_out_both/A549__fold4,ridge_no_drug,direction_acc_de,absolute,full_pseudobulk,0.9492270088067734,0.06834457390775504,87.0,240,153.0,0.934413731067528,0.9633663441418346,-13.603496353809575,20.208218536733547,True,global_mean_delta,0.9952342884819612,0.9986163072276275,0.0,
held_out_both,held_out_both/A549__fold4,ridge_no_drug,direction_acc_de,absolute,replicate_half,0.9490505857835675,0.06796795329915084,870.0,240,1530.0,0.9445422890770225,0.9536418280025962,-13.004305287508085,19.203674233666785,True,global_mean_delta,0.9950769869667165,0.9986163072276275,0.0,
held_out_both,held_out_both/A549__fold4,ridge_no_drug,direction_acc_de,delta,full_pseudobulk,0.5901597565536035,0.2565399154075101,87.0,240,153.0,0.5338225792725647,0.646531554158684,0.00832510822886418,0.6338880006539478,True,global_mean_delta,0.5867905137873927,0.9914990981790388,0.0,
held_out_both,held_out_both/A549__fold4,ridge_no_drug,direction_acc_de,delta,replicate_half,0.5893783747704496,0.25522820133088714,870.0,240,1530.0,0.5722525327937231,0.6062400001276846,0.005005344213239898,0.6315284976553278,True,global_mean_delta,0.5873554969346431,0.9914990981790388,0.0,
held_out_both,held_out_both/A549__fold4,ridge_no_drug,mae,absolute,full_pseudobulk,0.06715554279767282,0.0045499824902234,240.0,240,0.0,0.06658160986193823,0.06772527590959929,,,False,no_change,0.01974709460123644,0.02720516122720295,0.0,
held_out_both,held_out_both/A549__fold4,ridge_no_drug,mae,absolute,replicate_half,0.068964518572265,0.00430209201525904,2400.0,240,0.0,0.06879039270325434,0.06913678160625798,,,False,no_change,0.02415006825838585,0.02720516122720295,0.0,
held_out_both,held_out_both/A549__fold4,ridge_no_drug,mae,delta,full_pseudobulk,0.06715554279767282,0.0045499824902234,240.0,240,0.0,0.06660918271557378,0.0677732845627834,,,False,no_change,0.01974709460123644,0.02720516122720295,0.0,
held_out_both,held_out_both/A549__fold4,ridge_no_drug,mae,delta,replicate_half,0.068964518572265,0.00430209201525904,2400.0,240,0.0,0.06879548690895455,0.06914233993847985,,,False,no_change,0.02415006825838585,0.02720516122720295,0.0,
held_out_both,held_out_both/A549__fold4,ridge_no_drug,pearson_r,absolute,full_pseudobulk,0.9322556243633903,0.009773910618922459,240.0,240,0.0,0.9309672426447813,0.9334616190232786,,,False,global_mean_delta,0.9895098344629942,0.9857679904834303,0.0,
held_out_both,held_out_both/A549__fold4,ridge_no_drug,pearson_r,absolute,replicate_half,0.9289782175416402,0.009999061298089511,2400.0,240,0.0,0.9285630999620126,0.9293727601553619,,,False,global_mean_delta,0.9860265344173371,0.9857679904834303,0.0,
held_out_both,held_out_both/A549__fold4,ridge_no_drug,pearson_r,delta,full_pseudobulk,0.0004137001186842751,0.07116578547717774,240.0,240,0.0,-0.008581312674068803,0.00919000491027047,-0.15490871436153936,0.21823427984825058,True,global_mean_delta,0.050929138584467015,0.37702724529191434,0.0,
held_out_both,held_out_both/A549__fold4,ridge_no_drug,pearson_r,delta,replicate_half,0.0015051163317970043,0.0630233073451596,2400.0,240,0.0,-0.001029164151769127,0.0041006615333098176,-0.12826909439685377,0.18935568484639106,True,global_mean_delta,0.04419695611266258,0.37702724529191434,0.0,
held_out_both,held_out_both/A549__fold4,ridge_no_drug,pearson_r_de,absolute,full_pseudobulk,0.8916092698266477,0.26994950879981844,87.0,240,153.0,0.8288055399666003,0.938803791024287,-1.051067038805474,5.4470454371635215,True,global_mean_delta,0.9436989823348967,0.9932578692422898,0.0,
held_out_both,held_out_both/A549__fold4,ridge_no_drug,pearson_r_de,absolute,replicate_half,0.8905592275702545,0.2686993581464853,870.0,240,1530.0,0.8709714036200805,0.9074503781871704,-1.0285337039219447,5.3074285633006575,True,global_mean_delta,0.9426308367835838,0.9932578692422898,0.0,
held_out_both,held_out_both/A549__fold4,ridge_no_drug,pearson_r_de,delta,full_pseudobulk,-0.026012340707956404,0.5528055036444364,87.0,240,153.0,-0.13735475711118053,0.08534265052537866,-0.31080486042920086,0.8931540106387705,True,global_mean_delta,0.16635609223657444,0.7852924649782453,0.0,
held_out_both,held_out_both/A549__fold4,ridge_no_drug,pearson_r_de,delta,replicate_half,-0.027661972492914987,0.5396814725251879,870.0,240,1530.0,-0.06418573447327726,0.007435633190016787,-0.35175007278174864,0.8973620613157225,True,global_mean_delta,0.18388362924710153,0.7852924649782453,0.0,
held_out_both,held_out_both/A549__fold4,ridge_no_drug,pert_discrimination,absolute,full_pseudobulk,0.3514644351464435,0.25728918844001647,240.0,240,0.0,0.3183206938633194,0.384682269874477,-0.4281891946068902,1.2862329154794223,True,no_change,0.2658124128312413,0.06577928870292887,0.0,
held_out_both,held_out_both/A549__fold4,ridge_no_drug,pert_discrimination,absolute,replicate_half,0.35565027894002793,0.26023943486462014,2400.0,240,0.0,0.34537260285913524,0.3662216265690377,-0.3184103271643119,1.183638135641928,True,no_change,0.28564330543933053,0.06577928870292887,0.0,
held_out_both,held_out_both/A549__fold4,ridge_no_drug,pert_discrimination,delta,full_pseudobulk,0.5014644351464436,0.2883456727098721,240.0,240,0.0,0.46367939330543934,0.5360730474198048,-0.0031218409942321357,0.6146870646755613,True,no_change,0.5,0.03090655509065551,0.0,
held_out_both,held_out_both/A549__fold4,ridge_no_drug,pert_discrimination,delta,replicate_half,0.49719839609483957,0.287668757605872,2400.0,240,0.0,0.48577841701534175,0.5086783472803348,0.005972379140155884,0.6132440364018856,True,no_change,0.5,0.03090655509065551,0.0,
held_out_both,held_out_both/K562__fold0,ceiling,direction_acc_de,absolute,full_pseudobulk,0.9975219639882614,0.008917935097755307,710.0,136,650.0,0.9967896848468301,0.9981313802982781,1.0,1.4261304312466911,True,global_mean_delta,0.9912687245212658,0.9975219639882614,,
held_out_both,held_out_both/K562__fold0,ceiling,direction_acc_de,absolute,replicate_half,0.9975219639882614,0.008917935097755307,710.0,136,650.0,0.9968231080316685,0.9981494729861832,1.0,1.3068857692134814,True,global_mean_delta,0.9906981578777072,0.9975219639882614,,
held_out_both,held_out_both/K562__fold0,ceiling,direction_acc_de,delta,full_pseudobulk,0.991123534681263,0.018569429430282787,710.0,136,650.0,0.9897468192385047,0.9924394569190417,1.0,0.04573418047494139,True,global_mean_delta,0.5850939691037772,0.991123534681263,,
held_out_both,held_out_both/K562__fold0,ceiling,direction_acc_de,delta,replicate_half,0.991123534681263,0.018569429430282787,710.0,136,650.0,0.9897338699371049,0.9924242021273739,1.0,0.04575861677667493,True,global_mean_delta,0.5853107995430715,0.991123534681263,,
held_out_both,held_out_both/K562__fold0,ceiling,mae,absolute,full_pseudobulk,0.030081270125193422,0.004433065495006684,1360.0,136,0.0,0.029837047272138602,0.03033688066137545,,,False,no_change,0.022277254661466298,0.030081270125193422,,
held_out_both,held_out_both/K562__fold0,ceiling,mae,absolute,replicate_half,0.030081270125193422,0.004433065495006684,1360.0,136,0.0,0.02984926877287966,0.030321602634919884,,,False,no_change,0.027011798880214644,0.030081270125193422,,
held_out_both,held_out_both/K562__fold0,ceiling,mae,delta,full_pseudobulk,0.030081270125193422,0.004433065495006684,1360.0,136,0.0,0.029830396955205493,0.030312296581876515,,,False,no_change,0.022277254661466298,0.030081270125193422,,
held_out_both,held_out_both/K562__fold0,ceiling,mae,delta,replicate_half,0.030081270125193422,0.004433065495006684,1360.0,136,0.0,0.02986076356584988,0.030311527850061172,,,False,no_change,0.027011798880214644,0.030081270125193422,,
held_out_both,held_out_both/K562__fold0,ceiling,pearson_r,absolute,full_pseudobulk,0.9787824812292579,0.007461307092300612,1360.0,136,0.0,0.9784089853386021,0.9791767193846215,,,False,global_mean_delta,0.984581776311361,0.9787824812292579,,
held_out_both,held_out_both/K562__fold0,ceiling,pearson_r,absolute,replicate_half,0.9787824812292579,0.007461307092300612,1360.0,136,0.0,0.978385131978454,0.9791756295432316,,,False,global_mean_delta,0.9794150738591879,0.9787824812292579,,
held_out_both,held_out_both/K562__fold0,ceiling,pearson_r,delta,full_pseudobulk,0.38211826763903517,0.15622447845231166,1360.0,136,0.0,0.37362163188208375,0.39090656688141545,1.0,0.4636686421315636,True,global_mean_delta,0.04518696744560139,0.38211826763903517,,
held_out_both,held_out_both/K562__fold0,ceiling,pearson_r,delta,replicate_half,0.38211826763903517,0.15622447845231166,1360.0,136,0.0,0.3733619434632922,0.39040310081687973,1.0,0.4538004778252404,True,global_mean_delta,0.037860193692109856,0.38211826763903517,,
held_out_both,held_out_both/K562__fold0,ceiling,pearson_r_de,absolute,full_pseudobulk,0.9572016344691302,0.0636259064917865,710.0,136,650.0,0.9526231790462217,0.961836882874655,1.0,1.3684812069214507,True,global_mean_delta,0.9107078235421099,0.9572016344691302,,
held_out_both,held_out_both/K562__fold0,ceiling,pearson_r_de,absolute,replicate_half,0.9572016344691302,0.0636259064917865,710.0,136,650.0,0.9527760035967039,0.9612809404604433,1.0,1.1232175290648185,True,global_mean_delta,0.9005555219883529,0.9572016344691302,,
held_out_both,held_out_both/K562__fold0,ceiling,pearson_r_de,delta,full_pseudobulk,0.6367501795676876,0.40565996619892336,710.0,136,650.0,0.6062963968638166,0.6633672206329516,1.0,0.6528092935661408,True,global_mean_delta,0.01534363680402672,0.6367501795676876,,
held_out_both,held_out_both/K562__fold0,ceiling,pearson_r_de,delta,replicate_half,0.6367501795676876,0.40565996619892336,710.0,136,650.0,0.6050970576797529,0.6661584731727072,1.0,0.6629775040264433,True,global_mean_delta,0.024874265626053566,0.6367501795676876,,
held_out_both,held_out_both/K562__fold0,ceiling,pert_discrimination,absolute,full_pseudobulk,0.09217864923747277,0.14410330770969335,1360.0,136,0.0,0.08486288126361656,0.10067633442265796,1.0,0.3833512126970514,True,no_change,0.46808278867102393,0.09217864923747277,,
held_out_both,held_out_both/K562__fold0,ceiling,pert_discrimination,absolute,replicate_half,0.09217864923747277,0.14410330770969335,1360.0,136,0.0,0.08475953159041395,0.099505174291939,1.0,0.37553216038351384,True,no_change,0.47590958605664485,0.09217864923747277,,
held_out_both,held_out_both/K562__fold0,ceiling,pert_discrimination,delta,full_pseudobulk,0.024324618736383443,0.08437671569445016,1360.0,136,0.0,0.019960511982570806,0.028862745098039214,1.0,0.17738297800972186,True,no_change,0.5,0.024324618736383443,,
held_out_both,held_out_both/K562__fold0,ceiling,pert_discrimination,delta,replicate_half,0.024324618736383443,0.08437671569445016,1360.0,136,0.0,0.020092456427015255,0.02863875272331155,1.0,0.17738297800972186,True,no_change,0.5,0.024324618736383443,,
held_out_both,held_out_both/K562__fold0,global_mean_delta,direction_acc_de,absolute,full_pseudobulk,0.9912687245212658,0.014141292285685484,71.0,136,65.0,0.9877589577266327,0.9943919180100407,0.0,2.261434630853769,True,global_mean_delta,0.9912687245212658,0.9975219639882614,0.0,
held_out_both,held_out_both/K562__fold0,global_mean_delta,direction_acc_de,absolute,replicate_half,0.9906981578777072,0.014808837992793568,710.0,136,650.0,0.989671025052871,0.9916847326961599,0.0,2.1701727383328033,True,global_mean_delta,0.9906981578777072,0.9975219639882614,0.0,
held_out_both,held_out_both/K562__fold0,global_mean_delta,direction_acc_de,delta,full_pseudobulk,0.5850939691037772,0.19331848066387977,71.0,136,65.0,0.541502925430915,0.6279000307533901,0.0,0.47611922148804037,True,global_mean_delta,0.5850939691037772,0.991123534681263,0.0,
held_out_both,held_out_both/K562__fold0,global_mean_delta,direction_acc_de,delta,replicate_half,0.5853107995430715,0.19190736394657087,710.0,136,650.0,0.5723214069939433,0.5994895872570539,0.0,0.4728963566932433,True,global_mean_delta,0.5853107995430715,0.991123534681263,0.0,
held_out_both,held_out_both/K562__fold0,global_mean_delta,mae,absolute,full_pseudobulk,0.023622943355462014,0.006512172364454003,136.0,136,0.0,0.022560063980221045,0.02478161230440014,,,False,no_change,0.022277254661466298,0.030081270125193422,0.0,
held_out_both,held_out_both/K562__fold0,global_mean_delta,mae,absolute,replicate_half,0.028108094288850416,0.006628857815337419,1360.0,136,0.0,0.027755168323137066,0.028471607376350645,,,False,no_change,0.027011798880214644,0.030081270125193422,0.0,
held_out_both,held_out_both/K562__fold0,global_mean_delta,mae,delta,full_pseudobulk,0.023622943355462014,0.006512172364454003,136.0,136,0.0,0.02259309642934545,0.024799888748818753,,,False,no_change,0.022277254661466298,0.030081270125193422,0.0,
held_out_both,held_out_both/K562__fold0,global_mean_delta,mae,delta,replicate_half,0.028108094288850416,0.006628857815337419,1360.0,136,0.0,0.027780076756910934,0.028456250412546923,,,False,no_change,0.027011798880214644,0.030081270125193422,0.0,
held_out_both,held_out_both/K562__fold0,global_mean_delta,pearson_r,absolute,full_pseudobulk,0.984581776311361,0.013103922764927325,136.0,136,0.0,0.9822247581143236,0.9866020583730732,,,False,global_mean_delta,0.984581776311361,0.9787824812292579,0.0,
held_out_both,held_out_both/K562__fold0,global_mean_delta,pearson_r,absolute,replicate_half,0.9794150738591879,0.014289903238558917,1360.0,136,0.0,0.9786375388919238,0.9801395457880917,,,False,global_mean_delta,0.9794150738591879,0.9787824812292579,0.0,
held_out_both,held_out_both/K562__fold0,global_mean_delta,pearson_r,delta,full_pseudobulk,0.04518696744560139,0.1031793778505418,136.0,136,0.0,0.026283299649473117,0.06281608350328668,0.0,0.30623268835903955,True,global_mean_delta,0.04518696744560139,0.38211826763903517,0.0,
held_out_both,held_out_both/K562__fold0,global_mean_delta,pearson_r,delta,replicate_half,0.037860193692109856,0.09443639238438811,1360.0,136,0.0,0.033179781669665454,0.042826325826321864,0.0,0.2743185985492601,True,global_mean_delta,0.037860193692109856,0.38211826763903517,0.0,
held_out_both,held_out_both/K562__fold0,global_mean_delta,pearson_r_de,absolute,full_pseudobulk,0.9107078235421099,0.16188405051908702,71.0,136,65.0,0.8664901953657121,0.9431883960017443,0.0,3.4818408577690194,True,global_mean_delta,0.9107078235421099,0.9572016344691302,0.0,
held_out_both,held_out_both/K562__fold0,global_mean_delta,pearson_r_de,absolute,replicate_half,0.9005555219883529,0.1701445965712697,710.0,136,650.0,0.8881802508254845,0.9126119476152437,0.0,3.003641187716239,True,global_mean_delta,0.9005555219883529,0.9572016344691302,0.0,
held_out_both,held_out_both/K562__fold0,global_mean_delta,pearson_r_de,delta,full_pseudobulk,0.01534363680402672,0.47901589362420843,71.0,136,65.0,-0.11047605184691336,0.13430917170027792,0.0,0.7708574993333989,True,global_mean_delta,0.01534363680402672,0.6367501795676876,0.0,
held_out_both,held_out_both/K562__fold0,global_mean_delta,pearson_r_de,delta,replicate_half,0.024874265626053566,0.46474565876308893,710.0,136,650.0,-0.008522461249080364,0.06156845228161602,0.0,0.7595423323157975,True,global_mean_delta,0.024874265626053566,0.6367501795676876,0.0,
held_out_both,held_out_both/K562__fold0,global_mean_delta,pert_discrimination,absolute,full_pseudobulk,0.4682461873638344,0.30257867584068654,136.0,136,0.0,0.4202056100217865,0.52119825708061,-0.00043468181291294623,0.8049357378629601,True,no_change,0.46808278867102393,0.09217864923747277,0.0,
held_out_both,held_out_both/K562__fold0,global_mean_delta,pert_discrimination,absolute,replicate_half,0.4755664488017429,0.29905974263381513,1360.0,136,0.0,0.4600622276688453,0.49202532679738553,0.0008942131633854295,0.7793474904910858,True,no_change,0.47590958605664485,0.09217864923747277,0.0,
held_out_both,held_out_both/K562__fold0,global_mean_delta,pert_discrimination,delta,full_pseudobulk,0.5,0.2918806779021211,136.0,136,0.0,0.4517973856209151,0.5478907952069717,-0.0,0.6136131685578289,True,no_change,0.5,0.024324618736383443,0.0,
held_out_both,held_out_both/K562__fold0,global_mean_delta,pert_discrimination,delta,replicate_half,0.5,0.2909125801178018,1360.0,136,0.0,0.4845898692810458,0.5149011437908496,-0.0,0.6115779617288617,True,no_change,0.5,0.024324618736383443,0.0,
held_out_both,held_out_both/K562__fold0,nearest_context,direction_acc_de,absolute,full_pseudobulk,0.9912687245212658,0.014141292285685484,71.0,136,65.0,0.9876234689944574,0.9943378272929424,0.0,2.261434630853769,True,global_mean_delta,0.9912687245212658,0.9975219639882614,1.0,0.0
held_out_both,held_out_both/K562__fold0,nearest_context,direction_acc_de,absolute,replicate_half,0.9906981578777072,0.014808837992793568,710.0,136,650.0,0.989627656357746,0.9917813570633788,0.0,2.1701727383328033,True,global_mean_delta,0.9906981578777072,0.9975219639882614,1.0,0.0
held_out_both,held_out_both/K562__fold0,nearest_context,direction_acc_de,delta,full_pseudobulk,0.5850939691037772,0.19331848066387977,71.0,136,65.0,0.5438005757524991,0.6320816997874603,0.0,0.47611922148804037,True,global_mean_delta,0.5850939691037772,0.991123534681263,1.0,0.0
held_out_both,held_out_both/K562__fold0,nearest_context,direction_acc_de,delta,replicate_half,0.5853107995430715,0.19190736394657087,710.0,136,650.0,0.5706102798780717,0.5988590601557424,0.0,0.4728963566932433,True,global_mean_delta,0.5853107995430715,0.991123534681263,1.0,0.0
held_out_both,held_out_both/K562__fold0,nearest_context,mae,absolute,full_pseudobulk,0.023622943355462014,0.006512172364454003,136.0,136,0.0,0.0225960026551257,0.024774340565417798,,,False,no_change,0.022277254661466298,0.030081270125193422,1.0,0.0
held_out_both,held_out_both/K562__fold0,nearest_context,mae,absolute,replicate_half,0.028108094288850416,0.006628857815337419,1360.0,136,0.0,0.027778523972352788,0.028484298435243326,,,False,no_change,0.027011798880214644,0.030081270125193422,1.0,0.0
held_out_both,held_out_both/K562__fold0,nearest_context,mae,delta,full_pseudobulk,0.023622943355462014,0.006512172364454003,136.0,136,0.0,0.022605634023094456,0.02472232272363237,,,False,no_change,0.022277254661466298,0.030081270125193422,1.0,0.0
held_out_both,held_out_both/K562__fold0,nearest_context,mae,delta,replicate_half,0.028108094288850416,0.006628857815337419,1360.0,136,0.0,0.02774589427364684,0.02847087993589222,,,False,no_change,0.027011798880214644,0.030081270125193422,1.0,0.0
held_out_both,held_out_both/K562__fold0,nearest_context,pearson_r,absolute,full_pseudobulk,0.984581776311361,0.013103922764927325,136.0,136,0.0,0.9822695625965027,0.9867686849285877,,,False,global_mean_delta,0.984581776311361,0.9787824812292579,1.0,0.0
held_out_both,held_out_both/K562__fold0,nearest_context,pearson_r,absolute,replicate_half,0.9794150738591879,0.014289903238558917,1360.0,136,0.0,0.9786331495813027,0.9801458748434073,,,False,global_mean_delta,0.9794150738591879,0.9787824812292579,1.0,0.0
held_out_both,held_out_both/K562__fold0,nearest_context,pearson_r,delta,full_pseudobulk,0.04518696744560139,0.1031793778505418,136.0,136,0.0,0.028517102228967774,0.06256706339170039,0.0,0.30623268835903955,True,global_mean_delta,0.04518696744560139,0.38211826763903517,1.0,0.0
held_out_both,held_out_both/K562__fold0,nearest_context,pearson_r,delta,replicate_half,0.037860193692109856,0.09443639238438811,1360.0,136,0.0,0.0333324300968681,0.04297949775477902,0.0,0.2743185985492601,True,global_mean_delta,0.037860193692109856,0.38211826763903517,1.0,0.0
held_out_both,held_out_both/K562__fold0,nearest_context,pearson_r_de,absolute,full_pseudobulk,0.9107078235421099,0.16188405051908702,71.0,136,65.0,0.8693521246091027,0.9428338553886509,0.0,3.4818408577690194,True,global_mean_delta,0.9107078235421099,0.9572016344691302,1.0,0.0
held_out_both,held_out_both/K562__fold0,nearest_context,pearson_r_de,absolute,replicate_half,0.9005555219883529,0.1701445965712697,710.0,136,650.0,0.8876377247732168,0.91260786577103,0.0,3.003641187716239,True,global_mean_delta,0.9005555219883529,0.9572016344691302,1.0,0.0
held_out_both,held_out_both/K562__fold0,nearest_context,pearson_r_de,delta,full_pseudobulk,0.01534363680402672,0.47901589362420843,71.0,136,65.0,-0.09580151877392734,0.12659326595083192,0.0,0.7708574993333989,True,global_mean_delta,0.01534363680402672,0.6367501795676876,1.0,0.0
held_out_both,held_out_both/K562__fold0,nearest_context,pearson_r_de,delta,replicate_half,0.024874265626053566,0.46474565876308893,710.0,136,650.0,-0.009598657714857439,0.0582590489163558,0.0,0.7595423323157975,True,global_mean_delta,0.024874265626053566,0.6367501795676876,1.0,0.0
held_out_both,held_out_both/K562__fold0,nearest_context,pert_discrimination,absolute,full_pseudobulk,0.4682461873638344,0.30257867584068654,136.0,136,0.0,0.4155187908496732,0.5211328976034857,-0.00043468181291294623,0.8049357378629601,True,no_change,0.46808278867102393,0.09217864923747277,1.0,0.0
held_out_both,held_out_both/K562__fold0,nearest_context,pert_discrimination,absolute,replicate_half,0.4755664488017429,0.29905974263381513,1360.0,136,0.0,0.45873488562091497,0.49105787037037035,0.0008942131633854295,0.7793474904910858,True,no_change,0.47590958605664485,0.09217864923747277,1.0,0.0
held_out_both,held_out_both/K562__fold0,nearest_context,pert_discrimination,delta,full_pseudobulk,0.5,0.2918806779021211,136.0,136,0.0,0.45307461873638344,0.547662037037037,-0.0,0.6136131685578289,True,no_change,0.5,0.024324618736383443,1.0,0.0
held_out_both,held_out_both/K562__fold0,nearest_context,pert_discrimination,delta,replicate_half,0.5,0.2909125801178018,1360.0,136,0.0,0.4849334150326798,0.515735294117647,-0.0,0.6115779617288617,True,no_change,0.5,0.024324618736383443,1.0,0.0
held_out_both,held_out_both/K562__fold0,no_change,direction_acc_de,absolute,full_pseudobulk,0.9935493137968543,0.017931133224017202,71.0,136,65.0,0.9889593407231313,0.9969847662986455,0.3647052519938446,2.8674950509503225,True,global_mean_delta,0.9912687245212658,0.9975219639882614,0.0,
held_out_both,held_out_both/K562__fold0,no_change,direction_acc_de,absolute,replicate_half,0.9933141440563746,0.017813104610219257,710.0,136,650.0,0.9919316848745705,0.9945159745994901,0.38336173922370753,2.6104353379367193,True,global_mean_delta,0.9906981578777072,0.9975219639882614,0.0,
held_out_both,held_out_both/K562__fold0,no_change,direction_acc_de,delta,full_pseudobulk,0.0,0.0,71.0,136,65.0,0.0,0.0,-1.4410132135860907,0.0,True,global_mean_delta,0.5850939691037772,0.991123534681263,0.0,
held_out_both,held_out_both/K562__fold0,no_change,direction_acc_de,delta,replicate_half,0.00031697432380800323,0.0033327601253423387,710.0,136,650.0,0.0001084837390123675,0.0005971158594339749,-1.441536389980604,0.00821255677007631,True,global_mean_delta,0.5853107995430715,0.991123534681263,0.0,
held_out_both,held_out_both/K562__fold0,no_change,mae,absolute,full_pseudobulk,0.022277254661466298,0.006718377261983263,136.0,136,0.0,0.021200877163485683,0.023321554420642286,,,False,no_change,0.022277254661466298,0.030081270125193422,0.0,
held_out_both,held_out_both/K562__fold0,no_change,mae,absolute,replicate_half,0.027011798880214644,0.006818964686890511,1360.0,136,0.0,0.026662154782270752,0.027365020383829815,,,False,no_change,0.027011798880214644,0.030081270125193422,0.0,
held_out_both,held_out_both/K562__fold0,no_change,mae,delta,full_pseudobulk,0.022277254661466298,0.006718377261983263,136.0,136,0.0,0.021177274195216395,0.02345207612425397,,,False,no_change,0.022277254661466298,0.030081270125193422,0.0,
held_out_both,held_out_both/K562__fold0,no_change,mae,delta,replicate_half,0.027011798880214644,0.006818964686890511,1360.0,136,0.0,0.026670150419788048,0.027342671701417794,,,False,no_change,0.027011798880214644,0.030081270125193422,0.0,
held_out_both,held_out_both/K562__fold0,no_change,pearson_r,absolute,full_pseudobulk,0.9853175568635351,0.013279626031604855,136.0,136,0.0,0.9826919317543272,0.9873077516187811,,,False,global_mean_delta,0.984581776311361,0.9787824812292579,0.0,
held_out_both,held_out_both/K562__fold0,no_change,pearson_r,absolute,replicate_half,0.9801419854021267,0.014463851526960832,1360.0,136,0.0,0.9793495914030318,0.9808936656125766,,,False,global_mean_delta,0.9794150738591879,0.9787824812292579,0.0,
held_out_both,held_out_both/K562__fold0,no_change,pearson_r,delta,full_pseudobulk,,,0.0,136,136.0,,,,,True,global_mean_delta,0.04518696744560139,0.38211826763903517,0.0,
held_out_both,held_out_both/K562__fold0,no_change,pearson_r,delta,replicate_half,,,0.0,136,1360.0,,,,,True,global_mean_delta,0.037860193692109856,0.38211826763903517,0.0,
held_out_both,held_out_both/K562__fold0,no_change,pearson_r_de,absolute,full_pseudobulk,0.9103809268443291,0.16115715675576234,71.0,136,65.0,0.8692695544156129,0.9430421266684078,-0.007030972322184154,3.466206652939786,True,global_mean_delta,0.9107078235421099,0.9572016344691302,0.0,
held_out_both,held_out_both/K562__fold0,no_change,pearson_r_de,absolute,replicate_half,0.9003304893321555,0.16985706495949907,710.0,136,650.0,0.8867783272561798,0.9117655743801989,-0.003972605468269277,2.998565259304237,True,global_mean_delta,0.9005555219883529,0.9572016344691302,0.0,
held_out_both,held_out_both/K562__fold0,no_change,pearson_r_de,delta,full_pseudobulk,,,0.0,136,136.0,,,,,True,global_mean_delta,0.01534363680402672,0.6367501795676876,0.0,
held_out_both,held_out_both/K562__fold0,no_change,pearson_r_de,delta,replicate_half,,,0.0,136,1360.0,,,,,True,global_mean_delta,0.024874265626053566,0.6367501795676876,0.0,
held_out_both,held_out_both/K562__fold0,no_change,pert_discrimination,absolute,full_pseudobulk,0.46808278867102393,0.304629743062601,136.0,136,0.0,0.4170411220043573,0.5197208605664488,-0.0,0.81039209496774,True,no_change,0.46808278867102393,0.09217864923747277,0.0,
held_out_both,held_out_both/K562__fold0,no_change,pert_discrimination,absolute,replicate_half,0.47590958605664485,0.29946561412236855,1360.0,136,0.0,0.45997235838779954,0.4914437636165577,-0.0,0.7804051886061185,True,no_change,0.47590958605664485,0.09217864923747277,0.0,
held_out_both,held_out_both/K562__fold0,no_change,pert_discrimination,delta,full_pseudobulk,0.5,0.2918806779021211,136.0,136,0.0,0.4527859477124183,0.551162854030501,-0.0,0.6136131685578289,True,no_change,0.5,0.024324618736383443,0.0,
held_out_both,held_out_both/K562__fold0,no_change,pert_discrimination,delta,replicate_half,0.5,0.2909125801178018,1360.0,136,0.0,0.4844471677559913,0.5152343409586057,-0.0,0.6115779617288617,True,no_change,0.5,0.024324618736383443,0.0,
held_out_both,held_out_both/K562__fold0,per_drug_mean_delta,direction_acc_de,absolute,full_pseudobulk,0.9912687245212658,0.014141292285685484,71.0,136,65.0,0.9878527080704309,0.9942848113368556,0.0,2.261434630853769,True,global_mean_delta,0.9912687245212658,0.9975219639882614,1.0,0.0
held_out_both,held_out_both/K562__fold0,per_drug_mean_delta,direction_acc_de,absolute,replicate_half,0.9906981578777072,0.014808837992793568,710.0,136,650.0,0.9896896797446363,0.9917966366074308,0.0,2.1701727383328033,True,global_mean_delta,0.9906981578777072,0.9975219639882614,1.0,0.0
held_out_both,held_out_both/K562__fold0,per_drug_mean_delta,direction_acc_de,delta,full_pseudobulk,0.5850939691037772,0.19331848066387977,71.0,136,65.0,0.5422508866600276,0.6307293848236918,0.0,0.47611922148804037,True,global_mean_delta,0.5850939691037772,0.991123534681263,1.0,0.0
held_out_both,held_out_both/K562__fold0,per_drug_mean_delta,direction_acc_de,delta,replicate_half,0.5853107995430715,0.19190736394657087,710.0,136,650.0,0.571154058760213,0.5990647473298901,0.0,0.4728963566932433,True,global_mean_delta,0.5853107995430715,0.991123534681263,1.0,0.0
held_out_both,held_out_both/K562__fold0,per_drug_mean_delta,mae,absolute,full_pseudobulk,0.023622943355462014,0.006512172364454003,136.0,136,0.0,0.022605655399067878,0.02474295283776161,,,False,no_change,0.022277254661466298,0.030081270125193422,1.0,0.0
held_out_both,held_out_both/K562__fold0,per_drug_mean_delta,mae,absolute,replicate_half,0.028108094288850416,0.006628857815337419,1360.0,136,0.0,0.027763049514745064,0.028483329501328414,,,False,no_change,0.027011798880214644,0.030081270125193422,1.0,0.0
held_out_both,held_out_both/K562__fold0,per_drug_mean_delta,mae,delta,full_pseudobulk,0.023622943355462014,0.006512172364454003,136.0,136,0.0,0.022599827487258927,0.02477646863548259,,,False,no_change,0.022277254661466298,0.030081270125193422,1.0,0.0
held_out_both,held_out_both/K562__fold0,per_drug_mean_delta,mae,delta,replicate_half,0.028108094288850416,0.006628857815337419,1360.0,136,0.0,0.0277498401271932,0.02846205672029392,,,False,no_change,0.027011798880214644,0.030081270125193422,1.0,0.0
held_out_both,held_out_both/K562__fold0,per_drug_mean_delta,pearson_r,absolute,full_pseudobulk,0.984581776311361,0.013103922764927325,136.0,136,0.0,0.9822629917059748,0.986589075180172,,,False,global_mean_delta,0.984581776311361,0.9787824812292579,1.0,0.0
held_out_both,held_out_both/K562__fold0,per_drug_mean_delta,pearson_r,absolute,replicate_half,0.9794150738591879,0.014289903238558917,1360.0,136,0.0,0.978643680495863,0.9801481672936128,,,False,global_mean_delta,0.9794150738591879,0.9787824812292579,1.0,0.0
held_out_both,held_out_both/K562__fold0,per_drug_mean_delta,pearson_r,delta,full_pseudobulk,0.04518696744560139,0.1031793778505418,136.0,136,0.0,0.028784293308049443,0.06303611320065824,0.0,0.30623268835903955,True,global_mean_delta,0.04518696744560139,0.38211826763903517,1.0,0.0
held_out_both,held_out_both/K562__fold0,per_drug_mean_delta,pearson_r,delta,replicate_half,0.037860193692109856,0.09443639238438811,1360.0,136,0.0,0.032795789368491854,0.043014570968978615,0.0,0.2743185985492601,True,global_mean_delta,0.037860193692109856,0.38211826763903517,1.0,0.0
held_out_both,held_out_both/K562__fold0,per_drug_mean_delta,pearson_r_de,absolute,full_pseudobulk,0.9107078235421099,0.16188405051908702,71.0,136,65.0,0.8659395206254747,0.9434226376496867,0.0,3.4818408577690194,True,global_mean_delta,0.9107078235421099,0.9572016344691302,1.0,0.0
held_out_both,held_out_both/K562__fold0,per_drug_mean_delta,pearson_r_de,absolute,replicate_half,0.9005555219883529,0.1701445965712697,710.0,136,650.0,0.8870457298163963,0.9121747099834507,0.0,3.003641187716239,True,global_mean_delta,0.9005555219883529,0.9572016344691302,1.0,0.0
held_out_both,held_out_both/K562__fold0,per_drug_mean_delta,pearson_r_de,delta,full_pseudobulk,0.01534363680402672,0.47901589362420843,71.0,136,65.0,-0.09555745108641357,0.13126921611374787,0.0,0.7708574993333989,True,global_mean_delta,0.01534363680402672,0.6367501795676876,1.0,0.0
held_out_both,held_out_both/K562__fold0,per_drug_mean_delta,pearson_r_de,delta,replicate_half,0.024874265626053566,0.46474565876308893,710.0,136,650.0,-0.008516338356017221,0.061445923750871774,0.0,0.7595423323157975,True,global_mean_delta,0.024874265626053566,0.6367501795676876,1.0,0.0
held_out_both,held_out_both/K562__fold0,per_drug_mean_delta,pert_discrimination,absolute,full_pseudobulk,0.4682461873638344,0.30257867584068654,136.0,136,0.0,0.4202491830065359,0.5222453703703702,-0.00043468181291294623,0.8049357378629601,True,no_change,0.46808278867102393,0.09217864923747277,1.0,0.0
held_out_both,held_out_both/K562__fold0,per_drug_mean_delta,pert_discrimination,absolute,replicate_half,0.4755664488017429,0.29905974263381513,1360.0,136,0.0,0.4599394063180827,0.49135688997821353,0.0008942131633854295,0.7793474904910858,True,no_change,0.47590958605664485,0.09217864923747277,1.0,0.0
held_out_both,held_out_both/K562__fold0,per_drug_mean_delta,pert_discrimination,delta,full_pseudobulk,0.5,0.2918806779021211,136.0,136,0.0,0.45435593681917213,0.5469744008714597,-0.0,0.6136131685578289,True,no_change,0.5,0.024324618736383443,1.0,0.0
held_out_both,held_out_both/K562__fold0,per_drug_mean_delta,pert_discrimination,delta,replicate_half,0.5,0.2909125801178018,1360.0,136,0.0,0.48576770152505444,0.5158391884531591,-0.0,0.6115779617288617,True,no_change,0.5,0.024324618736383443,1.0,0.0
held_out_both,held_out_both/K562__fold0,ridge_no_drug,direction_acc_de,absolute,full_pseudobulk,0.9439521661638691,0.052604620144756156,71.0,136,65.0,0.9318042912325812,0.955628341593728,-7.566727390999776,8.41237896331996,True,global_mean_delta,0.9912687245212658,0.9975219639882614,0.0,
held_out_both,held_out_both/K562__fold0,ridge_no_drug,direction_acc_de,absolute,replicate_half,0.9436383429476021,0.05218918745456896,710.0,136,650.0,0.9396495695557951,0.9475241247080136,-6.896417361173089,7.648105266919758,True,global_mean_delta,0.9906981578777072,0.9975219639882614,0.0,
held_out_both,held_out_both/K562__fold0,ridge_no_drug,direction_acc_de,delta,full_pseudobulk,0.5050929670817185,0.14291400825508987,71.0,136,65.0,0.47220831989705947,0.5402277580533714,-0.19703245478756032,0.3519793147374054,True,global_mean_delta,0.5850939691037772,0.991123534681263,0.0,
held_out_both,held_out_both/K562__fold0,ridge_no_drug,direction_acc_de,delta,replicate_half,0.5047052783645231,0.14172630654372145,710.0,136,650.0,0.494605149572515,0.5156550485013154,-0.19862738203890978,0.34924065775180607,True,global_mean_delta,0.5853107995430715,0.991123534681263,0.0,
held_out_both,held_out_both/K562__fold0,ridge_no_drug,mae,absolute,full_pseudobulk,0.06975993585919842,0.004168155754714455,136.0,136,0.0,0.06911441154373378,0.07045826657993692,,,False,no_change,0.022277254661466298,0.030081270125193422,0.0,
held_out_both,held_out_both/K562__fold0,ridge_no_drug,mae,absolute,replicate_half,0.07195451759018105,0.004493632916586345,1360.0,136,0.0,0.07170550740151896,0.07219304565200046,,,False,no_change,0.027011798880214644,0.030081270125193422,0.0,
held_out_both,held_out_both/K562__fold0,ridge_no_drug,mae,delta,full_pseudobulk,0.06975993585919842,0.004168155754714455,136.0,136,0.0,0.06911142521474177,0.07046253586587488,,,False,no_change,0.022277254661466298,0.030081270125193422,0.0,
held_out_both,held_out_both/K562__fold0,ridge_no_drug,mae,delta,replicate_half,0.07195451759018105,0.004493632916586345,1360.0,136,0.0,0.07172770412190739,0.07219780141825825,,,False,no_change,0.027011798880214644,0.030081270125193422,0.0,
held_out_both,held_out_both/K562__fold0,ridge_no_drug,pearson_r,absolute,full_pseudobulk,0.9046427186008866,0.012981138320139921,136.0,136,0.0,0.9024925482231357,0.9068434321484964,,,False,global_mean_delta,0.984581776311361,0.9787824812292579,0.0,
held_out_both,held_out_both/K562__fold0,ridge_no_drug,pearson_r,absolute,replicate_half,0.8999261539175168,0.014150056525327448,1360.0,136,0.0,0.8992106650427921,0.9006201179261755,,,False,global_mean_delta,0.9794150738591879,0.9787824812292579,0.0,
held_out_both,held_out_both/K562__fold0,ridge_no_drug,pearson_r,delta,full_pseudobulk,-0.01009865815243368,0.035295066837591975,136.0,136,0.0,-0.01570868302732163,-0.004451400670309014,-0.16408575150570856,0.1047544909520989,True,global_mean_delta,0.04518696744560139,0.38211826763903517,0.0,
held_out_both,held_out_both/K562__fold0,ridge_no_drug,pearson_r,delta,replicate_half,-0.008271817769676084,0.033983977019401514,1360.0,136,0.0,-0.010129934040432878,-0.0065277957009120076,-0.134004152561715,0.09871657222087656,True,global_mean_delta,0.037860193692109856,0.38211826763903517,0.0,
held_out_both,held_out_both/K562__fold0,ridge_no_drug,pearson_r_de,absolute,full_pseudobulk,0.8380643296497848,0.14957622866572173,71.0,136,65.0,0.8028060669262796,0.8730406612944616,-1.562433632432303,3.2171212830995124,True,global_mean_delta,0.9107078235421099,0.9572016344691302,0.0,
held_out_both,held_out_both/K562__fold0,ridge_no_drug,pearson_r_de,absolute,replicate_half,0.8287865477933131,0.16196863739422607,710.0,136,650.0,0.8165729630236502,0.8403729242071715,-1.266970866171873,2.859307202223093,True,global_mean_delta,0.9005555219883529,0.9572016344691302,0.0,
held_out_both,held_out_both/K562__fold0,ridge_no_drug,pearson_r_de,delta,full_pseudobulk,-0.17338386394538144,0.40397921892354005,71.0,136,65.0,-0.2668323359143397,-0.08649374320032258,-0.3037101925416752,0.6501045468991549,True,global_mean_delta,0.01534363680402672,0.6367501795676876,0.0,
held_out_both,held_out_both/K562__fold0,ridge_no_drug,pearson_r_de,delta,replicate_half,-0.13806378438651745,0.41130967388306927,710.0,136,650.0,-0.16810233897425497,-0.10735840160542011,-0.2662926359740865,0.672210924652124,True,global_mean_delta,0.024874265626053566,0.6367501795676876,0.0,
held_out_both,held_out_both/K562__fold0,ridge_no_drug,pert_discrimination,absolute,full_pseudobulk,0.4816993464052288,0.29747357497249416,136.0,136,0.0,0.43708877995642703,0.527946623093682,-0.03622348440941258,0.7913548795199654,True,no_change,0.46808278867102393,0.09217864923747277,0.0,
held_out_both,held_out_both/K562__fold0,ridge_no_drug,pert_discrimination,absolute,replicate_half,0.4849291938997821,0.29620160205234375,1360.0,136,0.0,0.46902314814814816,0.4995646786492375,-0.023505031723276545,0.7718991971500194,True,no_change,0.47590958605664485,0.09217864923747277,0.0,
held_out_both,held_out_both/K562__fold0,ridge_no_drug,pert_discrimination,delta,full_pseudobulk,0.4974945533769063,0.293862736841603,136.0,136,0.0,0.44686410675381266,0.544232026143791,0.005267135365378949,0.6177799995891441,True,no_change,0.5,0.024324618736383443,0.0,
held_out_both,held_out_both/K562__fold0,ridge_no_drug,pert_discrimination,delta,replicate_half,0.49869825708061005,0.2913423652036686,1360.0,136,0.0,0.4840505174291939,0.5143114106753812,0.002736620331142446,0.6124814877526914,True,no_change,0.5,0.024324618736383443,0.0,
held_out_both,held_out_both/K562__fold1,ceiling,direction_acc_de,absolute,full_pseudobulk,0.9895147316429833,0.0568355001587808,430.0,114,710.0,0.9838577352073575,0.9942042279507461,1.0,1.6957032208597862,True,global_mean_delta,0.9559973687815959,0.9895147316429833,,
held_out_both,held_out_both/K562__fold1,ceiling,direction_acc_de,absolute,replicate_half,0.9895147316429833,0.0568355001587808,430.0,114,710.0,0.9838420659399998,0.9941569966040209,1.0,1.6520361396549834,True,global_mean_delta,0.9551114284739313,0.9895147316429833,,
held_out_both,held_out_both/K562__fold1,ceiling,direction_acc_de,delta,full_pseudobulk,0.9849999988213672,0.060292838860584536,430.0,114,710.0,0.9791348003383138,0.9904629942394222,1.0,0.1976518710910226,True,global_mean_delta,0.679954372246861,0.9849999988213672,,
held_out_both,held_out_both/K562__fold1,ceiling,direction_acc_de,delta,replicate_half,0.9849999988213672,0.060292838860584536,430.0,114,710.0,0.9787720119577209,0.990286045815779,1.0,0.19749278116931257,True,global_mean_delta,0.6797086433419238,0.9849999988213672,,
held_out_both,held_out_both/K562__fold1,ceiling,mae,absolute,full_pseudobulk,0.030950943889564018,0.007813992750210856,1140.0,114,0.0,0.03051659104036438,0.031392099840771674,,,False,no_change,0.021944972781645238,0.030950943889564018,,
held_out_both,held_out_both/K562__fold1,ceiling,mae,absolute,replicate_half,0.030950943889564018,0.007813992750210856,1140.0,114,0.0,0.030510409227250113,0.03141514556796258,,,False,no_change,0.02696779634365449,0.030950943889564018,,
held_out_both,held_out_both/K562__fold1,ceiling,mae,delta,full_pseudobulk,0.030950943889564018,0.007813992750210856,1140.0,114,0.0,0.0304798065186452,0.03139818494880417,,,False,no_change,0.021944972781645238,0.030950943889564018,,
held_out_both,held_out_both/K562__fold1,ceiling,mae,delta,replicate_half,0.030950943889564018,0.007813992750210856,1140.0,114,0.0,0.03049891146208732,0.031406992102665864,,,False,no_change,0.02696779634365449,0.030950943889564018,,
held_out_both,held_out_both/K562__fold1,ceiling,pearson_r,absolute,full_pseudobulk,0.9767971571781208,0.01355243578195435,1140.0,114,0.0,0.9760203123539873,0.9775533515940248,,,False,global_mean_delta,0.9850217549020922,0.9767971571781208,,
held_out_both,held_out_both/K562__fold1,ceiling,pearson_r,absolute,replicate_half,0.9767971571781208,0.01355243578195435,1140.0,114,0.0,0.9759652606135147,0.9775456749374322,,,False,global_mean_delta,0.9793787070362378,0.9767971571781208,,
held_out_both,held_out_both/K562__fold1,ceiling,pearson_r,delta,full_pseudobulk,0.34369864251837673,0.15492275846174255,1140.0,114,0.0,0.33456890950108825,0.3525403826646177,1.0,0.5499372691850238,True,global_mean_delta,0.061988769151675525,0.34369864251837673,,
held_out_both,held_out_both/K562__fold1,ceiling,pearson_r,delta,replicate_half,0.34369864251837673,0.15492275846174255,1140.0,114,0.0,0.33485506946679733,0.3530371493868573,1.0,0.5354892384458119,True,global_mean_delta,0.05438795737485118,0.34369864251837673,,
held_out_both,held_out_both/K562__fold1,ceiling,pearson_r_de,absolute,full_pseudobulk,0.9666286546013643,0.14366216734819115,430.0,114,710.0,0.9530589635991104,0.978058476963171,1.0,4.765636339199453,True,global_mean_delta,0.9364832223604468,0.9666286546013643,,
held_out_both,held_out_both/K562__fold1,ceiling,pearson_r_de,absolute,replicate_half,0.9666286546013643,0.14366216734819115,430.0,114,710.0,0.9517573138171991,0.9776381653241698,1.0,3.1734017100471315,True,global_mean_delta,0.9213579386710897,0.9666286546013643,,
held_out_both,held_out_both/K562__fold1,ceiling,pearson_r_de,delta,full_pseudobulk,0.6168490317323836,0.5560952190934869,430.0,114,710.0,0.565779310750387,0.667171019304194,1.0,1.2547351428206492,True,global_mean_delta,0.17365173844275533,0.6168490317323836,,
held_out_both,held_out_both/K562__fold1,ceiling,pearson_r_de,delta,replicate_half,0.6168490317323836,0.5560952190934869,430.0,114,710.0,0.5600384550223895,0.671518483829217,1.0,1.330909518178685,True,global_mean_delta,0.19901805862875088,0.6168490317323836,,
held_out_both,held_out_both/K562__fold1,ceiling,pert_discrimination,absolute,full_pseudobulk,0.18664027324949542,0.23648504827992817,1140.0,114,0.0,0.17330752212389378,0.2003126455519329,1.0,0.8560430471638619,True,no_change,0.4628939605651296,0.18664027324949542,,
held_out_both,held_out_both/K562__fold1,ceiling,pert_discrimination,absolute,replicate_half,0.18664027324949542,0.23648504827992817,1140.0,114,0.0,0.17299681726439994,0.19998583294519484,1.0,0.8302854629042642,True,no_change,0.47146405837602845,0.18664027324949542,,
held_out_both,held_out_both/K562__fold1,ceiling,pert_discrimination,delta,full_pseudobulk,0.07121564974382862,0.19323641736227373,1140.0,114,0.0,0.059925089271852194,0.08240218910107128,1.0,0.45066107764154,True,no_change,0.5,0.07121564974382862,,
held_out_both,held_out_both/K562__fold1,ceiling,pert_discrimination,delta,replicate_half,0.07121564974382862,0.19323641736227373,1140.0,114,0.0,0.06017699115044247,0.08289124359571495,1.0,0.45066107764154,True,no_change,0.5,0.07121564974382862,,
held_out_both,held_out_both/K562__fold1,global_mean_delta,direction_acc_de,absolute,full_pseudobulk,0.9559973687815959,0.11580192587214912,43.0,114,71.0,0.9160353673679186,0.9857413619464362,0.0,3.454983208286801,True,global_mean_delta,0.9559973687815959,0.9895147316429833,0.0,
held_out_both,held_out_both/K562__fold1,global_mean_delta,direction_acc_de,absolute,replicate_half,0.9551114284739313,0.11539342963313585,430.0,114,710.0,0.9436790875711203,0.965272774797127,0.0,3.3541380915115027,True,global_mean_delta,0.9551114284739313,0.9895147316429833,0.0,
held_out_both,held_out_both/K562__fold1,global_mean_delta,direction_acc_de,delta,full_pseudobulk,0.679954372246861,0.33565682853512496,43.0,114,71.0,0.5807876809613849,0.7756540444392608,0.0,1.1003495847633207,True,global_mean_delta,0.679954372246861,0.9849999988213672,0.0,
held_out_both,held_out_both/K562__fold1,global_mean_delta,direction_acc_de,delta,replicate_half,0.6797086433419238,0.33209316734100786,430.0,114,710.0,0.6482719320090246,0.7107098552480698,0.0,1.0877909294859451,True,global_mean_delta,0.6797086433419238,0.9849999988213672,0.0,
held_out_both,held_out_both/K562__fold1,global_mean_delta,mae,absolute,full_pseudobulk,0.023169821781192187,0.007798878514665486,114.0,114,0.0,0.021806535388144224,0.02474773722972975,,,False,no_change,0.021944972781645238,0.030950943889564018,0.0,
held_out_both,held_out_both/K562__fold1,global_mean_delta,mae,absolute,replicate_half,0.027979776064852007,0.008462713865892712,1140.0,114,0.0,0.027519522906435383,0.028495275150797004,,,False,no_change,0.02696779634365449,0.030950943889564018,0.0,
held_out_both,held_out_both/K562__fold1,global_mean_delta,mae,delta,full_pseudobulk,0.023169821781192187,0.007798878514665486,114.0,114,0.0,0.021776925666720817,0.024608182834171467,,,False,no_change,0.021944972781645238,0.030950943889564018,0.0,
held_out_both,held_out_both/K562__fold1,global_mean_delta,mae,delta,replicate_half,0.027979776064852007,0.008462713865892712,1140.0,114,0.0,0.027506414146600384,0.028441247164468598,,,False,no_change,0.02696779634365449,0.030950943889564018,0.0,
held_out_both,held_out_both/K562__fold1,global_mean_delta,pearson_r,absolute,full_pseudobulk,0.9850217549020922,0.014112150156138637,114.0,114,0.0,0.9822962186577253,0.9873529195941757,,,False,global_mean_delta,0.9850217549020922,0.9767971571781208,0.0,
held_out_both,held_out_both/K562__fold1,global_mean_delta,pearson_r,absolute,replicate_half,0.9793787070362378,0.016314024206547234,1140.0,114,0.0,0.9783588320071686,0.9803393996567222,,,False,global_mean_delta,0.9793787070362378,0.9767971571781208,0.0,
held_out_both,held_out_both/K562__fold1,global_mean_delta,pearson_r,delta,full_pseudobulk,0.061988769151675525,0.12486231474700457,114.0,114,0.0,0.03835168443074271,0.0838079202066925,0.0,0.44323016887828964,True,global_mean_delta,0.061988769151675525,0.34369864251837673,0.0,
held_out_both,held_out_both/K562__fold1,global_mean_delta,pearson_r,delta,replicate_half,0.05438795737485118,0.11300821165931389,1140.0,114,0.0,0.04827219206709253,0.06087963362010458,0.0,0.3906119526945612,True,global_mean_delta,0.05438795737485118,0.34369864251837673,0.0,
held_out_both,held_out_both/K562__fold1,global_mean_delta,pearson_r_de,absolute,full_pseudobulk,0.9364832223604468,0.12129512791002778,43.0,114,71.0,0.8984231847468811,0.9680389136531866,0.0,4.023665241906518,True,global_mean_delta,0.9364832223604468,0.9666286546013643,0.0,
held_out_both,held_out_both/K562__fold1,global_mean_delta,pearson_r_de,absolute,replicate_half,0.9213579386710897,0.1838654983949781,430.0,114,710.0,0.9024669736515972,0.9366285869211108,0.0,4.061466548887049,True,global_mean_delta,0.9213579386710897,0.9666286546013643,0.0,
held_out_both,held_out_both/K562__fold1,global_mean_delta,pearson_r_de,delta,full_pseudobulk,0.17365173844275533,0.5773449419414071,43.0,114,71.0,0.004626766580220878,0.3535825897093314,0.0,1.30268156119833,True,global_mean_delta,0.17365173844275533,0.6168490317323836,0.0,
held_out_both,held_out_both/K562__fold1,global_mean_delta,pearson_r_de,delta,replicate_half,0.19901805862875088,0.5687525637199327,430.0,114,710.0,0.14548545805193788,0.2533494063402729,0.0,1.3612024965388756,True,global_mean_delta,0.19901805862875088,0.6168490317323836,0.0,
held_out_both,held_out_both/K562__fold1,global_mean_delta,pert_discrimination,absolute,full_pseudobulk,0.4675516224188791,0.30969740481569175,114.0,114,0.0,0.41242819437975475,0.5226866946126378,-0.016860089358473884,1.1210616148694024,True,no_change,0.4628939605651296,0.18664027324949542,0.0,
held_out_both,held_out_both/K562__fold1,global_mean_delta,pert_discrimination,absolute,replicate_half,0.47209284272628477,0.30144112518948996,1140.0,114,0.0,0.45521328209905293,0.49020435491383324,-0.002207625848301186,1.058342529418934,True,no_change,0.47146405837602845,0.18664027324949542,0.0,
held_out_both,held_out_both/K562__fold1,global_mean_delta,pert_discrimination,delta,full_pseudobulk,0.49999999999999994,0.29250431647855596,114.0,114,0.0,0.45016301816488125,0.5523230088495575,1.2946170073159956e-16,0.6821711573750376,True,no_change,0.5,0.07121564974382862,0.0,
held_out_both,held_out_both/K562__fold1,global_mean_delta,pert_discrimination,delta,replicate_half,0.5,0.2913463885337864,1140.0,114,0.0,0.48459672411116284,0.516158981524608,-0.0,0.6794706671540728,True,no_change,0.5,0.07121564974382862,0.0,
held_out_both,held_out_both/K562__fold1,nearest_context,direction_acc_de,absolute,full_pseudobulk,0.9559973687815959,0.11580192587214912,43.0,114,71.0,0.9154337210145395,0.9851996046827296,0.0,3.454983208286801,True,global_mean_delta,0.9559973687815959,0.9895147316429833,1.0,0.0
held_out_both,held_out_both/K562__fold1,nearest_context,direction_acc_de,absolute,replicate_half,0.9551114284739313,0.11539342963313585,430.0,114,710.0,0.9440903392861334,0.9653927063973262,0.0,3.3541380915115027,True,global_mean_delta,0.9551114284739313,0.9895147316429833,1.0,0.0
held_out_both,held_out_both/K562__fold1,nearest_context,direction_acc_de,delta,full_pseudobulk,0.679954372246861,0.33565682853512496,43.0,114,71.0,0.5842159496169362,0.776812159634848,0.0,1.1003495847633207,True,global_mean_delta,0.679954372246861,0.9849999988213672,1.0,0.0
held_out_both,held_out_both/K562__fold1,nearest_context,direction_acc_de,delta,replicate_half,0.6797086433419238,0.33209316734100786,430.0,114,710.0,0.6463765695939214,0.7100152941837441,0.0,1.0877909294859451,True,global_mean_delta,0.6797086433419238,0.9849999988213672,1.0,0.0
held_out_both,held_out_both/K562__fold1,nearest_context,mae,absolute,full_pseudobulk,0.023169821781192187,0.007798878514665486,114.0,114,0.0,0.021824649162195914,0.02453789357100567,,,False,no_change,0.021944972781645238,0.030950943889564018,1.0,0.0
held_out_both,held_out_both/K562__fold1,nearest_context,mae,absolute,replicate_half,0.027979776064852007,0.008462713865892712,1140.0,114,0.0,0.027465844295638066,0.02846534805039709,,,False,no_change,0.02696779634365449,0.030950943889564018,1.0,0.0
held_out_both,held_out_both/K562__fold1,nearest_context,mae,delta,full_pseudobulk,0.023169821781192187,0.007798878514665486,114.0,114,0.0,0.021833452782527057,0.024774508317950673,,,False,no_change,0.021944972781645238,0.030950943889564018,1.0,0.0
held_out_both,held_out_both/K562__fold1,nearest_context,mae,delta,replicate_half,0.027979776064852007,0.008462713865892712,1140.0,114,0.0,0.02745725939734392,0.028461904277787976,,,False,no_change,0.02696779634365449,0.030950943889564018,1.0,0.0
held_out_both,held_out_both/K562__fold1,nearest_context,pearson_r,absolute,full_pseudobulk,0.9850217549020922,0.014112150156138637,114.0,114,0.0,0.9822385055068238,0.9873485271460674,,,False,global_mean_delta,0.9850217549020922,0.9767971571781208,1.0,0.0
held_out_both,held_out_both/K562__fold1,nearest_context,pearson_r,absolute,replicate_half,0.9793787070362378,0.016314024206547234,1140.0,114,0.0,0.9783210834745061,0.9802473383460838,,,False,global_mean_delta,0.9793787070362378,0.9767971571781208,1.0,0.0
held_out_both,held_out_both/K562__fold1,nearest_context,pearson_r,delta,full_pseudobulk,0.061988769151675525,0.12486231474700457,114.0,114,0.0,0.040294818064703156,0.08500509365781439,0.0,0.44323016887828964,True,global_mean_delta,0.061988769151675525,0.34369864251837673,1.0,0.0
held_out_both,held_out_both/K562__fold1,nearest_context,pearson_r,delta,replicate_half,0.05438795737485118,0.11300821165931389,1140.0,114,0.0,0.047554792072028194,0.06101703433622589,0.0,0.3906119526945612,True,global_mean_delta,0.05438795737485118,0.34369864251837673,1.0,0.0
held_out_both,held_out_both/K562__fold1,nearest_context,pearson_r_de,absolute,full_pseudobulk,0.9364832223604468,0.12129512791002778,43.0,114,71.0,0.9002999079361966,0.9697910050417541,0.0,4.023665241906518,True,global_mean_delta,0.9364832223604468,0.9666286546013643,1.0,0.0
held_out_both,held_out_both/K562__fold1,nearest_context,pearson_r_de,absolute,replicate_half,0.9213579386710897,0.1838654983949781,430.0,114,710.0,0.9027893958251945,0.9372324154307033,0.0,4.061466548887049,True,global_mean_delta,0.9213579386710897,0.9666286546013643,1.0,0.0
held_out_both,held_out_both/K562__fold1,nearest_context,pearson_r_de,delta,full_pseudobulk,0.17365173844275533,0.5773449419414071,43.0,114,71.0,-0.005440162373514669,0.32887503522202344,0.0,1.30268156119833,True,global_mean_delta,0.17365173844275533,0.6168490317323836,1.0,0.0
held_out_both,held_out_both/K562__fold1,nearest_context,pearson_r_de,delta,replicate_half,0.19901805862875088,0.5687525637199327,430.0,114,710.0,0.1500523359032564,0.2523186033290307,0.0,1.3612024965388756,True,global_mean_delta,0.19901805862875088,0.6168490317323836,1.0,0.0
held_out_both,held_out_both/K562__fold1,nearest_context,pert_discrimination,absolute,full_pseudobulk,0.4675516224188791,0.30969740481569175,114.0,114,0.0,0.41620090048129177,0.5238841018475391,-0.016860089358473884,1.1210616148694024,True,no_change,0.4628939605651296,0.18664027324949542,1.0,0.0
held_out_both,held_out_both/K562__fold1,nearest_context,pert_discrimination,absolute,replicate_half,0.47209284272628477,0.30144112518948996,1140.0,114,0.0,0.4542784505511567,0.48844938674118926,-0.002207625848301186,1.058342529418934,True,no_change,0.47146405837602845,0.18664027324949542,1.0,0.0
held_out_both,held_out_both/K562__fold1,nearest_context,pert_discrimination,delta,full_pseudobulk,0.49999999999999994,0.29250431647855596,114.0,114,0.0,0.4420722713864307,0.5518591833566217,1.2946170073159956e-16,0.6821711573750376,True,no_change,0.5,0.07121564974382862,1.0,0.0
held_out_both,held_out_both/K562__fold1,nearest_context,pert_discrimination,delta,replicate_half,0.5,0.2913463885337864,1140.0,114,0.0,0.4838192827200744,0.5174666200900481,-0.0,0.6794706671540728,True,no_change,0.5,0.07121564974382862,1.0,0.0
held_out_both,held_out_both/K562__fold1,no_change,direction_acc_de,absolute,full_pseudobulk,0.9700753162269042,0.10613720267506002,43.0,114,71.0,0.9356408850296594,0.9948046329871342,0.42001954340883935,3.166633458425572,True,global_mean_delta,0.9559973687815959,0.9895147316429833,0.0,
held_out_both,held_out_both/K562__fold1,no_change,direction_acc_de,absolute,replicate_half,0.9717001491562084,0.09699697118211248,430.0,114,710.0,0.9622989545519691,0.9803386133033113,0.4821839519526059,2.8194086685655058,True,global_mean_delta,0.9551114284739313,0.9895147316429833,0.0,
held_out_both,held_out_both/K562__fold1,no_change,direction_acc_de,delta,full_pseudobulk,0.0,0.0,43.0,114,71.0,0.0,0.0,-2.229025145786788,0.0,True,global_mean_delta,0.679954372246861,0.9849999988213672,0.0,
held_out_both,held_out_both/K562__fold1,no_change,direction_acc_de,delta,replicate_half,0.0026510624327649337,0.02412618543515791,430.0,114,710.0,0.0008298570020816621,0.005061602886087309,-2.217742391840335,0.07902675592392407,True,global_mean_delta,0.6797086433419238,0.9849999988213672,0.0,
held_out_both,held_out_both/K562__fold1,no_change,mae,absolute,full_pseudobulk,0.021944972781645238,0.0084823208386041,114.0,114,0.0,0.0204907965075067,0.023476540156366826,,,False,no_change,0.021944972781645238,0.030950943889564018,0.0,
held_out_both,held_out_both/K562__fold1,no_change,mae,absolute,replicate_half,0.02696779634365449,0.009040541751204237,1140.0,114,0.0,0.026448602129240883,0.027515368844937958,,,False,no_change,0.02696779634365449,0.030950943889564018,0.0,
held_out_both,held_out_both/K562__fold1,no_change,mae,delta,full_pseudobulk,0.021944972781645238,0.0084823208386041,114.0,114,0.0,0.020485857209615897,0.02363682869396151,,,False,no_change,0.021944972781645238,0.030950943889564018,0.0,
held_out_both,held_out_both/K562__fold1,no_change,mae,delta,replicate_half,0.02696779634365449,0.009040541751204237,1140.0,114,0.0,0.026431246736384716,0.02754134653706948,,,False,no_change,0.02696779634365449,0.030950943889564018,0.0,
held_out_both,held_out_both/K562__fold1,no_change,pearson_r,absolute,full_pseudobulk,0.9853739643103936,0.015596165217179948,114.0,114,0.0,0.9823296039574618,0.9881560308419421,,,False,global_mean_delta,0.9850217549020922,0.9767971571781208,0.0,
held_out_both,held_out_both/K562__fold1,no_change,pearson_r,absolute,replicate_half,0.9797300861719804,0.017710222472589084,1140.0,114,0.0,0.9787605990037357,0.9807720359399368,,,False,global_mean_delta,0.9793787070362378,0.9767971571781208,0.0,
held_out_both,held_out_both/K562__fold1,no_change,pearson_r,delta,full_pseudobulk,,,0.0,114,114.0,,,,,True,global_mean_delta,0.061988769151675525,0.34369864251837673,0.0,
held_out_both,held_out_both/K562__fold1,no_change,pearson_r,delta,replicate_half,,,0.0,114,1140.0,,,,,True,global_mean_delta,0.05438795737485118,0.34369864251837673,0.0,
held_out_both,held_out_both/K562__fold1,no_change,pearson_r_de,absolute,full_pseudobulk,0.9332324580894862,0.12460091396992062,43.0,114,71.0,0.8918990283219084,0.9656403680059283,-0.1078360477627594,4.133326501147173,True,global_mean_delta,0.9364832223604468,0.9666286546013643,0.0,
held_out_both,held_out_both/K562__fold1,no_change,pearson_r_de,absolute,replicate_half,0.9181416073922031,0.1861114634171354,430.0,114,710.0,0.8992532130233141,0.9344128904760916,-0.07104661838881476,4.111078422169912,True,global_mean_delta,0.9213579386710897,0.9666286546013643,0.0,
held_out_both,held_out_both/K562__fold1,no_change,pearson_r_de,delta,full_pseudobulk,,,0.0,114,114.0,,,,,True,global_mean_delta,0.17365173844275533,0.6168490317323836,0.0,
held_out_both,held_out_both/K562__fold1,no_change,pearson_r_de,delta,replicate_half,,,0.0,114,1140.0,,,,,True,global_mean_delta,0.19901805862875088,0.6168490317323836,0.0,
held_out_both,held_out_both/K562__fold1,no_change,pert_discrimination,absolute,full_pseudobulk,0.4628939605651296,0.3073391758617602,114.0,114,0.0,0.4100838379133675,0.5220656730321379,-0.0,1.112525153413099,True,no_change,0.4628939605651296,0.18664027324949542,0.0,
held_out_both,held_out_both/K562__fold1,no_change,pert_discrimination,absolute,replicate_half,0.47146405837602845,0.3016490055574061,1140.0,114,0.0,0.45359163949697257,0.48955985095482074,-0.0,1.059072385487042,True,no_change,0.47146405837602845,0.18664027324949542,0.0,
held_out_both,held_out_both/K562__fold1,no_change,pert_discrimination,delta,full_pseudobulk,0.5,0.29250431647855596,114.0,114,0.0,0.4463573202918801,0.5543490917559385,-0.0,0.6821711573750376,True,no_change,0.5,0.07121564974382862,0.0,
held_out_both,held_out_both/K562__fold1,no_change,pert_discrimination,delta,replicate_half,0.5,0.2913463885337864,1140.0,114,0.0,0.48363317031516845,0.5158667132432851,-0.0,0.6794706671540728,True,no_change,0.5,0.07121564974382862,0.0,
held_out_both,held_out_both/K562__fold1,per_drug_mean_delta,direction_acc_de,absolute,full_pseudobulk,0.9559973687815959,0.11580192587214912,43.0,114,71.0,0.9173414556969611,0.9845822320593607,0.0,3.454983208286801,True,global_mean_delta,0.9559973687815959,0.9895147316429833,1.0,0.0
held_out_both,held_out_both/K562__fold1,per_drug_mean_delta,direction_acc_de,absolute,replicate_half,0.9551114284739313,0.11539342963313585,430.0,114,710.0,0.9440065256857326,0.9665369587666963,0.0,3.3541380915115027,True,global_mean_delta,0.9551114284739313,0.9895147316429833,1.0,0.0
held_out_both,held_out_both/K562__fold1,per_drug_mean_delta,direction_acc_de,delta,full_pseudobulk,0.679954372246861,0.33565682853512496,43.0,114,71.0,0.5801143431131371,0.7817481923278117,0.0,1.1003495847633207,True,global_mean_delta,0.679954372246861,0.9849999988213672,1.0,0.0
held_out_both,held_out_both/K562__fold1,per_drug_mean_delta,direction_acc_de,delta,replicate_half,0.6797086433419238,0.33209316734100786,430.0,114,710.0,0.6480433528098875,0.7123146140226438,0.0,1.0877909294859451,True,global_mean_delta,0.6797086433419238,0.9849999988213672,1.0,0.0
held_out_both,held_out_both/K562__fold1,per_drug_mean_delta,mae,absolute,full_pseudobulk,0.023169821781192187,0.007798878514665486,114.0,114,0.0,0.0218264758658402,0.02466893444478334,,,False,no_change,0.021944972781645238,0.030950943889564018,1.0,0.0
held_out_both,held_out_both/K562__fold1,per_drug_mean_delta,mae,absolute,replicate_half,0.027979776064852007,0.008462713865892712,1140.0,114,0.0,0.027499801868495728,0.02849375222948508,,,False,no_change,0.02696779634365449,0.030950943889564018,1.0,0.0
held_out_both,held_out_both/K562__fold1,per_drug_mean_delta,mae,delta,full_pseudobulk,0.023169821781192187,0.007798878514665486,114.0,114,0.0,0.02187530057569435,0.02454208273549245,,,False,no_change,0.021944972781645238,0.030950943889564018,1.0,0.0
held_out_both,held_out_both/K562__fold1,per_drug_mean_delta,mae,delta,replicate_half,0.027979776064852007,0.008462713865892712,1140.0,114,0.0,0.027514846436717103,0.028510940512703278,,,False,no_change,0.02696779634365449,0.030950943889564018,1.0,0.0
held_out_both,held_out_both/K562__fold1,per_drug_mean_delta,pearson_r,absolute,full_pseudobulk,0.9850217549020922,0.014112150156138637,114.0,114,0.0,0.9822609624143489,0.98747256479398,,,False,global_mean_delta,0.9850217549020922,0.9767971571781208,1.0,0.0
held_out_both,held_out_both/K562__fold1,per_drug_mean_delta,pearson_r,absolute,replicate_half,0.9793787070362378,0.016314024206547234,1140.0,114,0.0,0.978389162921369,0.9802522254474635,,,False,global_mean_delta,0.9793787070362378,0.9767971571781208,1.0,0.0
held_out_both,held_out_both/K562__fold1,per_drug_mean_delta,pearson_r,delta,full_pseudobulk,0.061988769151675525,0.12486231474700457,114.0,114,0.0,0.03911129527643274,0.08476546039096523,0.0,0.44323016887828964,True,global_mean_delta,0.061988769151675525,0.34369864251837673,1.0,0.0
held_out_both,held_out_both/K562__fold1,per_drug_mean_delta,pearson_r,delta,replicate_half,0.05438795737485118,0.11300821165931389,1140.0,114,0.0,0.04821510505644535,0.06036805950082949,0.0,0.3906119526945612,True,global_mean_delta,0.05438795737485118,0.34369864251837673,1.0,0.0
held_out_both,held_out_both/K562__fold1,per_drug_mean_delta,pearson_r_de,absolute,full_pseudobulk,0.9364832223604468,0.12129512791002778,43.0,114,71.0,0.8967745333975913,0.9682767288576292,0.0,4.023665241906518,True,global_mean_delta,0.9364832223604468,0.9666286546013643,1.0,0.0
held_out_both,held_out_both/K562__fold1,per_drug_mean_delta,pearson_r_de,absolute,replicate_half,0.9213579386710897,0.1838654983949781,430.0,114,710.0,0.9018941097535613,0.9376004801417546,0.0,4.061466548887049,True,global_mean_delta,0.9213579386710897,0.9666286546013643,1.0,0.0
held_out_both,held_out_both/K562__fold1,per_drug_mean_delta,pearson_r_de,delta,full_pseudobulk,0.17365173844275533,0.5773449419414071,43.0,114,71.0,-0.010154908780726604,0.33414872926807493,0.0,1.30268156119833,True,global_mean_delta,0.17365173844275533,0.6168490317323836,1.0,0.0
held_out_both,held_out_both/K562__fold1,per_drug_mean_delta,pearson_r_de,delta,replicate_half,0.19901805862875088,0.5687525637199327,430.0,114,710.0,0.14940271581239598,0.24988792271973256,0.0,1.3612024965388756,True,global_mean_delta,0.19901805862875088,0.6168490317323836,1.0,0.0
held_out_both,held_out_both/K562__fold1,per_drug_mean_delta,pert_discrimination,absolute,full_pseudobulk,0.4675516224188791,0.30969740481569175,114.0,114,0.0,0.40900869430212694,0.52593153237075,-0.016860089358473884,1.1210616148694024,True,no_change,0.4628939605651296,0.18664027324949542,1.0,0.0
held_out_both,held_out_both/K562__fold1,per_drug_mean_delta,pert_discrimination,absolute,replicate_half,0.47209284272628477,0.30144112518948996,1140.0,114,0.0,0.4547405294208974,0.4888691585157584,-0.002207625848301186,1.058342529418934,True,no_change,0.47146405837602845,0.18664027324949542,1.0,0.0
held_out_both,held_out_both/K562__fold1,per_drug_mean_delta,pert_discrimination,delta,full_pseudobulk,0.49999999999999994,0.29250431647855596,114.0,114,0.0,0.4454937121564974,0.5521095326812607,1.2946170073159956e-16,0.6821711573750376,True,no_change,0.5,0.07121564974382862,1.0,0.0
held_out_both,held_out_both/K562__fold1,per_drug_mean_delta,pert_discrimination,delta,replicate_half,0.5,0.2913463885337864,1140.0,114,0.0,0.4829030818195931,0.5153239015680796,-0.0,0.6794706671540728,True,no_change,0.5,0.07121564974382862,1.0,0.0
held_out_both,held_out_both/K562__fold1,ridge_no_drug,direction_acc_de,absolute,full_pseudobulk,0.9183039923662772,0.1171569078662179,43.0,114,71.0,0.8807416623875651,0.9514740662562219,-1.124592545398078,3.495409479281699,True,global_mean_delta,0.9559973687815959,0.9895147316429833,0.0,
held_out_both,held_out_both/K562__fold1,ridge_no_drug,direction_acc_de,absolute,replicate_half,0.9183863781697182,0.11599869743430724,430.0,114,710.0,0.907113283834782,0.9293018861098047,-1.0674861690969701,3.3717313963810147,True,global_mean_delta,0.9551114284739313,0.9895147316429833,0.0,
held_out_both,held_out_both/K562__fold1,ridge_no_drug,direction_acc_de,delta,full_pseudobulk,0.5831938612240756,0.3369223253172974,43.0,114,71.0,0.4859487135742607,0.6772758628224259,-0.3172001254676306,1.1044981339373678,True,global_mean_delta,0.679954372246861,0.9849999988213672,0.0,
held_out_both,held_out_both/K562__fold1,ridge_no_drug,direction_acc_de,delta,replicate_half,0.5840149706096694,0.33332107165951225,430.0,114,710.0,0.5540678603910425,0.6157988364816679,-0.31345031889937625,1.0918130031426854,True,global_mean_delta,0.6797086433419238,0.9849999988213672,0.0,
held_out_both,held_out_both/K562__fold1,ridge_no_drug,mae,absolute,full_pseudobulk,0.06693834401121782,0.005127205631619401,114.0,114,0.0,0.0660774751615935,0.06787454089548527,,,False,no_change,0.021944972781645238,0.030950943889564018,0.0,
held_out_both,held_out_both/K562__fold1,ridge_no_drug,mae,absolute,replicate_half,0.06925573844977347,0.005666144764987804,1140.0,114,0.0,0.06891407594824404,0.06957982067810992,,,False,no_change,0.02696779634365449,0.030950943889564018,0.0,
held_out_both,held_out_both/K562__fold1,ridge_no_drug,mae,delta,full_pseudobulk,0.06693834401121782,0.005127205631619401,114.0,114,0.0,0.06605792892896295,0.06794739933826248,,,False,no_change,0.021944972781645238,0.030950943889564018,0.0,
held_out_both,held_out_both/K562__fold1,ridge_no_drug,mae,delta,replicate_half,0.06925573844977347,0.005666144764987804,1140.0,114,0.0,0.06895496956574684,0.06962033569014506,,,False,no_change,0.02696779634365449,0.030950943889564018,0.0,
held_out_both,held_out_both/K562__fold1,ridge_no_drug,pearson_r,absolute,full_pseudobulk,0.9155085855163555,0.015012300767687321,114.0,114,0.0,0.912777058143695,0.9181211148488634,,,False,global_mean_delta,0.9850217549020922,0.9767971571781208,0.0,
held_out_both,held_out_both/K562__fold1,ridge_no_drug,pearson_r,absolute,replicate_half,0.9103514837045671,0.016841737858874307,1140.0,114,0.0,0.9093701653874761,0.9113077358513983,,,False,global_mean_delta,0.9793787070362378,0.9767971571781208,0.0,
held_out_both,held_out_both/K562__fold1,ridge_no_drug,pearson_r,delta,full_pseudobulk,0.023888014118098853,0.09192223688425055,114.0,114,0.0,0.007403904678640532,0.03910697727311395,-0.1352482061712512,0.3263010834007779,True,global_mean_delta,0.061988769151675525,0.34369864251837673,0.0,
held_out_both,held_out_both/K562__fold1,ridge_no_drug,pearson_r,delta,replicate_half,0.021202035966701657,0.08124574491553847,1140.0,114,0.0,0.01629708132447968,0.025785836211627625,-0.11470686397803163,0.2808252480382219,True,global_mean_delta,0.05438795737485118,0.34369864251837673,0.0,
held_out_both,held_out_both/K562__fold1,ridge_no_drug,pearson_r_de,absolute,full_pseudobulk,0.8613584475261192,0.31909521235784394,43.0,114,71.0,0.7393835430635112,0.9318714604624425,-2.4920782105209955,10.58519280160543,True,global_mean_delta,0.9364832223604468,0.9666286546013643,0.0,
held_out_both,held_out_both/K562__fold1,ridge_no_drug,pearson_r_de,absolute,replicate_half,0.8475448188674839,0.3426701541172726,430.0,114,710.0,0.8109259212605731,0.8763331832380366,-1.6304827146381335,7.5693557540607355,True,global_mean_delta,0.9213579386710897,0.9666286546013643,0.0,
held_out_both,held_out_both/K562__fold1,ridge_no_drug,pearson_r_de,delta,full_pseudobulk,0.006075212669718666,0.6191979506571663,43.0,114,71.0,-0.17112430577930526,0.20241196852182583,-0.37810818863355705,1.397115821852554,True,global_mean_delta,0.17365173844275533,0.6168490317323836,0.0,
held_out_both,held_out_both/K562__fold1,ridge_no_drug,pearson_r_de,delta,replicate_half,0.019004053793107857,0.5918856964230413,430.0,114,710.0,-0.03362756294684387,0.07259909074178579,-0.4308297288219344,1.4165673071733689,True,global_mean_delta,0.19901805862875088,0.6168490317323836,0.0,
held_out_both,held_out_both/K562__fold1,ridge_no_drug,pert_discrimination,absolute,full_pseudobulk,0.49759354137556283,0.29118345675562063,114.0,114,0.0,0.4435627231796305,0.5496953112870672,-0.1256076657206286,1.054043692900752,True,no_change,0.4628939605651296,0.18664027324949542,0.0,
held_out_both,held_out_both/K562__fold1,ridge_no_drug,pert_discrimination,absolute,replicate_half,0.4956761372457693,0.29243912014691487,1140.0,114,0.0,0.4788590669150753,0.5126934870361746,-0.08500722247962766,1.0267370051872553,True,no_change,0.47146405837602845,0.18664027324949542,0.0,
held_out_both,held_out_both/K562__fold1,ridge_no_drug,pert_discrimination,delta,full_pseudobulk,0.4968172643999379,0.2934520142047178,114.0,114,0.0,0.44550341561869267,0.5468948920975004,0.007422695343616484,0.6843813540055714,True,no_change,0.5,0.07121564974382862,0.0,
held_out_both,held_out_both/K562__fold1,ridge_no_drug,pert_discrimination,delta,replicate_half,0.49693370594628156,0.2907351164924878,1140.0,114,0.0,0.48040657506598344,0.5140634218289085,0.0071511333188502045,0.6780450739836751,True,no_change,0.5,0.07121564974382862,0.0,
held_out_both,held_out_both/K562__fold2,ceiling,direction_acc_de,absolute,full_pseudobulk,0.9939598884069579,0.009705872753812276,710.0,176,1050.0,0.9932180697091318,0.9946792541848354,1.0,2.817082271376856,True,global_mean_delta,0.990514524793538,0.9939598884069579,,
held_out_both,held_out_both/K562__fold2,ceiling,direction_acc_de,absolute,replicate_half,0.9939598884069579,0.009705872753812276,710.0,176,1050.0,0.9932254806786175,0.9946495540691127,1.0,1.7057120858829993,True,global_mean_delta,0.9882696709112029,0.9939598884069579,,
held_out_both,held_out_both/K562__fold2,ceiling,direction_acc_de,delta,full_pseudobulk,0.9956774309448975,0.009407586429229411,710.0,176,1050.0,0.9949686342665942,0.9963572806625439,1.0,0.03281028662849609,True,global_mean_delta,0.7089506938167061,0.9956774309448975,,
held_out_both,held_out_both/K562__fold2,ceiling,direction_acc_de,delta,replicate_half,0.9956774309448975,0.009407586429229411,710.0,176,1050.0,0.9949640521066994,0.996331165275045,1.0,0.03276840800211141,True,global_mean_delta,0.7085842517882158,0.9956774309448975,,
held_out_both,held_out_both/K562__fold2,ceiling,mae,absolute,full_pseudobulk,0.031117838843746838,0.006360442976293869,1760.0,176,0.0,0.03081326736614887,0.0314119572709941,,,False,no_change,0.026186009149912606,0.031117838843746838,,
held_out_both,held_out_both/K562__fold2,ceiling,mae,absolute,replicate_half,0.031117838843746838,0.006360442976293869,1760.0,176,0.0,0.03079757232763655,0.03142231464122169,,,False,no_change,0.030853197804399962,0.031117838843746838,,
held_out_both,held_out_both/K562__fold2,ceiling,mae,delta,full_pseudobulk,0.031117838843746838,0.006360442976293869,1760.0,176,0.0,0.030830911441202716,0.03144398342326475,,,False,no_change,0.026186009149912606,0.031117838843746838,,
held_out_both,held_out_both/K562__fold2,ceiling,mae,delta,replicate_half,0.031117838843746838,0.006360442976293869,1760.0,176,0.0,0.030835772646795014,0.031419319909147606,,,False,no_change,0.030853197804399962,0.031117838843746838,,
held_out_both,held_out_both/K562__fold2,ceiling,pearson_r,absolute,full_pseudobulk,0.9770424751218016,0.010113539095950207,1760.0,176,0.0,0.9765928808453501,0.9775346834834595,1.0,6.652591946940135,True,global_mean_delta,0.9755222347137601,0.9770424751218016,,
held_out_both,held_out_both/K562__fold2,ceiling,pearson_r,absolute,replicate_half,0.9770424751218016,0.010113539095950207,1760.0,176,0.0,0.9765763320163466,0.9774786875794951,1.0,1.4274424596119046,True,global_mean_delta,0.9699573985725866,0.9770424751218016,,
held_out_both,held_out_both/K562__fold2,ceiling,pearson_r,delta,full_pseudobulk,0.417616169164191,0.22449834262383297,1760.0,176,0.0,0.40667649506136994,0.4277845681882055,1.0,0.671533676507986,True,global_mean_delta,0.0833092676976296,0.417616169164191,,
held_out_both,held_out_both/K562__fold2,ceiling,pearson_r,delta,replicate_half,0.417616169164191,0.22449834262383297,1760.0,176,0.0,0.40791129212124544,0.4277048444077418,1.0,0.6561699316760241,True,global_mean_delta,0.07548171315459087,0.417616169164191,,
held_out_both,held_out_both/K562__fold2,ceiling,pearson_r_de,absolute,full_pseudobulk,0.9732948268138514,0.031614409378491345,710.0,176,1050.0,0.9709007302605513,0.9754831317536974,1.0,0.2851558018462103,True,global_mean_delta,0.8624276826989244,0.9732948268138514,,
held_out_both,held_out_both/K562__fold2,ceiling,pearson_r_de,absolute,replicate_half,0.9732948268138514,0.031614409378491345,710.0,176,1050.0,0.970913738209107,0.9755753842830474,1.0,0.26828189693497106,True,global_mean_delta,0.8554545634950246,0.9732948268138514,,
held_out_both,held_out_both/K562__fold2,ceiling,pearson_r_de,delta,full_pseudobulk,0.8341085201500663,0.3566037946019317,710.0,176,1050.0,0.8053538025192751,0.8607430647976132,1.0,0.614358245014396,True,global_mean_delta,0.25365925053283256,0.8341085201500663,,
held_out_both,held_out_both/K562__fold2,ceiling,pearson_r_de,delta,replicate_half,0.8341085201500663,0.3566037946019317,710.0,176,1050.0,0.8085820540152376,0.8583904256134184,1.0,0.6011670842696735,True,global_mean_delta,0.24092269222811505,0.8341085201500663,,
held_out_both,held_out_both/K562__fold2,ceiling,pert_discrimination,absolute,full_pseudobulk,0.09663311688311688,0.13090180736455742,1760.0,176,0.0,0.09079488636363636,0.10245779220779222,1.0,0.3664351174555671,True,no_change,0.45386363636363636,0.09663311688311688,,
held_out_both,held_out_both/K562__fold2,ceiling,pert_discrimination,absolute,replicate_half,0.09663311688311688,0.13090180736455742,1760.0,176,0.0,0.0902661525974026,0.10272094155844157,1.0,0.3538414529043793,True,no_change,0.46657792207792204,0.09663311688311688,,
held_out_both,held_out_both/K562__fold2,ceiling,pert_discrimination,delta,full_pseudobulk,0.015532467532467533,0.04588375518935163,1760.0,176,0.0,0.013473863636363638,0.017727435064935064,1.0,0.09470965981074618,True,no_change,0.5,0.015532467532467533,,
held_out_both,held_out_both/K562__fold2,ceiling,pert_discrimination,delta,replicate_half,0.015532467532467533,0.04588375518935163,1760.0,176,0.0,0.01350625,0.017805194805194807,1.0,0.09470965981074618,True,no_change,0.5,0.015532467532467533,,
held_out_both,held_out_both/K562__fold2,global_mean_delta,direction_acc_de,absolute,full_pseudobulk,0.990514524793538,0.012541216839581813,71.0,176,105.0,0.9876547378635471,0.9933510760621749,0.0,3.640027076019725,True,global_mean_delta,0.990514524793538,0.9939598884069579,0.0,
held_out_both,held_out_both/K562__fold2,global_mean_delta,direction_acc_de,absolute,replicate_half,0.9882696709112029,0.014459014658749393,710.0,176,1050.0,0.9871425723591138,0.9893500711144557,0.0,2.5410302276733625,True,global_mean_delta,0.9882696709112029,0.9939598884069579,0.0,
held_out_both,held_out_both/K562__fold2,global_mean_delta,direction_acc_de,delta,full_pseudobulk,0.7089506938167061,0.18746614764841307,71.0,176,105.0,0.6649672611861657,0.7524270325296474,0.0,0.6538146722068673,True,global_mean_delta,0.7089506938167061,0.9956774309448975,0.0,
held_out_both,held_out_both/K562__fold2,global_mean_delta,direction_acc_de,delta,replicate_half,0.7085842517882158,0.18639779703052814,710.0,176,1050.0,0.6948628985998665,0.7220911500971281,0.0,0.6492588837465944,True,global_mean_delta,0.7085842517882158,0.9956774309448975,0.0,
held_out_both,held_out_both/K562__fold2,global_mean_delta,mae,absolute,full_pseudobulk,0.02684965110423451,0.013480398368679024,176.0,176,0.0,0.024895163318087676,0.02874790273762907,,,False,no_change,0.026186009149912606,0.031117838843746838,0.0,
held_out_both,held_out_both/K562__fold2,global_mean_delta,mae,absolute,replicate_half,0.031389650284454104,0.01343362566329754,1760.0,176,0.0,0.030733461497768667,0.03201938134975921,,,False,no_change,0.030853197804399962,0.031117838843746838,0.0,
held_out_both,held_out_both/K562__fold2,global_mean_delta,mae,delta,full_pseudobulk,0.02684965110423451,0.013480398368679024,176.0,176,0.0,0.02486721963636646,0.02894540220818923,,,False,no_change,0.026186009149912606,0.031117838843746838,0.0,
held_out_both,held_out_both/K562__fold2,global_mean_delta,mae,delta,replicate_half,0.031389650284454104,0.01343362566329754,1760.0,176,0.0,0.03078221110477555,0.03205276580501351,,,False,no_change,0.030853197804399962,0.031117838843746838,0.0,
held_out_both,held_out_both/K562__fold2,global_mean_delta,pearson_r,absolute,full_pseudobulk,0.9755222347137601,0.02964374919285208,176.0,176,0.0,0.9708286184512364,0.9800343147855366,0.0,19.499382489800166,True,global_mean_delta,0.9755222347137601,0.9770424751218016,0.0,
held_out_both,held_out_both/K562__fold2,global_mean_delta,pearson_r,absolute,replicate_half,0.9699573985725866,0.03153835455352364,1760.0,176,0.0,0.9684575249528303,0.9712881657505625,0.0,4.451378095134003,True,global_mean_delta,0.9699573985725866,0.9770424751218016,0.0,
held_out_both,held_out_both/K562__fold2,global_mean_delta,pearson_r,delta,full_pseudobulk,0.0833092676976296,0.130387749871255,176.0,176,0.0,0.06490477834617052,0.1019114733872987,0.0,0.39002410449578134,True,global_mean_delta,0.0833092676976296,0.417616169164191,0.0,
held_out_both,held_out_both/K562__fold2,global_mean_delta,pearson_r,delta,replicate_half,0.07548171315459087,0.12030796453618436,1760.0,176,0.0,0.06989221809523329,0.0809750419584991,0.0,0.35163942836791795,True,global_mean_delta,0.07548171315459087,0.417616169164191,0.0,
held_out_both,held_out_both/K562__fold2,global_mean_delta,pearson_r_de,absolute,full_pseudobulk,0.8624276826989244,0.11656729821209656,71.0,176,105.0,0.8345909888825966,0.8882791801654488,0.0,1.051414277355794,True,global_mean_delta,0.8624276826989244,0.9732948268138514,0.0,
held_out_both,held_out_both/K562__fold2,global_mean_delta,pearson_r_de,absolute,replicate_half,0.8554545634950246,0.12210939612630405,710.0,176,1050.0,0.8463384789498526,0.8642841152112336,0.0,1.036228133638218,True,global_mean_delta,0.8554545634950246,0.9732948268138514,0.0,
held_out_both,held_out_both/K562__fold2,global_mean_delta,pearson_r_de,delta,full_pseudobulk,0.25365925053283256,0.4230002470671164,71.0,176,105.0,0.1516067787502557,0.34161145526141323,0.0,0.7287462819034227,True,global_mean_delta,0.25365925053283256,0.8341085201500663,0.0,
held_out_both,held_out_both/K562__fold2,global_mean_delta,pearson_r_de,delta,replicate_half,0.24092269222811505,0.42046175141100944,710.0,176,1050.0,0.2119844598043679,0.2704808048416856,0.0,0.7088196170902652,True,global_mean_delta,0.24092269222811505,0.8341085201500663,0.0,
held_out_both,held_out_both/K562__fold2,global_mean_delta,pert_discrimination,absolute,full_pseudobulk,0.45889610389610397,0.31464066985439854,176.0,176,0.0,0.40928896103896106,0.508346590909091,-0.014087451261963192,0.8807776847060699,True,no_change,0.45386363636363636,0.09663311688311688,0.0,
held_out_both,held_out_both/K562__fold2,global_mean_delta,pert_discrimination,absolute,replicate_half,0.4695584415584415,0.30527652690671425,1760.0,176,0.0,0.4553316558441558,0.48458701298701296,-0.008056659908901798,0.8251947928988003,True,no_change,0.46657792207792204,0.09663311688311688,0.0,
held_out_both,held_out_both/K562__fold2,global_mean_delta,pert_discrimination,delta,full_pseudobulk,0.5,0.29114832463673135,176.0,176,0.0,0.45649025974025975,0.5442735389610389,-0.0,0.6009656068257644,True,no_change,0.5,0.015532467532467533,0.0,
held_out_both,held_out_both/K562__fold2,global_mean_delta,pert_discrimination,delta,replicate_half,0.5,0.29040253291178236,1760.0,176,0.0,0.486923538961039,0.514215827922078,-0.0,0.5994262018605844,True,no_change,0.5,0.015532467532467533,0.0,
held_out_both,held_out_both/K562__fold2,nearest_context,direction_acc_de,absolute,full_pseudobulk,0.990514524793538,0.012541216839581813,71.0,176,105.0,0.9875049855173889,0.9933522376137902,0.0,3.640027076019725,True,global_mean_delta,0.990514524793538,0.9939598884069579,1.0,0.0
held_out_both,held_out_both/K562__fold2,nearest_context,direction_acc_de,absolute,replicate_half,0.9882696709112029,0.014459014658749393,710.0,176,1050.0,0.9871895873402775,0.9893142014674511,0.0,2.5410302276733625,True,global_mean_delta,0.9882696709112029,0.9939598884069579,1.0,0.0
held_out_both,held_out_both/K562__fold2,nearest_context,direction_acc_de,delta,full_pseudobulk,0.7089506938167061,0.18746614764841307,71.0,176,105.0,0.6638610598554301,0.746547375188084,0.0,0.6538146722068673,True,global_mean_delta,0.7089506938167061,0.9956774309448975,1.0,0.0
held_out_both,held_out_both/K562__fold2,nearest_context,direction_acc_de,delta,replicate_half,0.7085842517882158,0.18639779703052814,710.0,176,1050.0,0.6941205030888639,0.7232753015426228,0.0,0.6492588837465944,True,global_mean_delta,0.7085842517882158,0.9956774309448975,1.0,0.0
held_out_both,held_out_both/K562__fold2,nearest_context,mae,absolute,full_pseudobulk,0.02684965110423451,0.013480398368679024,176.0,176,0.0,0.024939186306661875,0.028875249321811028,,,False,no_change,0.026186009149912606,0.031117838843746838,1.0,0.0
held_out_both,held_out_both/K562__fold2,nearest_context,mae,absolute,replicate_half,0.031389650284454104,0.01343362566329754,1760.0,176,0.0,0.03077856080634306,0.03203749729365509,,,False,no_change,0.030853197804399962,0.031117838843746838,1.0,0.0
held_out_both,held_out_both/K562__fold2,nearest_context,mae,delta,full_pseudobulk,0.02684965110423451,0.013480398368679024,176.0,176,0.0,0.02499189696615436,0.028959057334265778,,,False,no_change,0.026186009149912606,0.031117838843746838,1.0,0.0
held_out_both,held_out_both/K562__fold2,nearest_context,mae,delta,replicate_half,0.031389650284454104,0.01343362566329754,1760.0,176,0.0,0.03078266735628454,0.03203501094081828,,,False,no_change,0.030853197804399962,0.031117838843746838,1.0,0.0
held_out_both,held_out_both/K562__fold2,nearest_context,pearson_r,absolute,full_pseudobulk,0.9755222347137601,0.02964374919285208,176.0,176,0.0,0.9710824346456092,0.9797979050562982,0.0,19.499382489800166,True,global_mean_delta,0.9755222347137601,0.9770424751218016,1.0,0.0
held_out_both,held_out_both/K562__fold2,nearest_context,pearson_r,absolute,replicate_half,0.9699573985725866,0.03153835455352364,1760.0,176,0.0,0.9683642272570072,0.9713464409470426,0.0,4.451378095134003,True,global_mean_delta,0.9699573985725866,0.9770424751218016,1.0,0.0
held_out_both,held_out_both/K562__fold2,nearest_context,pearson_r,delta,full_pseudobulk,0.0833092676976296,0.130387749871255,176.0,176,0.0,0.06551876625717472,0.10124238043252821,0.0,0.39002410449578134,True,global_mean_delta,0.0833092676976296,0.417616169164191,1.0,0.0
held_out_both,held_out_both/K562__fold2,nearest_context,pearson_r,delta,replicate_half,0.07548171315459087,0.12030796453618436,1760.0,176,0.0,0.0701759139509442,0.08105086244752123,0.0,0.35163942836791795,True,global_mean_delta,0.07548171315459087,0.417616169164191,1.0,0.0
held_out_both,held_out_both/K562__fold2,nearest_context,pearson_r_de,absolute,full_pseudobulk,0.8624276826989244,0.11656729821209656,71.0,176,105.0,0.8348836229395132,0.8881942590831005,0.0,1.051414277355794,True,global_mean_delta,0.8624276826989244,0.9732948268138514,1.0,0.0
held_out_both,held_out_both/K562__fold2,nearest_context,pearson_r_de,absolute,replicate_half,0.8554545634950246,0.12210939612630405,710.0,176,1050.0,0.8466466310896298,0.864175840081147,0.0,1.036228133638218,True,global_mean_delta,0.8554545634950246,0.9732948268138514,1.0,0.0
held_out_both,held_out_both/K562__fold2,nearest_context,pearson_r_de,delta,full_pseudobulk,0.25365925053283256,0.4230002470671164,71.0,176,105.0,0.15212103325220644,0.3488943691572282,0.0,0.7287462819034227,True,global_mean_delta,0.25365925053283256,0.8341085201500663,1.0,0.0
held_out_both,held_out_both/K562__fold2,nearest_context,pearson_r_de,delta,replicate_half,0.24092269222811505,0.42046175141100944,710.0,176,1050.0,0.21147421851328904,0.27153648238389255,0.0,0.7088196170902652,True,global_mean_delta,0.24092269222811505,0.8341085201500663,1.0,0.0
held_out_both,held_out_both/K562__fold2,nearest_context,pert_discrimination,absolute,full_pseudobulk,0.45889610389610397,0.31464066985439854,176.0,176,0.0,0.4092508116883117,0.5034123376623376,-0.014087451261963192,0.8807776847060699,True,no_change,0.45386363636363636,0.09663311688311688,1.0,0.0
held_out_both,held_out_both/K562__fold2,nearest_context,pert_discrimination,absolute,replicate_half,0.4695584415584415,0.30527652690671425,1760.0,176,0.0,0.45474780844155843,0.4826280032467532,-0.008056659908901798,0.8251947928988003,True,no_change,0.46657792207792204,0.09663311688311688,1.0,0.0
held_out_both,held_out_both/K562__fold2,nearest_context,pert_discrimination,delta,full_pseudobulk,0.5,0.29114832463673135,176.0,176,0.0,0.4580836038961039,0.5395422077922077,-0.0,0.6009656068257644,True,no_change,0.5,0.015532467532467533,1.0,0.0
held_out_both,held_out_both/K562__fold2,nearest_context,pert_discrimination,delta,replicate_half,0.5,0.29040253291178236,1760.0,176,0.0,0.48546144480519476,0.5132724025974025,-0.0,0.5994262018605844,True,no_change,0.5,0.015532467532467533,1.0,0.0
held_out_both,held_out_both/K562__fold2,no_change,direction_acc_de,absolute,full_pseudobulk,0.991723054232651,0.015795951721200432,71.0,176,105.0,0.9876438023047924,0.995045980676789,0.35076978070055226,4.5846980155226476,True,global_mean_delta,0.990514524793538,0.9939598884069579,0.0,
held_out_both,held_out_both/K562__fold2,no_change,direction_acc_de,absolute,replicate_half,0.9901639639132298,0.016531669671809846,710.0,176,1050.0,0.9889764714557995,0.9913249300293273,0.33290344410210776,2.905279048497289,True,global_mean_delta,0.9882696709112029,0.9939598884069579,0.0,
held_out_both,held_out_both/K562__fold2,no_change,direction_acc_de,delta,full_pseudobulk,0.0,0.0,71.0,176,105.0,0.0,0.0,-2.4725656941429373,0.0,True,global_mean_delta,0.7089506938167061,0.9956774309448975,0.0,
held_out_both,held_out_both/K562__fold2,no_change,direction_acc_de,delta,replicate_half,0.0005655434995468639,0.0026254037411031217,710.0,176,1050.0,0.0003883056997362512,0.0007739681638855071,-2.4661634608263068,0.009144779227479671,True,global_mean_delta,0.7085842517882158,0.9956774309448975,0.0,
held_out_both,held_out_both/K562__fold2,no_change,mae,absolute,full_pseudobulk,0.026186009149912606,0.014015773911626535,176.0,176,0.0,0.02416039048798996,0.02845032930676265,,,False,no_change,0.026186009149912606,0.031117838843746838,0.0,
held_out_both,held_out_both/K562__fold2,no_change,mae,absolute,replicate_half,0.030853197804399962,0.013904174851795913,1760.0,176,0.0,0.030190607245762686,0.03148903461561314,,,False,no_change,0.030853197804399962,0.031117838843746838,0.0,
held_out_both,held_out_both/K562__fold2,no_change,mae,delta,full_pseudobulk,0.026186009149912606,0.014015773911626535,176.0,176,0.0,0.024156087147770892,0.02832496087127152,,,False,no_change,0.026186009149912606,0.031117838843746838,0.0,
held_out_both,held_out_both/K562__fold2,no_change,mae,delta,replicate_half,0.030853197804399962,0.013904174851795913,1760.0,176,0.0,0.030200837639850188,0.031536695536183115,,,False,no_change,0.030853197804399962,0.031117838843746838,0.0,
held_out_both,held_out_both/K562__fold2,no_change,pearson_r,absolute,full_pseudobulk,0.9750921415358866,0.03125020584684533,176.0,176,0.0,0.9702412158511187,0.979680824033737,-0.2829112919235753,20.55609473445282,True,global_mean_delta,0.9755222347137601,0.9770424751218016,0.0,
held_out_both,held_out_both/K562__fold2,no_change,pearson_r,absolute,replicate_half,0.9695298424206273,0.03311838959475248,1760.0,176,0.0,0.9679816393070382,0.9709564572161525,-0.06034601729272566,4.674386982935488,True,global_mean_delta,0.9699573985725866,0.9770424751218016,0.0,
held_out_both,held_out_both/K562__fold2,no_change,pearson_r,delta,full_pseudobulk,,,0.0,176,176.0,,,,,True,global_mean_delta,0.0833092676976296,0.417616169164191,0.0,
held_out_both,held_out_both/K562__fold2,no_change,pearson_r,delta,replicate_half,,,0.0,176,1760.0,,,,,True,global_mean_delta,0.07548171315459087,0.417616169164191,0.0,
held_out_both,held_out_both/K562__fold2,no_change,pearson_r_de,absolute,full_pseudobulk,0.855822820331405,0.1212411412685762,71.0,176,105.0,0.8269541165037944,0.8837493103296665,-0.05957456936631042,1.0935714294479832,True,global_mean_delta,0.8624276826989244,0.9732948268138514,0.0,
held_out_both,held_out_both/K562__fold2,no_change,pearson_r_de,absolute,replicate_half,0.8490588861716954,0.12652281676166044,710.0,176,1050.0,0.8395184893201649,0.8584967143949803,-0.05427412620442882,1.0736807029982804,True,global_mean_delta,0.8554545634950246,0.9732948268138514,0.0,
held_out_both,held_out_both/K562__fold2,no_change,pearson_r_de,delta,full_pseudobulk,,,0.0,176,176.0,,,,,True,global_mean_delta,0.25365925053283256,0.8341085201500663,0.0,
held_out_both,held_out_both/K562__fold2,no_change,pearson_r_de,delta,replicate_half,,,0.0,176,1760.0,,,,,True,global_mean_delta,0.24092269222811505,0.8341085201500663,0.0,
held_out_both,held_out_both/K562__fold2,no_change,pert_discrimination,absolute,full_pseudobulk,0.45386363636363636,0.31846835774485843,176.0,176,0.0,0.4063620129870131,0.500849025974026,-0.0,0.8914925807794123,True,no_change,0.45386363636363636,0.09663311688311688,0.0,
held_out_both,held_out_both/K562__fold2,no_change,pert_discrimination,absolute,replicate_half,0.46657792207792204,0.30698630609687977,1760.0,176,0.0,0.45204220779220783,0.4798258116883117,-0.0,0.8298165071820031,True,no_change,0.46657792207792204,0.09663311688311688,0.0,
held_out_both,held_out_both/K562__fold2,no_change,pert_discrimination,delta,full_pseudobulk,0.5,0.29114832463673135,176.0,176,0.0,0.4590803571428571,0.5427694805194805,-0.0,0.6009656068257644,True,no_change,0.5,0.015532467532467533,0.0,
held_out_both,held_out_both/K562__fold2,no_change,pert_discrimination,delta,replicate_half,0.5,0.29040253291178236,1760.0,176,0.0,0.4869904220779221,0.5139735389610389,-0.0,0.5994262018605844,True,no_change,0.5,0.015532467532467533,0.0,
held_out_both,held_out_both/K562__fold2,per_drug_mean_delta,direction_acc_de,absolute,full_pseudobulk,0.990514524793538,0.012541216839581813,71.0,176,105.0,0.9874431322337833,0.9932336472019494,0.0,3.640027076019725,True,global_mean_delta,0.990514524793538,0.9939598884069579,1.0,0.0
held_out_both,held_out_both/K562__fold2,per_drug_mean_delta,direction_acc_de,absolute,replicate_half,0.9882696709112029,0.014459014658749393,710.0,176,1050.0,0.9872468878592877,0.9893739100664912,0.0,2.5410302276733625,True,global_mean_delta,0.9882696709112029,0.9939598884069579,1.0,0.0
held_out_both,held_out_both/K562__fold2,per_drug_mean_delta,direction_acc_de,delta,full_pseudobulk,0.7089506938167061,0.18746614764841307,71.0,176,105.0,0.6646336812276674,0.7485411228269099,0.0,0.6538146722068673,True,global_mean_delta,0.7089506938167061,0.9956774309448975,1.0,0.0
held_out_both,held_out_both/K562__fold2,per_drug_mean_delta,direction_acc_de,delta,replicate_half,0.7085842517882158,0.18639779703052814,710.0,176,1050.0,0.6955833567245915,0.7220968494069853,0.0,0.6492588837465944,True,global_mean_delta,0.7085842517882158,0.9956774309448975,1.0,0.0
held_out_both,held_out_both/K562__fold2,per_drug_mean_delta,mae,absolute,full_pseudobulk,0.02684965110423451,0.013480398368679024,176.0,176,0.0,0.024939366685310296,0.029003499703618003,,,False,no_change,0.026186009149912606,0.031117838843746838,1.0,0.0
held_out_both,held_out_both/K562__fold2,per_drug_mean_delta,mae,absolute,replicate_half,0.031389650284454104,0.01343362566329754,1760.0,176,0.0,0.0307424734802087,0.03198101984317332,,,False,no_change,0.030853197804399962,0.031117838843746838,1.0,0.0
held_out_both,held_out_both/K562__fold2,per_drug_mean_delta,mae,delta,full_pseudobulk,0.02684965110423451,0.013480398368679024,176.0,176,0.0,0.024751781593287926,0.028763090462896535,,,False,no_change,0.026186009149912606,0.031117838843746838,1.0,0.0
held_out_both,held_out_both/K562__fold2,per_drug_mean_delta,mae,delta,replicate_half,0.031389650284454104,0.01343362566329754,1760.0,176,0.0,0.030788389914357565,0.03206127410078193,,,False,no_change,0.030853197804399962,0.031117838843746838,1.0,0.0
held_out_both,held_out_both/K562__fold2,per_drug_mean_delta,pearson_r,absolute,full_pseudobulk,0.9755222347137601,0.02964374919285208,176.0,176,0.0,0.9709342423210103,0.9797030270886368,0.0,19.499382489800166,True,global_mean_delta,0.9755222347137601,0.9770424751218016,1.0,0.0
held_out_both,held_out_both/K562__fold2,per_drug_mean_delta,pearson_r,absolute,replicate_half,0.9699573985725866,0.03153835455352364,1760.0,176,0.0,0.9686039699219366,0.9713910764653022,0.0,4.451378095134003,True,global_mean_delta,0.9699573985725866,0.9770424751218016,1.0,0.0
held_out_both,held_out_both/K562__fold2,per_drug_mean_delta,pearson_r,delta,full_pseudobulk,0.0833092676976296,0.130387749871255,176.0,176,0.0,0.06390629544119347,0.100818799347848,0.0,0.39002410449578134,True,global_mean_delta,0.0833092676976296,0.417616169164191,1.0,0.0
held_out_both,held_out_both/K562__fold2,per_drug_mean_delta,pearson_r,delta,replicate_half,0.07548171315459087,0.12030796453618436,1760.0,176,0.0,0.0693745428667939,0.081123076672452,0.0,0.35163942836791795,True,global_mean_delta,0.07548171315459087,0.417616169164191,1.0,0.0
held_out_both,held_out_both/K562__fold2,per_drug_mean_delta,pearson_r_de,absolute,full_pseudobulk,0.8624276826989244,0.11656729821209656,71.0,176,105.0,0.8351884430401972,0.8879628966918299,0.0,1.051414277355794,True,global_mean_delta,0.8624276826989244,0.9732948268138514,1.0,0.0
held_out_both,held_out_both/K562__fold2,per_drug_mean_delta,pearson_r_de,absolute,replicate_half,0.8554545634950246,0.12210939612630405,710.0,176,1050.0,0.846567454184775,0.8642350727322174,0.0,1.036228133638218,True,global_mean_delta,0.8554545634950246,0.9732948268138514,1.0,0.0
held_out_both,held_out_both/K562__fold2,per_drug_mean_delta,pearson_r_de,delta,full_pseudobulk,0.25365925053283256,0.4230002470671164,71.0,176,105.0,0.14951208828473356,0.36020553580090614,0.0,0.7287462819034227,True,global_mean_delta,0.25365925053283256,0.8341085201500663,1.0,0.0
held_out_both,held_out_both/K562__fold2,per_drug_mean_delta,pearson_r_de,delta,replicate_half,0.24092269222811505,0.42046175141100944,710.0,176,1050.0,0.21064817824517182,0.2701969124891918,0.0,0.7088196170902652,True,global_mean_delta,0.24092269222811505,0.8341085201500663,1.0,0.0
held_out_both,held_out_both/K562__fold2,per_drug_mean_delta,pert_discrimination,absolute,full_pseudobulk,0.45889610389610397,0.31464066985439854,176.0,176,0.0,0.41599188311688307,0.5074082792207792,-0.014087451261963192,0.8807776847060699,True,no_change,0.45386363636363636,0.09663311688311688,1.0,0.0
held_out_both,held_out_both/K562__fold2,per_drug_mean_delta,pert_discrimination,absolute,replicate_half,0.4695584415584415,0.30527652690671425,1760.0,176,0.0,0.4558987824675324,0.48360251623376616,-0.008056659908901798,0.8251947928988003,True,no_change,0.46657792207792204,0.09663311688311688,1.0,0.0
held_out_both,held_out_both/K562__fold2,per_drug_mean_delta,pert_discrimination,delta,full_pseudobulk,0.5,0.29114832463673135,176.0,176,0.0,0.4584537337662338,0.5398457792207791,-0.0,0.6009656068257644,True,no_change,0.5,0.015532467532467533,1.0,0.0
held_out_both,held_out_both/K562__fold2,per_drug_mean_delta,pert_discrimination,delta,replicate_half,0.5,0.29040253291178236,1760.0,176,0.0,0.4872237012987013,0.5140565746753246,-0.0,0.5994262018605844,True,no_change,0.5,0.015532467532467533,1.0,0.0
held_out_both,held_out_both/K562__fold2,ridge_no_drug,direction_acc_de,absolute,full_pseudobulk,0.9021464838633251,0.07926094815124941,71.0,176,105.0,0.8855400325372199,0.9211164947472058,-25.648393274373845,23.005103972922285,True,global_mean_delta,0.990514524793538,0.9939598884069579,0.0,
held_out_both,held_out_both/K562__fold2,ridge_no_drug,direction_acc_de,absolute,replicate_half,0.9002937990860491,0.07995380349538424,710.0,176,1050.0,0.8941591675573776,0.9058473775230398,-15.460897916605925,14.051097968580377,True,global_mean_delta,0.9882696709112029,0.9939598884069579,0.0,
held_out_both,held_out_both/K562__fold2,ridge_no_drug,direction_acc_de,delta,full_pseudobulk,0.5012900452564565,0.18919914382474434,71.0,176,105.0,0.461821921966111,0.5476938335168468,-0.7242458468998916,0.6598587411823966,True,global_mean_delta,0.7089506938167061,0.9956774309448975,0.0,
held_out_both,held_out_both/K562__fold2,ridge_no_drug,direction_acc_de,delta,replicate_half,0.5012454164775832,0.18803133215196813,710.0,176,1050.0,0.48775174739707167,0.5146717550875041,-0.7222004922571742,0.6549487964301293,True,global_mean_delta,0.7085842517882158,0.9956774309448975,0.0,
held_out_both,held_out_both/K562__fold2,ridge_no_drug,mae,absolute,full_pseudobulk,0.08038263263734784,0.009820593253072106,176.0,176,0.0,0.07896526726316684,0.0818573933201104,,,False,no_change,0.026186009149912606,0.031117838843746838,0.0,
held_out_both,held_out_both/K562__fold2,ridge_no_drug,mae,absolute,replicate_half,0.08226992773407678,0.01015860391713484,1760.0,176,0.0,0.08182438461628662,0.08274592993141423,,,False,no_change,0.030853197804399962,0.031117838843746838,0.0,
held_out_both,held_out_both/K562__fold2,ridge_no_drug,mae,delta,full_pseudobulk,0.08038263263734784,0.009820593253072106,176.0,176,0.0,0.0789251317265572,0.08198912877987742,,,False,no_change,0.026186009149912606,0.031117838843746838,0.0,
held_out_both,held_out_both/K562__fold2,ridge_no_drug,mae,delta,replicate_half,0.08226992773407678,0.01015860391713484,1760.0,176,0.0,0.08176328997186824,0.08271841047779181,,,False,no_change,0.030853197804399962,0.031117838843746838,0.0,
held_out_both,held_out_both/K562__fold2,ridge_no_drug,pearson_r,absolute,full_pseudobulk,0.8843640405524021,0.034374245370890205,176.0,176,0.0,0.8794538302360738,0.8892772116149441,-59.96301221777972,22.6110588753346,True,global_mean_delta,0.9755222347137601,0.9770424751218016,0.0,
held_out_both,held_out_both/K562__fold2,ridge_no_drug,pearson_r,absolute,replicate_half,0.8793248065143517,0.03606782666628835,1760.0,176,0.0,0.877677264059437,0.8810568105471355,-12.792041332041144,5.090675649832477,True,global_mean_delta,0.9699573985725866,0.9770424751218016,0.0,
held_out_both,held_out_both/K562__fold2,ridge_no_drug,pearson_r,delta,full_pseudobulk,-0.01721751681350457,0.10065815970775267,176.0,176,0.0,-0.03186617206209684,-0.0024129717117321284,-0.30070209161143874,0.3010950694292528,True,global_mean_delta,0.0833092676976296,0.417616169164191,0.0,
held_out_both,held_out_both/K562__fold2,ridge_no_drug,pearson_r,delta,replicate_half,-0.016516085184509557,0.0906937990274236,1760.0,176,0.0,-0.020641121421145627,-0.012419358455080461,-0.2688936958063032,0.2650823307456609,True,global_mean_delta,0.07548171315459087,0.417616169164191,0.0,
held_out_both,held_out_both/K562__fold2,ridge_no_drug,pearson_r_de,absolute,full_pseudobulk,0.7108630954779674,0.3439749593125457,71.0,176,105.0,0.6267577108990117,0.7835082690201213,-1.3670829931710187,3.1025869932752563,True,global_mean_delta,0.8624276826989244,0.9732948268138514,0.0,
held_out_both,held_out_both/K562__fold2,ridge_no_drug,pearson_r_de,absolute,replicate_half,0.7064459352325937,0.3434753806369733,710.0,176,1050.0,0.6815734366727112,0.7322142796266192,-1.2644967353753738,2.9147540149980116,True,global_mean_delta,0.8554545634950246,0.9732948268138514,0.0,
held_out_both,held_out_both/K562__fold2,ridge_no_drug,pearson_r_de,delta,full_pseudobulk,-0.17372712341526644,0.37694583611578386,71.0,176,105.0,-0.2523994764899882,-0.08712815849594678,-0.7363027163940283,0.6494035841656819,True,global_mean_delta,0.25365925053283256,0.8341085201500663,0.0,
held_out_both,held_out_both/K562__fold2,ridge_no_drug,pearson_r_de,delta,replicate_half,-0.1604199361923187,0.3852877342793277,710.0,176,1050.0,-0.18821917126133586,-0.1322883289418407,-0.6765883632561104,0.649522824287741,True,global_mean_delta,0.24092269222811505,0.8341085201500663,0.0,
held_out_both,held_out_both/K562__fold2,ridge_no_drug,pert_discrimination,absolute,full_pseudobulk,0.4935064935064935,0.2942429062655931,176.0,176,0.0,0.4526923701298701,0.5380551948051948,-0.11097276123133414,0.8236779620438862,True,no_change,0.45386363636363636,0.09663311688311688,0.0,
held_out_both,held_out_both/K562__fold2,ridge_no_drug,pert_discrimination,absolute,replicate_half,0.4938214285714286,0.29310206226194585,1760.0,176,0.0,0.47964131493506496,0.5078647727272728,-0.07364208419999488,0.7922859252141802,True,no_change,0.46657792207792204,0.09663311688311688,0.0,
held_out_both,held_out_both/K562__fold2,ridge_no_drug,pert_discrimination,delta,full_pseudobulk,0.49798701298701303,0.29264736230520333,176.0,176,0.0,0.45529058441558434,0.5405527597402597,0.0041550503967402,0.6040598031712593,True,no_change,0.5,0.015532467532467533,0.0,
held_out_both,held_out_both/K562__fold2,ridge_no_drug,pert_discrimination,delta,replicate_half,0.49819805194805195,0.29143576876360333,1760.0,176,0.0,0.4849492694805195,0.5119616071428571,0.003719440274501399,0.6015589265171953,True,no_change,0.5,0.015532467532467533,0.0,
held_out_both,held_out_both/K562__fold3,ceiling,direction_acc_de,absolute,full_pseudobulk,0.9943629976166858,0.012392281305576194,260.0,115,890.0,0.9926874264063428,0.9957740540054903,1.0,1.7791665965416033,True,global_mean_delta,0.987397780683283,0.9943629976166858,,
held_out_both,held_out_both/K562__fold3,ceiling,direction_acc_de,absolute,replicate_half,0.9943629976166858,0.012392281305576194,260.0,115,890.0,0.9927533007046921,0.9956967982307344,1.0,1.5385768428333688,True,global_mean_delta,0.9863086184263977,0.9943629976166858,,
held_out_both,held_out_both/K562__fold3,ceiling,direction_acc_de,delta,full_pseudobulk,0.9946385855646012,0.013940240804369109,260.0,115,890.0,0.9929242814182745,0.9962856883807881,1.0,0.04461874308180438,True,global_mean_delta,0.6822084308466398,0.9946385855646012,,
held_out_both,held_out_both/K562__fold3,ceiling,direction_acc_de,delta,replicate_half,0.9946385855646012,0.013940240804369109,260.0,115,890.0,0.993030841558347,0.9962396391832676,1.0,0.0445274996315803,True,global_mean_delta,0.6815682151258745,0.9946385855646012,,
held_out_both,held_out_both/K562__fold3,ceiling,mae,absolute,full_pseudobulk,0.029191353463555197,0.00472073389299077,1150.0,115,0.0,0.0289248084173057,0.02948089676312049,,,False,no_change,0.02081449815668273,0.029191353463555197,,
held_out_both,held_out_both/K562__fold3,ceiling,mae,absolute,replicate_half,0.029191353463555197,0.00472073389299077,1150.0,115,0.0,0.028924420727152483,0.02947853054095436,,,False,no_change,0.02556398440879776,0.029191353463555197,,
held_out_both,held_out_both/K562__fold3,ceiling,mae,delta,full_pseudobulk,0.029191353463555197,0.00472073389299077,1150.0,115,0.0,0.028915428554504338,0.02944638448035919,,,False,no_change,0.02081449815668273,0.029191353463555197,,
held_out_both,held_out_both/K562__fold3,ceiling,mae,delta,replicate_half,0.029191353463555197,0.00472073389299077,1150.0,115,0.0,0.02893195731670145,0.02947200672171527,,,False,no_change,0.02556398440879776,0.029191353463555197,,
held_out_both,held_out_both/K562__fold3,ceiling,pearson_r,absolute,full_pseudobulk,0.9790230340855159,0.009878879927136475,1150.0,115,0.0,0.9784501944696509,0.979583920098595,,,False,global_mean_delta,0.9850515682103079,0.9790230340855159,,
held_out_both,held_out_both/K562__fold3,ceiling,pearson_r,absolute,replicate_half,0.9790230340855159,0.009878879927136475,1150.0,115,0.0,0.9784628925944351,0.9796010126379052,,,False,global_mean_delta,0.9798523014773791,0.9790230340855159,,
held_out_both,held_out_both/K562__fold3,ceiling,pearson_r,delta,full_pseudobulk,0.3437974005721922,0.15759386741747367,1150.0,115,0.0,0.33470488457054226,0.35303301993553937,1.0,0.48427610010113775,True,global_mean_delta,0.018375874743101615,0.3437974005721922,,
held_out_both,held_out_both/K562__fold3,ceiling,pearson_r,delta,replicate_half,0.3437974005721922,0.15759386741747367,1150.0,115,0.0,0.3342933501913665,0.3528579654422987,1.0,0.47561444281173654,True,global_mean_delta,0.012449457297361114,0.3437974005721922,,
held_out_both,held_out_both/K562__fold3,ceiling,pearson_r_de,absolute,full_pseudobulk,0.9732458917398041,0.027125794908288356,260.0,115,890.0,0.9699178924671475,0.9764348342041957,1.0,0.2787423897945027,True,global_mean_delta,0.8759309661976707,0.9732458917398041,,
held_out_both,held_out_both/K562__fold3,ceiling,pearson_r_de,absolute,replicate_half,0.9732458917398041,0.027125794908288356,260.0,115,890.0,0.9698724798097997,0.9762897940224272,1.0,0.2607820910528588,True,global_mean_delta,0.8692287991596617,0.9732458917398041,,
held_out_both,held_out_both/K562__fold3,ceiling,pearson_r_de,delta,full_pseudobulk,0.8678485488689905,0.2703672891676476,260.0,115,890.0,0.8321580640706262,0.8983383185595667,1.0,0.3538331190776869,True,global_mean_delta,0.10373893167884199,0.8678485488689905,,
held_out_both,held_out_both/K562__fold3,ceiling,pearson_r_de,delta,replicate_half,0.8678485488689905,0.2703672891676476,260.0,115,890.0,0.8346045656340656,0.89828631389338,1.0,0.3474904708665832,True,global_mean_delta,0.08979184851287228,0.8678485488689905,,
held_out_both,held_out_both/K562__fold3,ceiling,pert_discrimination,absolute,full_pseudobulk,0.14739893211289093,0.1771861087303542,1150.0,115,0.0,0.13806216628527845,0.15789759725400457,1.0,0.5839978593762426,True,no_change,0.4508009153318079,0.14739893211289093,,
held_out_both,held_out_both/K562__fold3,ceiling,pert_discrimination,absolute,replicate_half,0.14739893211289093,0.1771861087303542,1150.0,115,0.0,0.13658905415713196,0.15744488939740658,1.0,0.5610893443127883,True,no_change,0.4631884057971014,0.14739893211289093,,
held_out_both,held_out_both/K562__fold3,ceiling,pert_discrimination,delta,full_pseudobulk,0.020144927536231882,0.04199451893692821,1150.0,115,0.0,0.017878909229595726,0.02287852784134248,1.0,0.08751500473114002,True,no_change,0.5000000000000001,0.020144927536231882,,
held_out_both,held_out_both/K562__fold3,ceiling,pert_discrimination,delta,replicate_half,0.020144927536231882,0.04199451893692821,1150.0,115,0.0,0.01788672768878718,0.02274694889397406,1.0,0.08751500473114003,True,no_change,0.5,0.020144927536231882,,
held_out_both,held_out_both/K562__fold3,global_mean_delta,direction_acc_de,absolute,full_pseudobulk,0.987397780683283,0.01938294500548035,26.0,115,89.0,0.9790174324680241,0.9938533312061977,0.0,2.782820002708944,True,global_mean_delta,0.987397780683283,0.9943629976166858,0.0,
held_out_both,held_out_both/K562__fold3,global_mean_delta,direction_acc_de,absolute,replicate_half,0.9863086184263977,0.020461946243385123,260.0,115,890.0,0.9836008969475242,0.9890384397668824,0.0,2.5404746610462605,True,global_mean_delta,0.9863086184263977,0.9943629976166858,0.0,
held_out_both,held_out_both/K562__fold3,global_mean_delta,direction_acc_de,delta,full_pseudobulk,0.6822084308466398,0.17175540500913283,26.0,115,89.0,0.6187082566716303,0.7502012216602617,0.0,0.5497401656513624,True,global_mean_delta,0.6822084308466398,0.9946385855646012,0.0,
held_out_both,held_out_both/K562__fold3,global_mean_delta,direction_acc_de,delta,replicate_half,0.6815682151258745,0.16919937284431982,260.0,115,890.0,0.6626551271607767,0.7017266496112896,0.0,0.540451568786945,True,global_mean_delta,0.6815682151258745,0.9946385855646012,0.0,
held_out_both,held_out_both/K562__fold3,global_mean_delta,mae,absolute,full_pseudobulk,0.02251989879109012,0.006905945766861689,115.0,115,0.0,0.021359488965988393,0.023939442109676516,,,False,no_change,0.02081449815668273,0.029191353463555197,0.0,
held_out_both,held_out_both/K562__fold3,global_mean_delta,mae,absolute,replicate_half,0.02700433337400313,0.0072000115422061785,1150.0,115,0.0,0.026586318268970736,0.02741346556022747,,,False,no_change,0.02556398440879776,0.029191353463555197,0.0,
held_out_both,held_out_both/K562__fold3,global_mean_delta,mae,delta,full_pseudobulk,0.02251989879109012,0.006905945766861689,115.0,115,0.0,0.021301030208910894,0.023777433308637186,,,False,no_change,0.02081449815668273,0.029191353463555197,0.0,
held_out_both,held_out_both/K562__fold3,global_mean_delta,mae,delta,replicate_half,0.02700433337400313,0.0072000115422061785,1150.0,115,0.0,0.0266023868482768,0.027433157317808092,,,False,no_change,0.02556398440879776,0.029191353463555197,0.0,
held_out_both,held_out_both/K562__fold3,global_mean_delta,pearson_r,absolute,full_pseudobulk,0.9850515682103079,0.01659757709879972,115.0,115,0.0,0.9820302807886035,0.9878149426995718,,,False,global_mean_delta,0.9850515682103079,0.9790230340855159,0.0,
held_out_both,held_out_both/K562__fold3,global_mean_delta,pearson_r,absolute,replicate_half,0.9798523014773791,0.01876256545514429,1150.0,115,0.0,0.9788020635956391,0.9809243726366437,,,False,global_mean_delta,0.9798523014773791,0.9790230340855159,0.0,
held_out_both,held_out_both/K562__fold3,global_mean_delta,pearson_r,delta,full_pseudobulk,0.018375874743101615,0.11380485067340955,115.0,115,0.0,-0.001891233195432312,0.03881994128277346,0.0,0.34971518980947547,True,global_mean_delta,0.018375874743101615,0.3437974005721922,0.0,
held_out_both,held_out_both/K562__fold3,global_mean_delta,pearson_r,delta,replicate_half,0.012449457297361114,0.10239512010080579,1150.0,115,0.0,0.006301654830784005,0.018088633346150143,0.0,0.30902597157778594,True,global_mean_delta,0.012449457297361114,0.3437974005721922,0.0,
held_out_both,held_out_both/K562__fold3,global_mean_delta,pearson_r_de,absolute,full_pseudobulk,0.8759309661976707,0.11207799970158387,26.0,115,89.0,0.8330904782332365,0.9139699341686464,0.0,1.1517041099009901,True,global_mean_delta,0.8759309661976707,0.9732458917398041,0.0,
held_out_both,held_out_both/K562__fold3,global_mean_delta,pearson_r_de,absolute,replicate_half,0.8692287991596617,0.11472483523732742,260.0,115,890.0,0.8547569064790388,0.8832172855258175,0.0,1.102942145291505,True,global_mean_delta,0.8692287991596617,0.9732458917398041,0.0,
held_out_both,held_out_both/K562__fold3,global_mean_delta,pearson_r_de,delta,full_pseudobulk,0.10373893167884199,0.5228171047105297,26.0,115,89.0,-0.08541526956535826,0.28842816797360554,0.0,0.6842174119376732,True,global_mean_delta,0.10373893167884199,0.8678485488689905,0.0,
held_out_both,held_out_both/K562__fold3,global_mean_delta,pearson_r_de,delta,replicate_half,0.08979184851287228,0.5180067086190976,260.0,115,890.0,0.026352640237234302,0.14986424155921022,0.0,0.6657698704760266,True,global_mean_delta,0.08979184851287228,0.8678485488689905,0.0,
held_out_both,held_out_both/K562__fold3,global_mean_delta,pert_discrimination,absolute,full_pseudobulk,0.4595728451563692,0.2999419820553753,115.0,115,0.0,0.4069183829138062,0.5176506483600305,-0.028911906677393115,0.9885959836951852,True,no_change,0.4508009153318079,0.14739893211289093,0.0,
held_out_both,held_out_both/K562__fold3,global_mean_delta,pert_discrimination,absolute,replicate_half,0.46811594202898554,0.2977422851792605,1150.0,115,0.0,0.45106388253241797,0.4848468726163234,-0.015603864734299755,0.9428505697343249,True,no_change,0.4631884057971014,0.14739893211289093,0.0,
held_out_both,held_out_both/K562__fold3,global_mean_delta,pert_discrimination,delta,full_pseudobulk,0.5,0.29247075109877485,115.0,115,0.0,0.4443115942028985,0.5523569794050343,2.3136632044438475e-16,0.6094980919908022,True,no_change,0.5000000000000001,0.020144927536231882,0.0,
held_out_both,held_out_both/K562__fold3,global_mean_delta,pert_discrimination,delta,replicate_half,0.5,0.29132305242285345,1150.0,115,0.0,0.48393154080854306,0.5180339435545385,-0.0,0.6071063309325547,True,no_change,0.5,0.020144927536231882,0.0,
held_out_both,held_out_both/K562__fold3,nearest_context,direction_acc_de,absolute,full_pseudobulk,0.987397780683283,0.01938294500548035,26.0,115,89.0,0.9797616420089494,0.9941402614838859,0.0,2.782820002708944,True,global_mean_delta,0.987397780683283,0.9943629976166858,1.0,0.0
held_out_both,held_out_both/K562__fold3,nearest_context,direction_acc_de,absolute,replicate_half,0.9863086184263977,0.020461946243385123,260.0,115,890.0,0.9838100164620897,0.9889853982002784,0.0,2.5404746610462605,True,global_mean_delta,0.9863086184263977,0.9943629976166858,1.0,0.0
held_out_both,held_out_both/K562__fold3,nearest_context,direction_acc_de,delta,full_pseudobulk,0.6822084308466398,0.17175540500913283,26.0,115,89.0,0.6171962182821258,0.7510192929430641,0.0,0.5497401656513624,True,global_mean_delta,0.6822084308466398,0.9946385855646012,1.0,0.0
held_out_both,held_out_both/K562__fold3,nearest_context,direction_acc_de,delta,replicate_half,0.6815682151258745,0.16919937284431982,260.0,115,890.0,0.6630829028897799,0.7029511938508687,0.0,0.540451568786945,True,global_mean_delta,0.6815682151258745,0.9946385855646012,1.0,0.0
held_out_both,held_out_both/K562__fold3,nearest_context,mae,absolute,full_pseudobulk,0.02251989879109012,0.006905945766861689,115.0,115,0.0,0.021349121212409526,0.02391246357609771,,,False,no_change,0.02081449815668273,0.029191353463555197,1.0,0.0
held_out_both,held_out_both/K562__fold3,nearest_context,mae,absolute,replicate_half,0.02700433337400313,0.0072000115422061785,1150.0,115,0.0,0.026609777864409503,0.02740690131573154,,,False,no_change,0.02556398440879776,0.029191353463555197,1.0,0.0
held_out_both,held_out_both/K562__fold3,nearest_context,mae,delta,full_pseudobulk,0.02251989879109012,0.006905945766861689,115.0,115,0.0,0.02126228034833092,0.023759779398400308,,,False,no_change,0.02081449815668273,0.029191353463555197,1.0,0.0
held_out_both,held_out_both/K562__fold3,nearest_context,mae,delta,replicate_half,0.02700433337400313,0.0072000115422061785,1150.0,115,0.0,0.026586400350820133,0.027421119605994224,,,False,no_change,0.02556398440879776,0.029191353463555197,1.0,0.0
held_out_both,held_out_both/K562__fold3,nearest_context,pearson_r,absolute,full_pseudobulk,0.9850515682103079,0.01659757709879972,115.0,115,0.0,0.9816842998333647,0.9878407746090494,,,False,global_mean_delta,0.9850515682103079,0.9790230340855159,1.0,0.0
held_out_both,held_out_both/K562__fold3,nearest_context,pearson_r,absolute,replicate_half,0.9798523014773791,0.01876256545514429,1150.0,115,0.0,0.9787598902986714,0.9808431791235162,,,False,global_mean_delta,0.9798523014773791,0.9790230340855159,1.0,0.0
held_out_both,held_out_both/K562__fold3,nearest_context,pearson_r,delta,full_pseudobulk,0.018375874743101615,0.11380485067340955,115.0,115,0.0,-0.0024703948355678323,0.03823902294326501,0.0,0.34971518980947547,True,global_mean_delta,0.018375874743101615,0.3437974005721922,1.0,0.0
held_out_both,held_out_both/K562__fold3,nearest_context,pearson_r,delta,replicate_half,0.012449457297361114,0.10239512010080579,1150.0,115,0.0,0.006494128142689121,0.0184849476141992,0.0,0.30902597157778594,True,global_mean_delta,0.012449457297361114,0.3437974005721922,1.0,0.0
held_out_both,held_out_both/K562__fold3,nearest_context,pearson_r_de,absolute,full_pseudobulk,0.8759309661976707,0.11207799970158387,26.0,115,89.0,0.8324867168939036,0.9155716395756693,0.0,1.1517041099009901,True,global_mean_delta,0.8759309661976707,0.9732458917398041,1.0,0.0
held_out_both,held_out_both/K562__fold3,nearest_context,pearson_r_de,absolute,replicate_half,0.8692287991596617,0.11472483523732742,260.0,115,890.0,0.8558415556704618,0.8833620950952041,0.0,1.102942145291505,True,global_mean_delta,0.8692287991596617,0.9732458917398041,1.0,0.0
held_out_both,held_out_both/K562__fold3,nearest_context,pearson_r_de,delta,full_pseudobulk,0.10373893167884199,0.5228171047105297,26.0,115,89.0,-0.09567861108480102,0.3040441963321959,0.0,0.6842174119376732,True,global_mean_delta,0.10373893167884199,0.8678485488689905,1.0,0.0
held_out_both,held_out_both/K562__fold3,nearest_context,pearson_r_de,delta,replicate_half,0.08979184851287228,0.5180067086190976,260.0,115,890.0,0.02872012252261363,0.14804854700188358,0.0,0.6657698704760266,True,global_mean_delta,0.08979184851287228,0.8678485488689905,1.0,0.0
held_out_both,held_out_both/K562__fold3,nearest_context,pert_discrimination,absolute,full_pseudobulk,0.4595728451563692,0.2999419820553753,115.0,115,0.0,0.4051868802440885,0.5131216628527842,-0.028911906677393115,0.9885959836951852,True,no_change,0.4508009153318079,0.14739893211289093,1.0,0.0
held_out_both,held_out_both/K562__fold3,nearest_context,pert_discrimination,absolute,replicate_half,0.46811594202898554,0.2977422851792605,1150.0,115,0.0,0.4513871090770404,0.4844700610221205,-0.015603864734299755,0.9428505697343249,True,no_change,0.4631884057971014,0.14739893211289093,1.0,0.0
held_out_both,held_out_both/K562__fold3,nearest_context,pert_discrimination,delta,full_pseudobulk,0.5,0.29247075109877485,115.0,115,0.0,0.45041380625476735,0.5525724637681159,2.3136632044438475e-16,0.6094980919908022,True,no_change,0.5000000000000001,0.020144927536231882,1.0,0.0
held_out_both,held_out_both/K562__fold3,nearest_context,pert_discrimination,delta,replicate_half,0.5,0.29132305242285345,1150.0,115,0.0,0.4827763157894737,0.5161964149504196,-0.0,0.6071063309325547,True,no_change,0.5,0.020144927536231882,1.0,0.0
held_out_both,held_out_both/K562__fold3,no_change,direction_acc_de,absolute,full_pseudobulk,0.9906932530384219,0.013126774690391824,26.0,115,89.0,0.9855099671432228,0.9956320240246695,0.4731327662366096,1.8846182130294187,True,global_mean_delta,0.987397780683283,0.9943629976166858,0.0,
held_out_both,held_out_both/K562__fold3,no_change,direction_acc_de,absolute,replicate_half,0.9902643173309488,0.01337610546299028,260.0,115,890.0,0.9887175742348789,0.9917770624329001,0.4911239974051405,1.660724575659305,True,global_mean_delta,0.9863086184263977,0.9943629976166858,0.0,
held_out_both,held_out_both/K562__fold3,no_change,direction_acc_de,delta,full_pseudobulk,0.0,0.0,26.0,115,89.0,0.0,0.0,-2.183555013959798,0.0,True,global_mean_delta,0.6822084308466398,0.9946385855646012,0.0,
held_out_both,held_out_both/K562__fold3,no_change,direction_acc_de,delta,replicate_half,0.0004478735289650837,0.0022293138611688378,260.0,115,890.0,0.0002103359761412825,0.0007335999327677383,-2.1756141938389426,0.007120807561714479,True,global_mean_delta,0.6815682151258745,0.9946385855646012,0.0,
held_out_both,held_out_both/K562__fold3,no_change,mae,absolute,full_pseudobulk,0.02081449815668273,0.007138398133181364,115.0,115,0.0,0.01956437470312816,0.02221166668678643,,,False,no_change,0.02081449815668273,0.029191353463555197,0.0,
held_out_both,held_out_both/K562__fold3,no_change,mae,absolute,replicate_half,0.02556398440879776,0.007388427850172168,1150.0,115,0.0,0.025144876916396764,0.025988994077086033,,,False,no_change,0.02556398440879776,0.029191353463555197,0.0,
held_out_both,held_out_both/K562__fold3,no_change,mae,delta,full_pseudobulk,0.02081449815668273,0.007138398133181364,115.0,115,0.0,0.019622303994391316,0.022132311579131796,,,False,no_change,0.02081449815668273,0.029191353463555197,0.0,
held_out_both,held_out_both/K562__fold3,no_change,mae,delta,replicate_half,0.02556398440879776,0.007388427850172168,1150.0,115,0.0,0.025151908825647044,0.026034975246813676,,,False,no_change,0.02556398440879776,0.029191353463555197,0.0,
held_out_both,held_out_both/K562__fold3,no_change,pearson_r,absolute,full_pseudobulk,0.9860471265261834,0.01650625544955085,115.0,115,0.0,0.9829899586654093,0.9887010951840338,,,False,global_mean_delta,0.9850515682103079,0.9790230340855159,0.0,
held_out_both,held_out_both/K562__fold3,no_change,pearson_r,absolute,replicate_half,0.9808584970298695,0.01866636557941778,1150.0,115,0.0,0.9797114141681245,0.981955065421359,,,False,global_mean_delta,0.9798523014773791,0.9790230340855159,0.0,
held_out_both,held_out_both/K562__fold3,no_change,pearson_r,delta,full_pseudobulk,,,0.0,115,115.0,,,,,True,global_mean_delta,0.018375874743101615,0.3437974005721922,0.0,
held_out_both,held_out_both/K562__fold3,no_change,pearson_r,delta,replicate_half,,,0.0,115,1150.0,,,,,True,global_mean_delta,0.012449457297361114,0.3437974005721922,0.0,
held_out_both,held_out_both/K562__fold3,no_change,pearson_r_de,absolute,full_pseudobulk,0.872262483391562,0.11169679365721083,26.0,115,89.0,0.8283671530024739,0.912849575702122,-0.0376970211472901,1.1477868686119548,True,global_mean_delta,0.8759309661976707,0.9732458917398041,0.0,
held_out_both,held_out_both/K562__fold3,no_change,pearson_r_de,absolute,replicate_half,0.8655322262635589,0.11482721299207768,260.0,115,890.0,0.852713820419346,0.8794527840673896,-0.035538129401710576,1.1039263850179843,True,global_mean_delta,0.8692287991596617,0.9732458917398041,0.0,
held_out_both,held_out_both/K562__fold3,no_change,pearson_r_de,delta,full_pseudobulk,,,0.0,115,115.0,,,,,True,global_mean_delta,0.10373893167884199,0.8678485488689905,0.0,
held_out_both,held_out_both/K562__fold3,no_change,pearson_r_de,delta,replicate_half,,,0.0,115,1150.0,,,,,True,global_mean_delta,0.08979184851287228,0.8678485488689905,0.0,
held_out_both,held_out_both/K562__fold3,no_change,pert_discrimination,absolute,full_pseudobulk,0.4508009153318079,0.30522206302462385,115.0,115,0.0,0.39900648360030505,0.5085488176964149,-0.0,1.0059989054336327,True,no_change,0.4508009153318079,0.14739893211289093,0.0,
held_out_both,held_out_both/K562__fold3,no_change,pert_discrimination,absolute,replicate_half,0.4631884057971014,0.30147561767469716,1150.0,115,0.0,0.4462532418001526,0.48091132723112134,-0.0,0.9546727893032078,True,no_change,0.4631884057971014,0.14739893211289093,0.0,
held_out_both,held_out_both/K562__fold3,no_change,pert_discrimination,delta,full_pseudobulk,0.5000000000000001,0.29247075109877485,115.0,115,0.0,0.4443935926773456,0.5553832951945079,-0.0,0.6094980919908022,True,no_change,0.5000000000000001,0.020144927536231882,0.0,
held_out_both,held_out_both/K562__fold3,no_change,pert_discrimination,delta,replicate_half,0.5,0.29132305242285345,1150.0,115,0.0,0.4821666666666667,0.5177810831426392,-0.0,0.6071063309325547,True,no_change,0.5,0.020144927536231882,0.0,
held_out_both,held_out_both/K562__fold3,per_drug_mean_delta,direction_acc_de,absolute,full_pseudobulk,0.987397780683283,0.01938294500548035,26.0,115,89.0,0.9794818787053333,0.994338075744798,0.0,2.782820002708944,True,global_mean_delta,0.987397780683283,0.9943629976166858,1.0,0.0
held_out_both,held_out_both/K562__fold3,per_drug_mean_delta,direction_acc_de,absolute,replicate_half,0.9863086184263977,0.020461946243385123,260.0,115,890.0,0.9838069401899827,0.9886313642725622,0.0,2.5404746610462605,True,global_mean_delta,0.9863086184263977,0.9943629976166858,1.0,0.0
held_out_both,held_out_both/K562__fold3,per_drug_mean_delta,direction_acc_de,delta,full_pseudobulk,0.6822084308466398,0.17175540500913283,26.0,115,89.0,0.6192522792505185,0.7528425670180456,0.0,0.5497401656513624,True,global_mean_delta,0.6822084308466398,0.9946385855646012,1.0,0.0
held_out_both,held_out_both/K562__fold3,per_drug_mean_delta,direction_acc_de,delta,replicate_half,0.6815682151258745,0.16919937284431982,260.0,115,890.0,0.6611059708705215,0.701455406043077,0.0,0.540451568786945,True,global_mean_delta,0.6815682151258745,0.9946385855646012,1.0,0.0
held_out_both,held_out_both/K562__fold3,per_drug_mean_delta,mae,absolute,full_pseudobulk,0.02251989879109012,0.006905945766861689,115.0,115,0.0,0.021333955105494625,0.02376996192471403,,,False,no_change,0.02081449815668273,0.029191353463555197,1.0,0.0
held_out_both,held_out_both/K562__fold3,per_drug_mean_delta,mae,absolute,replicate_half,0.02700433337400313,0.0072000115422061785,1150.0,115,0.0,0.02656832570665472,0.02741959933356322,,,False,no_change,0.02556398440879776,0.029191353463555197,1.0,0.0
held_out_both,held_out_both/K562__fold3,per_drug_mean_delta,mae,delta,full_pseudobulk,0.02251989879109012,0.006905945766861689,115.0,115,0.0,0.021414086481481118,0.02384591805537874,,,False,no_change,0.02081449815668273,0.029191353463555197,1.0,0.0
held_out_both,held_out_both/K562__fold3,per_drug_mean_delta,mae,delta,replicate_half,0.02700433337400313,0.0072000115422061785,1150.0,115,0.0,0.0265992169517695,0.027428914632695586,,,False,no_change,0.02556398440879776,0.029191353463555197,1.0,0.0
held_out_both,held_out_both/K562__fold3,per_drug_mean_delta,pearson_r,absolute,full_pseudobulk,0.9850515682103079,0.01659757709879972,115.0,115,0.0,0.9816611370745353,0.9878430960122317,,,False,global_mean_delta,0.9850515682103079,0.9790230340855159,1.0,0.0
held_out_both,held_out_both/K562__fold3,per_drug_mean_delta,pearson_r,absolute,replicate_half,0.9798523014773791,0.01876256545514429,1150.0,115,0.0,0.9787643300518082,0.9809560519201594,,,False,global_mean_delta,0.9798523014773791,0.9790230340855159,1.0,0.0
held_out_both,held_out_both/K562__fold3,per_drug_mean_delta,pearson_r,delta,full_pseudobulk,0.018375874743101615,0.11380485067340955,115.0,115,0.0,-0.001575856648450832,0.038050812640659404,0.0,0.34971518980947547,True,global_mean_delta,0.018375874743101615,0.3437974005721922,1.0,0.0
held_out_both,held_out_both/K562__fold3,per_drug_mean_delta,pearson_r,delta,replicate_half,0.012449457297361114,0.10239512010080579,1150.0,115,0.0,0.0070651631064532466,0.018344480756095852,0.0,0.30902597157778594,True,global_mean_delta,0.012449457297361114,0.3437974005721922,1.0,0.0
held_out_both,held_out_both/K562__fold3,per_drug_mean_delta,pearson_r_de,absolute,full_pseudobulk,0.8759309661976707,0.11207799970158387,26.0,115,89.0,0.8320911575754738,0.9168072602745453,0.0,1.1517041099009901,True,global_mean_delta,0.8759309661976707,0.9732458917398041,1.0,0.0
held_out_both,held_out_both/K562__fold3,per_drug_mean_delta,pearson_r_de,absolute,replicate_half,0.8692287991596617,0.11472483523732742,260.0,115,890.0,0.8559032854173144,0.8820339487749983,0.0,1.102942145291505,True,global_mean_delta,0.8692287991596617,0.9732458917398041,1.0,0.0
held_out_both,held_out_both/K562__fold3,per_drug_mean_delta,pearson_r_de,delta,full_pseudobulk,0.10373893167884199,0.5228171047105297,26.0,115,89.0,-0.08975994239537312,0.2978563942581125,0.0,0.6842174119376732,True,global_mean_delta,0.10373893167884199,0.8678485488689905,1.0,0.0
held_out_both,held_out_both/K562__fold3,per_drug_mean_delta,pearson_r_de,delta,replicate_half,0.08979184851287228,0.5180067086190976,260.0,115,890.0,0.02862410148662631,0.15474945108679986,0.0,0.6657698704760266,True,global_mean_delta,0.08979184851287228,0.8678485488689905,1.0,0.0
held_out_both,held_out_both/K562__fold3,per_drug_mean_delta,pert_discrimination,absolute,full_pseudobulk,0.4595728451563692,0.2999419820553753,115.0,115,0.0,0.40188405797101456,0.5105320366132723,-0.028911906677393115,0.9885959836951852,True,no_change,0.4508009153318079,0.14739893211289093,1.0,0.0
held_out_both,held_out_both/K562__fold3,per_drug_mean_delta,pert_discrimination,absolute,replicate_half,0.46811594202898554,0.2977422851792605,1150.0,115,0.0,0.4513783371472158,0.48578813882532407,-0.015603864734299755,0.9428505697343249,True,no_change,0.4631884057971014,0.14739893211289093,1.0,0.0
held_out_both,held_out_both/K562__fold3,per_drug_mean_delta,pert_discrimination,delta,full_pseudobulk,0.5,0.29247075109877485,115.0,115,0.0,0.44437833714721586,0.551716247139588,2.3136632044438475e-16,0.6094980919908022,True,no_change,0.5000000000000001,0.020144927536231882,1.0,0.0
held_out_both,held_out_both/K562__fold3,per_drug_mean_delta,pert_discrimination,delta,replicate_half,0.5,0.29132305242285345,1150.0,115,0.0,0.48354519450800915,0.5177349351639969,-0.0,0.6071063309325547,True,no_change,0.5,0.020144927536231882,1.0,0.0
held_out_both,held_out_both/K562__fold3,ridge_no_drug,direction_acc_de,absolute,full_pseudobulk,0.9380202227529507,0.09997601312397388,26.0,115,89.0,0.8938498292098513,0.9684856107497312,-7.089162965410942,14.353610817851651,True,global_mean_delta,0.987397780683283,0.9943629976166858,0.0,
held_out_both,held_out_both/K562__fold3,ridge_no_drug,direction_acc_de,absolute,replicate_half,0.937245752905433,0.09806000704294074,260.0,115,890.0,0.9250317605270755,0.9481804755026121,-6.091452160599109,12.174744288322193,True,global_mean_delta,0.9863086184263977,0.9943629976166858,0.0,
held_out_both,held_out_both/K562__fold3,ridge_no_drug,direction_acc_de,delta,full_pseudobulk,0.5124917448705699,0.08692043734680725,26.0,115,89.0,0.4785262223940932,0.5438727830396509,-0.5432148062957544,0.2782075802678924,True,global_mean_delta,0.6822084308466398,0.9946385855646012,0.0,
held_out_both,held_out_both/K562__fold3,ridge_no_drug,direction_acc_de,delta,replicate_half,0.5122923586103164,0.08567952983941578,260.0,115,890.0,0.5020711828246046,0.5215528253516982,-0.5406958706387335,0.2736749878928091,True,global_mean_delta,0.6815682151258745,0.9946385855646012,0.0,
held_out_both,held_out_both/K562__fold3,ridge_no_drug,mae,absolute,full_pseudobulk,0.0691071082008442,0.00385028216546707,115.0,115,0.0,0.06846051020514024,0.06986246750166623,,,False,no_change,0.02081449815668273,0.029191353463555197,0.0,
held_out_both,held_out_both/K562__fold3,ridge_no_drug,mae,absolute,replicate_half,0.07115917997778728,0.004310292369852561,1150.0,115,0.0,0.07090617707001984,0.07142302782344398,,,False,no_change,0.02556398440879776,0.029191353463555197,0.0,
held_out_both,held_out_both/K562__fold3,ridge_no_drug,mae,delta,full_pseudobulk,0.0691071082008442,0.00385028216546707,115.0,115,0.0,0.0684540712778447,0.0698481521966982,,,False,no_change,0.02081449815668273,0.029191353463555197,0.0,
held_out_both,held_out_both/K562__fold3,ridge_no_drug,mae,delta,replicate_half,0.07115917997778728,0.004310292369852561,1150.0,115,0.0,0.07089096767675955,0.07141247975502468,,,False,no_change,0.02556398440879776,0.029191353463555197,0.0,
held_out_both,held_out_both/K562__fold3,ridge_no_drug,pearson_r,absolute,full_pseudobulk,0.9042940732970353,0.014353356303754812,115.0,115,0.0,0.9014183005489316,0.9067549610690475,,,False,global_mean_delta,0.9850515682103079,0.9790230340855159,0.0,
held_out_both,held_out_both/K562__fold3,ridge_no_drug,pearson_r,absolute,replicate_half,0.8995098746941221,0.016363525078681853,1150.0,115,0.0,0.8985338905342399,0.9004413142126739,,,False,global_mean_delta,0.9798523014773791,0.9790230340855159,0.0,
held_out_both,held_out_both/K562__fold3,ridge_no_drug,pearson_r,delta,full_pseudobulk,0.012213965361972329,0.03482864344197109,115.0,115,0.0,0.00555861358200981,0.018504867182282874,-0.01893516221900294,0.10702624343376375,True,global_mean_delta,0.018375874743101615,0.3437974005721922,0.0,
held_out_both,held_out_both/K562__fold3,ridge_no_drug,pearson_r,delta,replicate_half,0.01007664858258111,0.034646963711394876,1150.0,115,0.0,0.00812894292471272,0.012211100607960301,-0.007161078748003322,0.10456369026759742,True,global_mean_delta,0.012449457297361114,0.3437974005721922,0.0,
held_out_both,held_out_both/K562__fold3,ridge_no_drug,pearson_r_de,absolute,full_pseudobulk,0.8523775899832029,0.11631409657419757,26.0,115,89.0,0.807617899169054,0.8947645177253162,-0.24203251539528947,1.19523388551367,True,global_mean_delta,0.8759309661976707,0.9732458917398041,0.0,
held_out_both,held_out_both/K562__fold3,ridge_no_drug,pearson_r_de,absolute,replicate_half,0.8456404792785139,0.11999094158103947,260.0,115,890.0,0.8309501284072494,0.8598684245605406,-0.2267734974708464,1.1535694625245323,True,global_mean_delta,0.8692287991596617,0.9732458917398041,0.0,
held_out_both,held_out_both/K562__fold3,ridge_no_drug,pearson_r_de,delta,full_pseudobulk,0.1504632397917707,0.3866495335310946,26.0,115,89.0,0.01057587634144714,0.29415699147563384,0.061148697859277665,0.5060131751160474,True,global_mean_delta,0.10373893167884199,0.8678485488689905,0.0,
held_out_both,held_out_both/K562__fold3,ridge_no_drug,pearson_r_de,delta,replicate_half,0.15488234711136012,0.3780892824110204,260.0,115,890.0,0.1081642152754307,0.2028124732238352,0.08365778299794317,0.48594052623410106,True,global_mean_delta,0.08979184851287228,0.8678485488689905,0.0,
held_out_both,held_out_both/K562__fold3,ridge_no_drug,pert_discrimination,absolute,full_pseudobulk,0.46979405034324945,0.2951589941813829,115.0,115,0.0,0.42127765064836,0.5236613272311214,-0.0626005631536602,0.9728314596032603,True,no_change,0.4508009153318079,0.14739893211289093,0.0,
held_out_both,held_out_both/K562__fold3,ridge_no_drug,pert_discrimination,absolute,replicate_half,0.47515636918382903,0.29354788151563543,1150.0,115,0.0,0.45680167810831435,0.49123779557589625,-0.037898550724637464,0.9295682914661789,True,no_change,0.4631884057971014,0.14739893211289093,0.0,
held_out_both,held_out_both/K562__fold3,ridge_no_drug,pert_discrimination,delta,full_pseudobulk,0.4922959572845156,0.29201147433213853,115.0,115,0.0,0.43866323417238745,0.5461498855835242,0.016054936495573307,0.60854097640947,True,no_change,0.5000000000000001,0.020144927536231882,0.0,
held_out_both,held_out_both/K562__fold3,ridge_no_drug,pert_discrimination,delta,replicate_half,0.49121281464530897,0.2925317661399513,1150.0,115,0.0,0.4749096109839817,0.5079189549961861,0.018312165190990062,0.6096252450515445,True,no_change,0.5,0.020144927536231882,0.0,
held_out_both,held_out_both/K562__fold4,ceiling,direction_acc_de,absolute,full_pseudobulk,0.9977177205247978,0.023477923379076737,620.0,208,1460.0,0.9957186140185152,0.9993897503967498,1.0,3.5640813064372803,True,global_mean_delta,0.9911303502151834,0.9977177205247978,,
held_out_both,held_out_both/K562__fold4,ceiling,direction_acc_de,absolute,replicate_half,0.9977177205247978,0.023477923379076737,620.0,208,1460.0,0.9955242571793511,0.9992920247655664,1.0,3.1002805163993634,True,global_mean_delta,0.9901448821139227,0.9977177205247978,,
held_out_both,held_out_both/K562__fold4,ceiling,direction_acc_de,delta,full_pseudobulk,0.9962923332831168,0.02408942347925075,620.0,208,1460.0,0.9941175575521499,0.9978855222395338,1.0,0.06531035206332302,True,global_mean_delta,0.6274469248876094,0.9962923332831168,,
held_out_both,held_out_both/K562__fold4,ceiling,direction_acc_de,delta,replicate_half,0.9962923332831168,0.02408942347925075,620.0,208,1460.0,0.99406496182328,0.9978884378197909,1.0,0.06523828161746972,True,global_mean_delta,0.6270394516621515,0.9962923332831168,,
held_out_both,held_out_both/K562__fold4,ceiling,mae,absolute,full_pseudobulk,0.028312772849759242,0.0035832763943304618,2080.0,208,0.0,0.02816788918076481,0.028468110587794682,,,False,no_change,0.019703758612805287,0.028312772849759242,,
held_out_both,held_out_both/K562__fold4,ceiling,mae,absolute,replicate_half,0.028312772849759242,0.0035832763943304618,2080.0,208,0.0,0.028155014652346114,0.028474940221504645,,,False,no_change,0.024347297471975685,0.028312772849759242,,
held_out_both,held_out_both/K562__fold4,ceiling,mae,delta,full_pseudobulk,0.028312772849759242,0.0035832763943304618,2080.0,208,0.0,0.028168371039142912,0.02846758298823028,,,False,no_change,0.019703758612805287,0.028312772849759242,,
held_out_both,held_out_both/K562__fold4,ceiling,mae,delta,replicate_half,0.028312772849759242,0.0035832763943304618,2080.0,208,0.0,0.028157387425669828,0.028470215716075064,,,False,no_change,0.024347297471975685,0.028312772849759242,,
held_out_both,held_out_both/K562__fold4,ceiling,pearson_r,absolute,full_pseudobulk,0.98115793982563,0.005956930204779294,2080.0,208,0.0,0.9809181404954782,0.9813994895308708,,,False,global_mean_delta,0.9878870857024082,0.98115793982563,,
held_out_both,held_out_both/K562__fold4,ceiling,pearson_r,absolute,replicate_half,0.98115793982563,0.005956930204779294,2080.0,208,0.0,0.980925077948619,0.9813962396237853,,,False,global_mean_delta,0.9832536368666134,0.98115793982563,,
held_out_both,held_out_both/K562__fold4,ceiling,pearson_r,delta,full_pseudobulk,0.3473097076482032,0.14800415300599462,2080.0,208,0.0,0.34128609070163446,0.354445440576276,1.0,0.454057536318927,True,global_mean_delta,0.021350680063563537,0.3473097076482032,,
held_out_both,held_out_both/K562__fold4,ceiling,pearson_r,delta,replicate_half,0.3473097076482032,0.14800415300599462,2080.0,208,0.0,0.34074645366696793,0.354070481262717,1.0,0.45028841643827094,True,global_mean_delta,0.018622254000849135,0.3473097076482032,,
held_out_both,held_out_both/K562__fold4,ceiling,pearson_r_de,absolute,full_pseudobulk,0.9859072373544993,0.029706576524312397,620.0,208,1460.0,0.9833433069131496,0.9880181315812333,1.0,0.7190477538402341,True,global_mean_delta,0.9445934631779472,0.9859072373544993,,
held_out_both,held_out_both/K562__fold4,ceiling,pearson_r_de,absolute,replicate_half,0.9859072373544993,0.029706576524312397,620.0,208,1460.0,0.9835987636707563,0.9882454352581226,1.0,0.6665883156023995,True,global_mean_delta,0.9413421349832307,0.9859072373544993,,
held_out_both,held_out_both/K562__fold4,ceiling,pearson_r_de,delta,full_pseudobulk,0.7016673901870463,0.4704227938969993,620.0,208,1460.0,0.6630303461606998,0.7397112362602318,1.0,0.7062645843935348,True,global_mean_delta,0.035595772988587154,0.7016673901870463,,
held_out_both,held_out_both/K562__fold4,ceiling,pearson_r_de,delta,replicate_half,0.7016673901870463,0.4704227938969993,620.0,208,1460.0,0.6613545164482911,0.736178144329591,1.0,0.7078887496975932,True,global_mean_delta,0.03712399392886062,0.7016673901870463,,
held_out_both,held_out_both/K562__fold4,ceiling,pert_discrimination,absolute,full_pseudobulk,0.14622584541062802,0.17874954338158527,2080.0,208,0.0,0.13867933621330358,0.1538489409141583,1.0,0.5696235199086334,True,no_change,0.46002879970271277,0.14622584541062802,,
held_out_both,held_out_both/K562__fold4,ceiling,pert_discrimination,absolute,replicate_half,0.14622584541062802,0.17874954338158527,2080.0,208,0.0,0.13906064195466372,0.15420446627647716,1.0,0.5499435739383431,True,no_change,0.4712583612040134,0.14622584541062802,,
held_out_both,held_out_both/K562__fold4,ceiling,pert_discrimination,delta,full_pseudobulk,0.02342530657748049,0.06425350411385082,2080.0,208,0.0,0.020791295057599406,0.026612434968413225,1.0,0.13482357540308007,True,no_change,0.5,0.02342530657748049,,
held_out_both,held_out_both/K562__fold4,ceiling,pert_discrimination,delta,replicate_half,0.02342530657748049,0.06425350411385082,2080.0,208,0.0,0.020705476588628757,0.026128878669639536,1.0,0.13482357540308007,True,no_change,0.5,0.02342530657748049,,
held_out_both,held_out_both/K562__fold4,global_mean_delta,direction_acc_de,absolute,full_pseudobulk,0.9911303502151834,0.04405783409007616,62.0,208,146.0,0.9794647603900724,0.9987813620071685,0.0,6.688227930009139,True,global_mean_delta,0.9911303502151834,0.9977177205247978,0.0,
held_out_both,held_out_both/K562__fold4,global_mean_delta,direction_acc_de,absolute,replicate_half,0.9901448821139227,0.049551306065197386,620.0,208,1460.0,0.985890257246719,0.9936981677469964,0.0,6.543293726436646,True,global_mean_delta,0.9901448821139227,0.9977177205247978,0.0,
held_out_both,held_out_both/K562__fold4,global_mean_delta,direction_acc_de,delta,full_pseudobulk,0.6274469248876094,0.32905569470358614,62.0,208,146.0,0.5456650117210674,0.7088549220971117,0.0,0.8921236030427812,True,global_mean_delta,0.6274469248876094,0.9962923332831168,0.0,
held_out_both,held_out_both/K562__fold4,global_mean_delta,direction_acc_de,delta,replicate_half,0.6270394516621515,0.32675936010808126,620.0,208,1460.0,0.6024715864745936,0.6528128001255652,0.0,0.8849202710989178,True,global_mean_delta,0.6270394516621515,0.9962923332831168,0.0,
held_out_both,held_out_both/K562__fold4,global_mean_delta,mae,absolute,full_pseudobulk,0.02172585242341542,0.004030613408002072,208.0,208,0.0,0.02124129700511607,0.022294537177418004,,,False,no_change,0.019703758612805287,0.028312772849759242,0.0,
held_out_both,held_out_both/K562__fold4,global_mean_delta,mae,absolute,replicate_half,0.02605675324841156,0.0042955303758007955,2080.0,208,0.0,0.025890777999740294,0.026241298265903174,,,False,no_change,0.024347297471975685,0.028312772849759242,0.0,
held_out_both,held_out_both/K562__fold4,global_mean_delta,mae,delta,full_pseudobulk,0.02172585242341542,0.004030613408002072,208.0,208,0.0,0.021190261184739396,0.022262233039961103,,,False,no_change,0.019703758612805287,0.028312772849759242,0.0,
held_out_both,held_out_both/K562__fold4,global_mean_delta,mae,delta,replicate_half,0.02605675324841156,0.0042955303758007955,2080.0,208,0.0,0.02587624808973024,0.026253198481296054,,,False,no_change,0.024347297471975685,0.028312772849759242,0.0,
held_out_both,held_out_both/K562__fold4,global_mean_delta,pearson_r,absolute,full_pseudobulk,0.9878870857024082,0.007462881018931402,208.0,208,0.0,0.9867666402568168,0.9888353091028542,,,False,global_mean_delta,0.9878870857024082,0.98115793982563,0.0,
held_out_both,held_out_both/K562__fold4,global_mean_delta,pearson_r,absolute,replicate_half,0.9832536368666134,0.008631665697362073,2080.0,208,0.0,0.9828579561987382,0.9836170681731523,,,False,global_mean_delta,0.9832536368666134,0.98115793982563,0.0,
held_out_both,held_out_both/K562__fold4,global_mean_delta,pearson_r,delta,full_pseudobulk,0.021350680063563537,0.1166446496919816,208.0,208,0.0,0.00644825156452124,0.03674243155875863,0.0,0.35785064937860406,True,global_mean_delta,0.021350680063563537,0.3473097076482032,0.0,
held_out_both,held_out_both/K562__fold4,global_mean_delta,pearson_r,delta,replicate_half,0.018622254000849135,0.10382400615667442,2080.0,208,0.0,0.014212904998141035,0.02294352843035934,0.0,0.3158745641324853,True,global_mean_delta,0.018622254000849135,0.3473097076482032,0.0,
held_out_both,held_out_both/K562__fold4,global_mean_delta,pearson_r_de,absolute,full_pseudobulk,0.9445934631779472,0.11084280402660114,62.0,208,146.0,0.9130198937650084,0.9702818801421974,0.0,2.6829503291788552,True,global_mean_delta,0.9445934631779472,0.9859072373544993,0.0,
held_out_both,held_out_both/K562__fold4,global_mean_delta,pearson_r_de,absolute,replicate_half,0.9413421349832307,0.11710107401758336,620.0,208,1460.0,0.9317293154512833,0.9505933252536947,0.0,2.627640637780276,True,global_mean_delta,0.9413421349832307,0.9859072373544993,0.0,
held_out_both,held_out_both/K562__fold4,global_mean_delta,pearson_r_de,delta,full_pseudobulk,0.035595772988587154,0.558519145029727,62.0,208,146.0,-0.10595895222855888,0.1773789187111479,0.0,0.8385271652602391,True,global_mean_delta,0.035595772988587154,0.7016673901870463,0.0,
held_out_both,held_out_both/K562__fold4,global_mean_delta,pearson_r_de,delta,replicate_half,0.03712399392886062,0.5433965554823932,620.0,208,1460.0,-0.005953913326490655,0.07902725228707697,0.0,0.8176991277651263,True,global_mean_delta,0.03712399392886062,0.7016673901870463,0.0,
held_out_both,held_out_both/K562__fold4,global_mean_delta,pert_discrimination,absolute,full_pseudobulk,0.47006224451876627,0.2960187611051633,208.0,208,0.0,0.42635637309550356,0.5111953037904126,-0.03197371050469612,0.9433268777630179,True,no_change,0.46002879970271277,0.14622584541062802,0.0,
held_out_both,held_out_both/K562__fold4,global_mean_delta,pert_discrimination,absolute,replicate_half,0.4760242474916388,0.2926582969625351,2080.0,208,0.0,0.46239542688591595,0.48843151941657376,-0.01466279850799595,0.9003969841237986,True,no_change,0.4712583612040134,0.14622584541062802,0.0,
held_out_both,held_out_both/K562__fold4,global_mean_delta,pert_discrimination,delta,full_pseudobulk,0.5,0.2907661473243585,208.0,208,0.0,0.4615849126718692,0.5384394741731698,-0.0,0.6101166330008471,True,no_change,0.5,0.02342530657748049,0.0,
held_out_both,held_out_both/K562__fold4,global_mean_delta,pert_discrimination,delta,replicate_half,0.5,0.29013610076098123,2080.0,208,0.0,0.4877323717948718,0.5119257478632478,-0.0,0.6087946019067227,True,no_change,0.5,0.02342530657748049,0.0,
held_out_both,held_out_both/K562__fold4,nearest_context,direction_acc_de,absolute,full_pseudobulk,0.9911303502151834,0.04405783409007616,62.0,208,146.0,0.978778079786094,0.9987161539589783,0.0,6.688227930009139,True,global_mean_delta,0.9911303502151834,0.9977177205247978,1.0,0.0
held_out_both,held_out_both/K562__fold4,nearest_context,direction_acc_de,absolute,replicate_half,0.9901448821139227,0.049551306065197386,620.0,208,1460.0,0.9860702938334185,0.993509307480301,0.0,6.543293726436646,True,global_mean_delta,0.9901448821139227,0.9977177205247978,1.0,0.0
held_out_both,held_out_both/K562__fold4,nearest_context,direction_acc_de,delta,full_pseudobulk,0.6274469248876094,0.32905569470358614,62.0,208,146.0,0.5501369537445367,0.7028772584530512,0.0,0.8921236030427812,True,global_mean_delta,0.6274469248876094,0.9962923332831168,1.0,0.0
held_out_both,held_out_both/K562__fold4,nearest_context,direction_acc_de,delta,replicate_half,0.6270394516621515,0.32675936010808126,620.0,208,1460.0,0.6016341579284924,0.6541428903612002,0.0,0.8849202710989178,True,global_mean_delta,0.6270394516621515,0.9962923332831168,1.0,0.0
held_out_both,held_out_both/K562__fold4,nearest_context,mae,absolute,full_pseudobulk,0.02172585242341542,0.004030613408002072,208.0,208,0.0,0.021207688464461208,0.022309279182265974,,,False,no_change,0.019703758612805287,0.028312772849759242,1.0,0.0
held_out_both,held_out_both/K562__fold4,nearest_context,mae,absolute,replicate_half,0.02605675324841156,0.0042955303758007955,2080.0,208,0.0,0.02586461943839653,0.02624757399964117,,,False,no_change,0.024347297471975685,0.028312772849759242,1.0,0.0
held_out_both,held_out_both/K562__fold4,nearest_context,mae,delta,full_pseudobulk,0.02172585242341542,0.004030613408002072,208.0,208,0.0,0.02119103113647257,0.022297721309774476,,,False,no_change,0.019703758612805287,0.028312772849759242,1.0,0.0
held_out_both,held_out_both/K562__fold4,nearest_context,mae,delta,replicate_half,0.02605675324841156,0.0042955303758007955,2080.0,208,0.0,0.025874629552746584,0.02625663445910668,,,False,no_change,0.024347297471975685,0.028312772849759242,1.0,0.0
held_out_both,held_out_both/K562__fold4,nearest_context,pearson_r,absolute,full_pseudobulk,0.9878870857024082,0.007462881018931402,208.0,208,0.0,0.9868366848706464,0.9888316578661386,,,False,global_mean_delta,0.9878870857024082,0.98115793982563,1.0,0.0
held_out_both,held_out_both/K562__fold4,nearest_context,pearson_r,absolute,replicate_half,0.9832536368666134,0.008631665697362073,2080.0,208,0.0,0.9828757828703508,0.9836186473128696,,,False,global_mean_delta,0.9832536368666134,0.98115793982563,1.0,0.0
held_out_both,held_out_both/K562__fold4,nearest_context,pearson_r,delta,full_pseudobulk,0.021350680063563537,0.1166446496919816,208.0,208,0.0,0.006953835869472629,0.037720700842800874,0.0,0.35785064937860406,True,global_mean_delta,0.021350680063563537,0.3473097076482032,1.0,0.0
held_out_both,held_out_both/K562__fold4,nearest_context,pearson_r,delta,replicate_half,0.018622254000849135,0.10382400615667442,2080.0,208,0.0,0.014195087660716537,0.02288594272364568,0.0,0.3158745641324853,True,global_mean_delta,0.018622254000849135,0.3473097076482032,1.0,0.0
held_out_both,held_out_both/K562__fold4,nearest_context,pearson_r_de,absolute,full_pseudobulk,0.9445934631779472,0.11084280402660114,62.0,208,146.0,0.9179917823956996,0.9697207523798241,0.0,2.6829503291788552,True,global_mean_delta,0.9445934631779472,0.9859072373544993,1.0,0.0
held_out_both,held_out_both/K562__fold4,nearest_context,pearson_r_de,absolute,replicate_half,0.9413421349832307,0.11710107401758336,620.0,208,1460.0,0.9317271950187268,0.9503926542215473,0.0,2.627640637780276,True,global_mean_delta,0.9413421349832307,0.9859072373544993,1.0,0.0
held_out_both,held_out_both/K562__fold4,nearest_context,pearson_r_de,delta,full_pseudobulk,0.035595772988587154,0.558519145029727,62.0,208,146.0,-0.09122177041305504,0.16933375456081068,0.0,0.8385271652602391,True,global_mean_delta,0.035595772988587154,0.7016673901870463,1.0,0.0
held_out_both,held_out_both/K562__fold4,nearest_context,pearson_r_de,delta,replicate_half,0.03712399392886062,0.5433965554823932,620.0,208,1460.0,-0.0038534712736786776,0.0835141080470307,0.0,0.8176991277651263,True,global_mean_delta,0.03712399392886062,0.7016673901870463,1.0,0.0
held_out_both,held_out_both/K562__fold4,nearest_context,pert_discrimination,absolute,full_pseudobulk,0.47006224451876627,0.2960187611051633,208.0,208,0.0,0.43470538368636197,0.5104259568933482,-0.03197371050469612,0.9433268777630179,True,no_change,0.46002879970271277,0.14622584541062802,1.0,0.0
held_out_both,held_out_both/K562__fold4,nearest_context,pert_discrimination,absolute,replicate_half,0.4760242474916388,0.2926582969625351,2080.0,208,0.0,0.46399584262356003,0.48792328595317724,-0.01466279850799595,0.9003969841237986,True,no_change,0.4712583612040134,0.14622584541062802,1.0,0.0
held_out_both,held_out_both/K562__fold4,nearest_context,pert_discrimination,delta,full_pseudobulk,0.5,0.2907661473243585,208.0,208,0.0,0.46090382292827947,0.538345991267187,-0.0,0.6101166330008471,True,no_change,0.5,0.02342530657748049,1.0,0.0
held_out_both,held_out_both/K562__fold4,nearest_context,pert_discrimination,delta,replicate_half,0.5,0.29013610076098123,2080.0,208,0.0,0.48747874860646606,0.5126914367335563,-0.0,0.6087946019067227,True,no_change,0.5,0.02342530657748049,1.0,0.0
held_out_both,held_out_both/K562__fold4,no_change,direction_acc_de,absolute,full_pseudobulk,0.9922160015733775,0.04271399585911102,62.0,208,146.0,0.98050907859275,0.9988950332871745,0.16480800488923894,6.484225700317608,True,global_mean_delta,0.9911303502151834,0.9977177205247978,0.0,
held_out_both,held_out_both/K562__fold4,no_change,direction_acc_de,absolute,replicate_half,0.9924054123566729,0.04041526137386841,620.0,208,1460.0,0.9890332526424334,0.9954551217237698,0.29850501491011944,5.336870956579438,True,global_mean_delta,0.9901448821139227,0.9977177205247978,0.0,
held_out_both,held_out_both/K562__fold4,no_change,direction_acc_de,delta,full_pseudobulk,0.0,0.0,62.0,208,146.0,0.0,0.0,-1.7011108464574067,0.0,True,global_mean_delta,0.6274469248876094,0.9962923332831168,0.0,
held_out_both,held_out_both/K562__fold4,no_change,direction_acc_de,delta,replicate_half,0.0006124305801725157,0.013417371838800334,620.0,208,1460.0,2.4813895781637717e-05,0.0017305919886565042,-1.6964715842759501,0.0363365392841352,True,global_mean_delta,0.6270394516621515,0.9962923332831168,0.0,
held_out_both,held_out_both/K562__fold4,no_change,mae,absolute,full_pseudobulk,0.019703758612805287,0.0042843957030775075,208.0,208,0.0,0.01913836965013289,0.02031267317390564,,,False,no_change,0.019703758612805287,0.028312772849759242,0.0,
held_out_both,held_out_both/K562__fold4,no_change,mae,absolute,replicate_half,0.024347297471975685,0.004489041913940946,2080.0,208,0.0,0.02414825565007654,0.024550318988294777,,,False,no_change,0.024347297471975685,0.028312772849759242,0.0,
held_out_both,held_out_both/K562__fold4,no_change,mae,delta,full_pseudobulk,0.019703758612805287,0.0042843957030775075,208.0,208,0.0,0.019197207627066733,0.020281986933320843,,,False,no_change,0.019703758612805287,0.028312772849759242,0.0,
held_out_both,held_out_both/K562__fold4,no_change,mae,delta,replicate_half,0.024347297471975685,0.004489041913940946,2080.0,208,0.0,0.02414156004077126,0.024552966627339867,,,False,no_change,0.024347297471975685,0.028312772849759242,0.0,
held_out_both,held_out_both/K562__fold4,no_change,pearson_r,absolute,full_pseudobulk,0.9890792871652183,0.007680421391537743,208.0,208,0.0,0.9880557460982266,0.9900431716218543,,,False,global_mean_delta,0.9878870857024082,0.98115793982563,0.0,
held_out_both,held_out_both/K562__fold4,no_change,pearson_r,absolute,replicate_half,0.9844440342745633,0.008819489743062466,2080.0,208,0.0,0.9840994788197133,0.9848284426277748,,,False,global_mean_delta,0.9832536368666134,0.98115793982563,0.0,
held_out_both,held_out_both/K562__fold4,no_change,pearson_r,delta,full_pseudobulk,,,0.0,208,208.0,,,,,True,global_mean_delta,0.021350680063563537,0.3473097076482032,0.0,
held_out_both,held_out_both/K562__fold4,no_change,pearson_r,delta,replicate_half,,,0.0,208,2080.0,,,,,True,global_mean_delta,0.018622254000849135,0.3473097076482032,0.0,
held_out_both,held_out_both/K562__fold4,no_change,pearson_r_de,absolute,full_pseudobulk,0.9432963142453433,0.11319935436593159,62.0,208,146.0,0.9114965605103521,0.9685499363376723,-0.03139749292961272,2.7399906356214445,True,global_mean_delta,0.9445934631779472,0.9859072373544993,0.0,
held_out_both,held_out_both/K562__fold4,no_change,pearson_r_de,absolute,replicate_half,0.9400349731848924,0.11922875447363633,620.0,208,1460.0,0.9301244333343729,0.9491414311373698,-0.029331511177702985,2.675383834650496,True,global_mean_delta,0.9413421349832307,0.9859072373544993,0.0,
held_out_both,held_out_both/K562__fold4,no_change,pearson_r_de,delta,full_pseudobulk,,,0.0,208,208.0,,,,,True,global_mean_delta,0.035595772988587154,0.7016673901870463,0.0,
held_out_both,held_out_both/K562__fold4,no_change,pearson_r_de,delta,replicate_half,,,0.0,208,2080.0,,,,,True,global_mean_delta,0.03712399392886062,0.7016673901870463,0.0,
held_out_both,held_out_both/K562__fold4,no_change,pert_discrimination,absolute,full_pseudobulk,0.46002879970271277,0.3051556816428462,208.0,208,0.0,0.41859438870308435,0.4988236250464512,-0.0,0.9724436225632543,True,no_change,0.46002879970271277,0.14622584541062802,0.0,
held_out_both,held_out_both/K562__fold4,no_change,pert_discrimination,absolute,replicate_half,0.4712583612040134,0.2992942530973866,2080.0,208,0.0,0.4580275106837607,0.4843470712560387,-0.0,0.9208132680720478,True,no_change,0.4712583612040134,0.14622584541062802,0.0,
held_out_both,held_out_both/K562__fold4,no_change,pert_discrimination,delta,full_pseudobulk,0.5,0.2907661473243585,208.0,208,0.0,0.4604636984392419,0.5395148179115571,-0.0,0.6101166330008471,True,no_change,0.5,0.02342530657748049,0.0,
held_out_both,held_out_both/K562__fold4,no_change,pert_discrimination,delta,replicate_half,0.5,0.29013610076098123,2080.0,208,0.0,0.48744106512448904,0.511719969342252,-0.0,0.6087946019067227,True,no_change,0.5,0.02342530657748049,0.0,
held_out_both,held_out_both/K562__fold4,per_drug_mean_delta,direction_acc_de,absolute,full_pseudobulk,0.9911303502151834,0.04405783409007616,62.0,208,146.0,0.9776764497620429,0.9987276756105342,0.0,6.688227930009139,True,global_mean_delta,0.9911303502151834,0.9977177205247978,1.0,0.0
held_out_both,held_out_both/K562__fold4,per_drug_mean_delta,direction_acc_de,absolute,replicate_half,0.9901448821139227,0.049551306065197386,620.0,208,1460.0,0.9859085643295012,0.9933394583681934,0.0,6.543293726436646,True,global_mean_delta,0.9901448821139227,0.9977177205247978,1.0,0.0
held_out_both,held_out_both/K562__fold4,per_drug_mean_delta,direction_acc_de,delta,full_pseudobulk,0.6274469248876094,0.32905569470358614,62.0,208,146.0,0.5508660668004757,0.7046275653862316,0.0,0.8921236030427812,True,global_mean_delta,0.6274469248876094,0.9962923332831168,1.0,0.0
held_out_both,held_out_both/K562__fold4,per_drug_mean_delta,direction_acc_de,delta,replicate_half,0.6270394516621515,0.32675936010808126,620.0,208,1460.0,0.6010879197138561,0.6545033979137079,0.0,0.8849202710989178,True,global_mean_delta,0.6270394516621515,0.9962923332831168,1.0,0.0
held_out_both,held_out_both/K562__fold4,per_drug_mean_delta,mae,absolute,full_pseudobulk,0.02172585242341542,0.004030613408002072,208.0,208,0.0,0.021221272302138338,0.022280867045129306,,,False,no_change,0.019703758612805287,0.028312772849759242,1.0,0.0
held_out_both,held_out_both/K562__fold4,per_drug_mean_delta,mae,absolute,replicate_half,0.02605675324841156,0.0042955303758007955,2080.0,208,0.0,0.025890499186226233,0.026232786298259772,,,False,no_change,0.024347297471975685,0.028312772849759242,1.0,0.0
held_out_both,held_out_both/K562__fold4,per_drug_mean_delta,mae,delta,full_pseudobulk,0.02172585242341542,0.004030613408002072,208.0,208,0.0,0.021187136874034194,0.022280894521605858,,,False,no_change,0.019703758612805287,0.028312772849759242,1.0,0.0
held_out_both,held_out_both/K562__fold4,per_drug_mean_delta,mae,delta,replicate_half,0.02605675324841156,0.0042955303758007955,2080.0,208,0.0,0.02588452699328111,0.026233444510440015,,,False,no_change,0.024347297471975685,0.028312772849759242,1.0,0.0
held_out_both,held_out_both/K562__fold4,per_drug_mean_delta,pearson_r,absolute,full_pseudobulk,0.9878870857024082,0.007462881018931402,208.0,208,0.0,0.986755372432726,0.9888147737011218,,,False,global_mean_delta,0.9878870857024082,0.98115793982563,1.0,0.0
held_out_both,held_out_both/K562__fold4,per_drug_mean_delta,pearson_r,absolute,replicate_half,0.9832536368666134,0.008631665697362073,2080.0,208,0.0,0.982906550345356,0.9836171412405225,,,False,global_mean_delta,0.9832536368666134,0.98115793982563,1.0,0.0
held_out_both,held_out_both/K562__fold4,per_drug_mean_delta,pearson_r,delta,full_pseudobulk,0.021350680063563537,0.1166446496919816,208.0,208,0.0,0.005769274872569402,0.03636795037757877,0.0,0.35785064937860406,True,global_mean_delta,0.021350680063563537,0.3473097076482032,1.0,0.0
held_out_both,held_out_both/K562__fold4,per_drug_mean_delta,pearson_r,delta,replicate_half,0.018622254000849135,0.10382400615667442,2080.0,208,0.0,0.014392552577935366,0.023151879719232063,0.0,0.3158745641324853,True,global_mean_delta,0.018622254000849135,0.3473097076482032,1.0,0.0
held_out_both,held_out_both/K562__fold4,per_drug_mean_delta,pearson_r_de,absolute,full_pseudobulk,0.9445934631779472,0.11084280402660114,62.0,208,146.0,0.9187077463349621,0.9700504278874453,0.0,2.6829503291788552,True,global_mean_delta,0.9445934631779472,0.9859072373544993,1.0,0.0
held_out_both,held_out_both/K562__fold4,per_drug_mean_delta,pearson_r_de,absolute,replicate_half,0.9413421349832307,0.11710107401758336,620.0,208,1460.0,0.9324142302607481,0.9498734233268401,0.0,2.627640637780276,True,global_mean_delta,0.9413421349832307,0.9859072373544993,1.0,0.0
held_out_both,held_out_both/K562__fold4,per_drug_mean_delta,pearson_r_de,delta,full_pseudobulk,0.035595772988587154,0.558519145029727,62.0,208,146.0,-0.09010495952694701,0.1651870001306858,0.0,0.8385271652602391,True,global_mean_delta,0.035595772988587154,0.7016673901870463,1.0,0.0
held_out_both,held_out_both/K562__fold4,per_drug_mean_delta,pearson_r_de,delta,replicate_half,0.03712399392886062,0.5433965554823932,620.0,208,1460.0,-0.005443539423053697,0.08036311404189338,0.0,0.8176991277651263,True,global_mean_delta,0.03712399392886062,0.7016673901870463,1.0,0.0
held_out_both,held_out_both/K562__fold4,per_drug_mean_delta,pert_discrimination,absolute,full_pseudobulk,0.47006224451876627,0.2960187611051633,208.0,208,0.0,0.4266484345968042,0.509105002787068,-0.03197371050469612,0.9433268777630179,True,no_change,0.46002879970271277,0.14622584541062802,1.0,0.0
held_out_both,held_out_both/K562__fold4,per_drug_mean_delta,pert_discrimination,absolute,replicate_half,0.4760242474916388,0.2926582969625351,2080.0,208,0.0,0.46353034420289857,0.48785047380156077,-0.01466279850799595,0.9003969841237986,True,no_change,0.4712583612040134,0.14622584541062802,1.0,0.0
held_out_both,held_out_both/K562__fold4,per_drug_mean_delta,pert_discrimination,delta,full_pseudobulk,0.5,0.2907661473243585,208.0,208,0.0,0.46023724916387965,0.5379947045707916,-0.0,0.6101166330008471,True,no_change,0.5,0.02342530657748049,1.0,0.0
held_out_both,held_out_both/K562__fold4,per_drug_mean_delta,pert_discrimination,delta,replicate_half,0.5,0.29013610076098123,2080.0,208,0.0,0.4875691541248606,0.511933470364177,-0.0,0.6087946019067227,True,no_change,0.5,0.02342530657748049,1.0,0.0
held_out_both,held_out_both/K562__fold4,ridge_no_drug,direction_acc_de,absolute,full_pseudobulk,0.9580924142291767,0.058508969745313694,62.0,208,146.0,0.9429782275706037,0.9724257402567803,-5.015345188319991,8.881991901976185,True,global_mean_delta,0.9911303502151834,0.9977177205247978,0.0,
held_out_both,held_out_both/K562__fold4,ridge_no_drug,direction_acc_de,absolute,replicate_half,0.9570569638521272,0.05959026533952357,620.0,208,1460.0,0.9523207042125232,0.9619628815199216,-4.369288827591923,7.868947164374737,True,global_mean_delta,0.9901448821139227,0.9977177205247978,0.0,
held_out_both,held_out_both/K562__fold4,ridge_no_drug,direction_acc_de,delta,full_pseudobulk,0.5700323814031246,0.13651605603840117,62.0,208,146.0,0.5398623532062161,0.6033276704494508,-0.15566018222712988,0.37011727116856785,True,global_mean_delta,0.6274469248876094,0.9962923332831168,0.0,
held_out_both,held_out_both/K562__fold4,ridge_no_drug,direction_acc_de,delta,replicate_half,0.5691362959190445,0.13578485200959867,620.0,208,1460.0,0.5584058837822644,0.5796645416143461,-0.1568116557111775,0.36772861842952537,True,global_mean_delta,0.6270394516621515,0.9962923332831168,0.0,
held_out_both,held_out_both/K562__fold4,ridge_no_drug,mae,absolute,full_pseudobulk,0.09274084070807533,0.0027585495781700677,208.0,208,0.0,0.09236285896049161,0.09311400396814756,,,False,no_change,0.019703758612805287,0.028312772849759242,0.0,
held_out_both,held_out_both/K562__fold4,ridge_no_drug,mae,absolute,replicate_half,0.09428387645965014,0.0028897021193846043,2080.0,208,0.0,0.09416685510460429,0.09440123671566641,,,False,no_change,0.024347297471975685,0.028312772849759242,0.0,
held_out_both,held_out_both/K562__fold4,ridge_no_drug,mae,delta,full_pseudobulk,0.09274084070807533,0.0027585495781700677,208.0,208,0.0,0.0923688995868968,0.09313059269131403,,,False,no_change,0.019703758612805287,0.028312772849759242,0.0,
held_out_both,held_out_both/K562__fold4,ridge_no_drug,mae,delta,replicate_half,0.09428387645965014,0.0028897021193846043,2080.0,208,0.0,0.09416340888397895,0.09440962618152655,,,False,no_change,0.024347297471975685,0.028312772849759242,0.0,
held_out_both,held_out_both/K562__fold4,ridge_no_drug,pearson_r,absolute,full_pseudobulk,0.8471885214013016,0.009444557416697849,208.0,208,0.0,0.8459110750141373,0.8483624232863933,,,False,global_mean_delta,0.9878870857024082,0.98115793982563,0.0,
held_out_both,held_out_both/K562__fold4,ridge_no_drug,pearson_r,absolute,replicate_half,0.8432347712234783,0.010038271189833175,2080.0,208,0.0,0.8428332236138778,0.8436720165149552,,,False,global_mean_delta,0.9832536368666134,0.98115793982563,0.0,
held_out_both,held_out_both/K562__fold4,ridge_no_drug,pearson_r,delta,full_pseudobulk,0.02017216295512954,0.05464579575227959,208.0,208,0.0,0.012076608014140717,0.02802592330590921,-0.0036155375636221045,0.16764621049831202,True,global_mean_delta,0.021350680063563537,0.3473097076482032,0.0,
held_out_both,held_out_both/K562__fold4,ridge_no_drug,pearson_r,delta,replicate_half,0.01733310995646023,0.05079675361019034,2080.0,208,0.0,0.015284278903524484,0.019552622475157603,-0.003922096904167253,0.15454424270385977,True,global_mean_delta,0.018622254000849135,0.3473097076482032,0.0,
held_out_both,held_out_both/K562__fold4,ridge_no_drug,pearson_r_de,absolute,full_pseudobulk,0.8835230333568316,0.22650590813959037,62.0,208,146.0,0.8253301896447411,0.9353237935277047,-1.4782098958118597,5.482576033156169,True,global_mean_delta,0.9445934631779472,0.9859072373544993,0.0,
held_out_both,held_out_both/K562__fold4,ridge_no_drug,pearson_r_de,absolute,replicate_half,0.880409665943251,0.23194146436290222,620.0,208,1460.0,0.8627773228142475,0.8974748591041273,-1.3672686877807636,5.204553608575051,True,global_mean_delta,0.9413421349832307,0.9859072373544993,0.0,
held_out_both,held_out_both/K562__fold4,ridge_no_drug,pearson_r_de,delta,full_pseudobulk,0.1104722091664198,0.46557595524101225,62.0,208,146.0,-0.008498745132376024,0.23347588290639007,0.11241499298944435,0.6989878313675266,True,global_mean_delta,0.035595772988587154,0.7016673901870463,0.0,
held_out_both,held_out_both/K562__fold4,ridge_no_drug,pearson_r_de,delta,replicate_half,0.06573967318350883,0.47073017209949863,620.0,208,1460.0,0.02939026132622154,0.10172398916333396,0.04306066302934197,0.7083512901490221,True,global_mean_delta,0.03712399392886062,0.7016673901870463,0.0,
held_out_both,held_out_both/K562__fold4,ridge_no_drug,pert_discrimination,absolute,full_pseudobulk,0.47217577108881453,0.2962647088662916,208.0,208,0.0,0.43106419546636937,0.514935781308064,-0.038708913411935206,0.9441106427268728,True,no_change,0.46002879970271277,0.14622584541062802,0.0,
held_out_both,held_out_both/K562__fold4,ridge_no_drug,pert_discrimination,absolute,replicate_half,0.47915040876997395,0.29256671170231674,2080.0,208,0.0,0.46738369797473056,0.49181484578223716,-0.024280794020550663,0.9001152115140805,True,no_change,0.4712583612040134,0.14622584541062802,0.0,
held_out_both,held_out_both/K562__fold4,ridge_no_drug,pert_discrimination,delta,full_pseudobulk,0.4945419918246005,0.2920074764611046,208.0,208,0.0,0.4559323903753252,0.5337148132664438,0.011452576586060036,0.6127213225781124,True,no_change,0.5,0.02342530657748049,0.0,
held_out_both,held_out_both/K562__fold4,ridge_no_drug,pert_discrimination,delta,replicate_half,0.4939056112969157,0.29085334109846184,2080.0,208,0.0,0.4820111598848012,0.5064671590486808,0.012787898281626093,0.6102995923046177,True,no_change,0.5,0.02342530657748049,0.0,
held_out_both,held_out_both/MCF7__fold0,ceiling,direction_acc_de,absolute,full_pseudobulk,0.9989544228447569,0.0034828366656204355,970.0,132,350.0,0.9987349830255581,0.9991637104078085,1.0,0.6315735037098692,True,global_mean_delta,0.9934398839270185,0.9989544228447569,,
held_out_both,held_out_both/MCF7__fold0,ceiling,direction_acc_de,absolute,replicate_half,0.9989544228447569,0.0034828366656204355,970.0,132,350.0,0.9987373441036088,0.999151674209889,1.0,0.6009545062113718,True,global_mean_delta,0.9931589148160752,0.9989544228447569,,
held_out_both,held_out_both/MCF7__fold0,ceiling,direction_acc_de,delta,full_pseudobulk,0.9893960659821579,0.01751637313909599,970.0,132,350.0,0.9882526505512488,0.990495128024132,1.0,0.05603604377855104,True,global_mean_delta,0.6768048843434437,0.9893960659821579,,
held_out_both,held_out_both/MCF7__fold0,ceiling,direction_acc_de,delta,replicate_half,0.9893960659821579,0.01751637313909599,970.0,132,350.0,0.988284046937761,0.9904757663833835,1.0,0.05603660601681867,True,global_mean_delta,0.6768080206990679,0.9893960659821579,,
held_out_both,held_out_both/MCF7__fold0,ceiling,mae,absolute,full_pseudobulk,0.018072908511372623,0.0025740130029927874,1320.0,132,0.0,0.01794289236542959,0.018214399300911854,,,False,no_change,0.01631568963263614,0.018072908511372623,,
held_out_both,held_out_both/MCF7__fold0,ceiling,mae,absolute,replicate_half,0.018072908511372623,0.0025740130029927874,1320.0,132,0.0,0.017930172044780923,0.018220655435676116,1.0,3.0216416201588623,True,no_change,0.018924767641793742,0.018072908511372623,,
held_out_both,held_out_both/MCF7__fold0,ceiling,mae,delta,full_pseudobulk,0.018072908511372623,0.0025740130029927874,1320.0,132,0.0,0.017936323523804743,0.018214371521910546,,,False,no_change,0.01631568963263614,0.018072908511372623,,
held_out_both,held_out_both/MCF7__fold0,ceiling,mae,delta,replicate_half,0.018072908511372623,0.0025740130029927874,1320.0,132,0.0,0.017936106804483744,0.018211938372921423,1.0,3.0216416201588623,True,no_change,0.018924767641793742,0.018072908511372623,,
held_out_both,held_out_both/MCF7__fold0,ceiling,pearson_r,absolute,full_pseudobulk,0.9945303961567415,0.002074874659271579,1320.0,132,0.0,0.9944187183746748,0.9946372550885719,1.0,1.06273979045537,True,global_mean_delta,0.9925780135717416,0.9945303961567415,,
held_out_both,held_out_both/MCF7__fold0,ceiling,pearson_r,absolute,replicate_half,0.9945303961567415,0.002074874659271579,1320.0,132,0.0,0.9944206663311582,0.9946344229528498,1.0,0.6215199857597963,True,global_mean_delta,0.9911920084832783,0.9945303961567415,,
held_out_both,held_out_both/MCF7__fold0,ceiling,pearson_r,delta,full_pseudobulk,0.5298891194104369,0.19909340776588397,1320.0,132,0.0,0.5184514155552155,0.5408217004066173,1.0,0.5116260524345151,True,global_mean_delta,0.1407505936873617,0.5298891194104369,,
held_out_both,held_out_both/MCF7__fold0,ceiling,pearson_r,delta,replicate_half,0.5298891194104369,0.19909340776588397,1320.0,132,0.0,0.5193953797973747,0.5411540874199147,1.0,0.49348080851171644,True,global_mean_delta,0.1264420059019549,0.5298891194104369,,
held_out_both,held_out_both/MCF7__fold0,ceiling,pearson_r_de,absolute,full_pseudobulk,0.9961147846520095,0.0046370466483455245,970.0,132,350.0,0.995794669947857,0.9963800823753052,1.0,0.31273360071635353,True,global_mean_delta,0.9812873192382394,0.9961147846520095,,
held_out_both,held_out_both/MCF7__fold0,ceiling,pearson_r_de,absolute,replicate_half,0.9961147846520095,0.0046370466483455245,970.0,132,350.0,0.9958256401510341,0.9964093353545395,1.0,0.2912822248702405,True,global_mean_delta,0.980195355821736,0.9961147846520095,,
held_out_both,held_out_both/MCF7__fold0,ceiling,pearson_r_de,delta,full_pseudobulk,0.8546104075782844,0.21742504503824775,970.0,132,350.0,0.8402541189124214,0.8680323615181814,1.0,0.48111419729156235,True,global_mean_delta,0.40269058009814684,0.8546104075782844,,
held_out_both,held_out_both/MCF7__fold0,ceiling,pearson_r_de,delta,replicate_half,0.8546104075782844,0.21742504503824775,970.0,132,350.0,0.8423046719769965,0.8681098076936714,1.0,0.45734760369256205,True,global_mean_delta,0.3792060471251244,0.8546104075782844,,
held_out_both,held_out_both/MCF7__fold0,ceiling,pert_discrimination,absolute,full_pseudobulk,0.01950613000231321,0.04064825366703673,1320.0,132,0.0,0.017545396715244042,0.021576596113809857,1.0,0.1077440106703863,True,no_change,0.3967730742539903,0.01950613000231321,,
held_out_both,held_out_both/MCF7__fold0,ceiling,pert_discrimination,absolute,replicate_half,0.01950613000231321,0.04064825366703673,1320.0,132,0.0,0.017453012953967152,0.021773652556095303,1.0,0.10550096097658489,True,no_change,0.40479412445061297,0.01950613000231321,,
held_out_both,held_out_both/MCF7__fold0,ceiling,pert_discrimination,delta,full_pseudobulk,0.006291926902613925,0.021502085075160247,1320.0,132,0.0,0.005261970853573907,0.0075584085126069855,1.0,0.0435522249823913,True,no_change,0.5,0.006291926902613925,,
held_out_both,held_out_both/MCF7__fold0,ceiling,pert_discrimination,delta,replicate_half,0.006291926902613925,0.021502085075160247,1320.0,132,0.0,0.005204574369650706,0.00761146773074254,1.0,0.0435522249823913,True,no_change,0.5,0.006291926902613925,,
held_out_both,held_out_both/MCF7__fold0,global_mean_delta,direction_acc_de,absolute,full_pseudobulk,0.9934398839270185,0.009526643972507912,97.0,132,35.0,0.9916611792523233,0.9951597954734944,0.0,1.7275504107630886,True,global_mean_delta,0.9934398839270185,0.9989544228447569,0.0,
held_out_both,held_out_both/MCF7__fold0,global_mean_delta,direction_acc_de,absolute,replicate_half,0.9931589148160752,0.010008217830310237,970.0,132,350.0,0.9925626246510515,0.9937753952661093,0.0,1.7268922380540375,True,global_mean_delta,0.9931589148160752,0.9989544228447569,0.0,
held_out_both,held_out_both/MCF7__fold0,global_mean_delta,direction_acc_de,delta,full_pseudobulk,0.6768048843434437,0.1780369582538742,97.0,132,35.0,0.6441124032832801,0.7129313673224614,0.0,0.5695520817975129,True,global_mean_delta,0.6768048843434437,0.9893960659821579,0.0,
held_out_both,held_out_both/MCF7__fold0,global_mean_delta,direction_acc_de,delta,replicate_half,0.6768080206990679,0.17696256337839736,970.0,132,350.0,0.665863034079876,0.6878813548732782,0.0,0.5661207011871943,True,global_mean_delta,0.6768080206990679,0.9893960659821579,0.0,
held_out_both,held_out_both/MCF7__fold0,global_mean_delta,mae,absolute,full_pseudobulk,0.01766291063148106,0.0070014579747788765,132.0,132,0.0,0.01655877362684059,0.018959351762420404,,,False,no_change,0.01631568963263614,0.018072908511372623,0.0,
held_out_both,held_out_both/MCF7__fold0,global_mean_delta,mae,absolute,replicate_half,0.020082232457964085,0.006879764767454795,1320.0,132,0.0,0.019719212871641998,0.02048038099993073,-1.3587514353437151,8.076176590434347,True,no_change,0.018924767641793742,0.018072908511372623,0.0,
held_out_both,held_out_both/MCF7__fold0,global_mean_delta,mae,delta,full_pseudobulk,0.01766291063148106,0.0070014579747788765,132.0,132,0.0,0.016585476822380655,0.018943238713674503,,,False,no_change,0.01631568963263614,0.018072908511372623,0.0,
held_out_both,held_out_both/MCF7__fold0,global_mean_delta,mae,delta,replicate_half,0.020082232457964085,0.006879764767454795,1320.0,132,0.0,0.019739755531994804,0.02045530786531747,-1.3587514353437151,8.076176590434347,True,no_change,0.018924767641793742,0.018072908511372623,0.0,
held_out_both,held_out_both/MCF7__fold0,global_mean_delta,pearson_r,absolute,full_pseudobulk,0.9925780135717416,0.009776601806991548,132.0,132,0.0,0.9908984160812337,0.9941427611353088,0.0,5.007523567411717,True,global_mean_delta,0.9925780135717416,0.9945303961567415,0.0,
held_out_both,held_out_both/MCF7__fold0,global_mean_delta,pearson_r,absolute,replicate_half,0.9911920084832783,0.010074508897023033,1320.0,132,0.0,0.9906273332060208,0.9917108302992891,0.0,3.0177768079797684,True,global_mean_delta,0.9911920084832783,0.9945303961567415,0.0,
held_out_both,held_out_both/MCF7__fold0,global_mean_delta,pearson_r,delta,full_pseudobulk,0.1407505936873617,0.1156253267845363,132.0,132,0.0,0.121115892791998,0.1597656987347166,0.0,0.29713153322377384,True,global_mean_delta,0.1407505936873617,0.5298891194104369,0.0,
held_out_both,held_out_both/MCF7__fold0,global_mean_delta,pearson_r,delta,replicate_half,0.1264420059019549,0.10842049186746114,1320.0,132,0.0,0.1205507403585502,0.1322596681957749,0.0,0.2687353267311992,True,global_mean_delta,0.1264420059019549,0.5298891194104369,0.0,
held_out_both,held_out_both/MCF7__fold0,global_mean_delta,pearson_r_de,absolute,full_pseudobulk,0.9812873192382394,0.023580519748881718,97.0,132,35.0,0.9765037073395586,0.9857245171860338,0.0,1.5903270782195003,True,global_mean_delta,0.9812873192382394,0.9961147846520095,0.0,
held_out_both,held_out_both/MCF7__fold0,global_mean_delta,pearson_r_de,absolute,replicate_half,0.980195355821736,0.02437362201564913,970.0,132,350.0,0.978710030444371,0.981646553560276,0.0,1.5310613386642677,True,global_mean_delta,0.980195355821736,0.9961147846520095,0.0,
held_out_both,held_out_both/MCF7__fold0,global_mean_delta,pearson_r_de,delta,full_pseudobulk,0.40269058009814684,0.3333858788515827,97.0,132,35.0,0.32978642420482607,0.4640195536642615,0.0,0.7377102277421882,True,global_mean_delta,0.40269058009814684,0.8546104075782844,0.0,
held_out_both,held_out_both/MCF7__fold0,global_mean_delta,pearson_r_de,delta,replicate_half,0.3792060471251244,0.3393885505641073,970.0,132,350.0,0.35690556855470296,0.3999659243765511,0.0,0.7138944839306877,True,global_mean_delta,0.3792060471251244,0.8546104075782844,0.0,
held_out_both,held_out_both/MCF7__fold0,global_mean_delta,pert_discrimination,absolute,full_pseudobulk,0.3803492944714319,0.31906065466834477,132.0,132,0.0,0.3280071709461022,0.4315319222761971,0.043533577571010236,0.845715903632144,True,no_change,0.3967730742539903,0.01950613000231321,0.0,
held_out_both,held_out_both/MCF7__fold0,global_mean_delta,pert_discrimination,absolute,replicate_half,0.3910999306037475,0.31356134061162694,1320.0,132,0.0,0.37414454661114965,0.408655303030303,0.03554274735830902,0.8138362604851486,True,no_change,0.40479412445061297,0.01950613000231321,0.0,
held_out_both,held_out_both/MCF7__fold0,global_mean_delta,pert_discrimination,delta,full_pseudobulk,0.5,0.29197849616649274,132.0,132,0.0,0.4548794240111034,0.549102185981957,-0.0,0.5913990717929758,True,no_change,0.5,0.006291926902613925,0.0,
held_out_both,held_out_both/MCF7__fold0,global_mean_delta,pert_discrimination,delta,replicate_half,0.5,0.29098065521284205,1320.0,132,0.0,0.4842444482997918,0.5163212757344436,-0.0,0.5893779564658747,True,no_change,0.5,0.006291926902613925,0.0,
held_out_both,held_out_both/MCF7__fold0,nearest_context,direction_acc_de,absolute,full_pseudobulk,0.9934398839270185,0.009526643972507912,97.0,132,35.0,0.9914392701131315,0.9952425604830685,0.0,1.7275504107630886,True,global_mean_delta,0.9934398839270185,0.9989544228447569,1.0,0.0
held_out_both,held_out_both/MCF7__fold0,nearest_context,direction_acc_de,absolute,replicate_half,0.9931589148160752,0.010008217830310237,970.0,132,350.0,0.9925814787247599,0.9937409997504646,0.0,1.7268922380540375,True,global_mean_delta,0.9931589148160752,0.9989544228447569,1.0,0.0
held_out_both,held_out_both/MCF7__fold0,nearest_context,direction_acc_de,delta,full_pseudobulk,0.6768048843434437,0.1780369582538742,97.0,132,35.0,0.6399169944199332,0.7092601857553644,0.0,0.5695520817975129,True,global_mean_delta,0.6768048843434437,0.9893960659821579,1.0,0.0
held_out_both,held_out_both/MCF7__fold0,nearest_context,direction_acc_de,delta,replicate_half,0.6768080206990679,0.17696256337839736,970.0,132,350.0,0.6658596078494414,0.6876387735443199,0.0,0.5661207011871943,True,global_mean_delta,0.6768080206990679,0.9893960659821579,1.0,0.0
held_out_both,held_out_both/MCF7__fold0,nearest_context,mae,absolute,full_pseudobulk,0.01766291063148106,0.0070014579747788765,132.0,132,0.0,0.016559844824610082,0.01885560126630775,,,False,no_change,0.01631568963263614,0.018072908511372623,1.0,0.0
held_out_both,held_out_both/MCF7__fold0,nearest_context,mae,absolute,replicate_half,0.020082232457964085,0.006879764767454795,1320.0,132,0.0,0.019687723988274883,0.020462317164675805,-1.3587514353437151,8.076176590434347,True,no_change,0.018924767641793742,0.018072908511372623,1.0,0.0
held_out_both,held_out_both/MCF7__fold0,nearest_context,mae,delta,full_pseudobulk,0.01766291063148106,0.0070014579747788765,132.0,132,0.0,0.016603857552645193,0.018840795015709018,,,False,no_change,0.01631568963263614,0.018072908511372623,1.0,0.0
held_out_both,held_out_both/MCF7__fold0,nearest_context,mae,delta,replicate_half,0.020082232457964085,0.006879764767454795,1320.0,132,0.0,0.019698585066736978,0.02046487192913565,-1.3587514353437151,8.076176590434347,True,no_change,0.018924767641793742,0.018072908511372623,1.0,0.0
held_out_both,held_out_both/MCF7__fold0,nearest_context,pearson_r,absolute,full_pseudobulk,0.9925780135717416,0.009776601806991548,132.0,132,0.0,0.9908614575231769,0.9940652628291948,0.0,5.007523567411717,True,global_mean_delta,0.9925780135717416,0.9945303961567415,1.0,0.0
held_out_both,held_out_both/MCF7__fold0,nearest_context,pearson_r,absolute,replicate_half,0.9911920084832783,0.010074508897023033,1320.0,132,0.0,0.9906494233929635,0.9917382731132195,0.0,3.0177768079797684,True,global_mean_delta,0.9911920084832783,0.9945303961567415,1.0,0.0
held_out_both,held_out_both/MCF7__fold0,nearest_context,pearson_r,delta,full_pseudobulk,0.1407505936873617,0.1156253267845363,132.0,132,0.0,0.12098331321671028,0.15950986569680164,0.0,0.29713153322377384,True,global_mean_delta,0.1407505936873617,0.5298891194104369,1.0,0.0
held_out_both,held_out_both/MCF7__fold0,nearest_context,pearson_r,delta,replicate_half,0.1264420059019549,0.10842049186746114,1320.0,132,0.0,0.12100547689871152,0.13239259361666617,0.0,0.2687353267311992,True,global_mean_delta,0.1264420059019549,0.5298891194104369,1.0,0.0
held_out_both,held_out_both/MCF7__fold0,nearest_context,pearson_r_de,absolute,full_pseudobulk,0.9812873192382394,0.023580519748881718,97.0,132,35.0,0.9770882326208552,0.9855074214740458,0.0,1.5903270782195003,True,global_mean_delta,0.9812873192382394,0.9961147846520095,1.0,0.0
held_out_both,held_out_both/MCF7__fold0,nearest_context,pearson_r_de,absolute,replicate_half,0.980195355821736,0.02437362201564913,970.0,132,350.0,0.9785069136220195,0.9815797848366932,0.0,1.5310613386642677,True,global_mean_delta,0.980195355821736,0.9961147846520095,1.0,0.0
held_out_both,held_out_both/MCF7__fold0,nearest_context,pearson_r_de,delta,full_pseudobulk,0.40269058009814684,0.3333858788515827,97.0,132,35.0,0.3296348926294375,0.46641048861305895,0.0,0.7377102277421882,True,global_mean_delta,0.40269058009814684,0.8546104075782844,1.0,0.0
held_out_both,held_out_both/MCF7__fold0,nearest_context,pearson_r_de,delta,replicate_half,0.3792060471251244,0.3393885505641073,970.0,132,350.0,0.3577939650368609,0.4011962887729127,0.0,0.7138944839306877,True,global_mean_delta,0.3792060471251244,0.8546104075782844,1.0,0.0
held_out_both,held_out_both/MCF7__fold0,nearest_context,pert_discrimination,absolute,full_pseudobulk,0.3803492944714319,0.31906065466834477,132.0,132,0.0,0.32673924358084655,0.43494390469581307,0.043533577571010236,0.845715903632144,True,no_change,0.3967730742539903,0.01950613000231321,1.0,0.0
held_out_both,held_out_both/MCF7__fold0,nearest_context,pert_discrimination,absolute,replicate_half,0.3910999306037475,0.31356134061162694,1320.0,132,0.0,0.37416218482535274,0.40831743002544535,0.03554274735830902,0.8138362604851486,True,no_change,0.40479412445061297,0.01950613000231321,1.0,0.0
held_out_both,held_out_both/MCF7__fold0,nearest_context,pert_discrimination,delta,full_pseudobulk,0.5,0.29197849616649274,132.0,132,0.0,0.45139949109414756,0.5481797941244505,-0.0,0.5913990717929758,True,no_change,0.5,0.006291926902613925,1.0,0.0
held_out_both,held_out_both/MCF7__fold0,nearest_context,pert_discrimination,delta,replicate_half,0.5,0.29098065521284205,1320.0,132,0.0,0.4844893592412676,0.5162449398565812,-0.0,0.5893779564658747,True,no_change,0.5,0.006291926902613925,1.0,0.0
held_out_both,held_out_both/MCF7__fold0,no_change,direction_acc_de,absolute,full_pseudobulk,0.9989691195219285,0.0027540954118693804,97.0,132,35.0,0.9983665278404645,0.9994733097093992,1.0026650781490187,0.49942442205102927,True,global_mean_delta,0.9934398839270185,0.9989544228447569,0.0,
held_out_both,held_out_both/MCF7__fold0,no_change,direction_acc_de,absolute,replicate_half,0.9987052116483313,0.003722354409766095,970.0,132,350.0,0.9984564818902645,0.9989275390829571,0.9569992492129609,0.6422826767462582,True,global_mean_delta,0.9931589148160752,0.9989544228447569,0.0,
held_out_both,held_out_both/MCF7__fold0,no_change,direction_acc_de,delta,full_pseudobulk,0.0,0.0,97.0,132,35.0,0.0,0.0,-2.1651438815240773,0.0,True,global_mean_delta,0.6768048843434437,0.9893960659821579,0.0,
held_out_both,held_out_both/MCF7__fold0,no_change,direction_acc_de,delta,replicate_half,4.9120501879537865e-05,0.0006862882555103583,970.0,132,350.0,1.5171658798143557e-05,9.678473516963644e-05,-2.1650184976981226,0.0021955038456087884,True,global_mean_delta,0.6768080206990679,0.9893960659821579,0.0,
held_out_both,held_out_both/MCF7__fold0,no_change,mae,absolute,full_pseudobulk,0.01631568963263614,0.00767499677354302,132.0,132,0.0,0.015121682209855004,0.01769528390692816,,,False,no_change,0.01631568963263614,0.018072908511372623,0.0,
held_out_both,held_out_both/MCF7__fold0,no_change,mae,absolute,replicate_half,0.018924767641793742,0.007473655192240368,1320.0,132,0.0,0.01856118201424535,0.01932579283279347,-0.0,8.773346349584527,True,no_change,0.018924767641793742,0.018072908511372623,0.0,
held_out_both,held_out_both/MCF7__fold0,no_change,mae,delta,full_pseudobulk,0.01631568963263614,0.00767499677354302,132.0,132,0.0,0.015148729100554295,0.017640276172308917,,,False,no_change,0.01631568963263614,0.018072908511372623,0.0,
held_out_both,held_out_both/MCF7__fold0,no_change,mae,delta,replicate_half,0.018924767641793742,0.007473655192240368,1320.0,132,0.0,0.01855465837824351,0.019338387702887035,-0.0,8.773346349584527,True,no_change,0.018924767641793742,0.018072908511372623,0.0,
held_out_both,held_out_both/MCF7__fold0,no_change,pearson_r,absolute,full_pseudobulk,0.9926057518832625,0.010449306701408293,132.0,132,0.0,0.9908220070101319,0.9942095110925359,0.014207415971660085,5.352079444720342,True,global_mean_delta,0.9925780135717416,0.9945303961567415,0.0,
held_out_both,held_out_both/MCF7__fold0,no_change,pearson_r,absolute,replicate_half,0.99122104590786,0.010737268075173348,1320.0,132,0.0,0.9906700131346587,0.9918208745856387,0.008698038520969282,3.2163035349439744,True,global_mean_delta,0.9911920084832783,0.9945303961567415,0.0,
held_out_both,held_out_both/MCF7__fold0,no_change,pearson_r,delta,full_pseudobulk,,,0.0,132,132.0,,,,,True,global_mean_delta,0.1407505936873617,0.5298891194104369,0.0,
held_out_both,held_out_both/MCF7__fold0,no_change,pearson_r,delta,replicate_half,,,0.0,132,1320.0,,,,,True,global_mean_delta,0.1264420059019549,0.5298891194104369,0.0,
held_out_both,held_out_both/MCF7__fold0,no_change,pearson_r_de,absolute,full_pseudobulk,0.9588589065574323,0.20251733306755704,97.0,132,35.0,0.9160742919089453,0.983069885049011,-1.5126262011023173,13.658256985680188,True,global_mean_delta,0.9812873192382394,0.9961147846520095,0.0,
held_out_both,held_out_both/MCF7__fold0,no_change,pearson_r_de,absolute,replicate_half,0.9577588383936393,0.2015806089614872,970.0,132,350.0,0.9451723113196061,0.9698271456509207,-1.4093795491851957,12.662552853538754,True,global_mean_delta,0.980195355821736,0.9961147846520095,0.0,
held_out_both,held_out_both/MCF7__fold0,no_change,pearson_r_de,delta,full_pseudobulk,,,0.0,132,132.0,,,,,True,global_mean_delta,0.40269058009814684,0.8546104075782844,0.0,
held_out_both,held_out_both/MCF7__fold0,no_change,pearson_r_de,delta,replicate_half,,,0.0,132,1320.0,,,,,True,global_mean_delta,0.3792060471251244,0.8546104075782844,0.0,
held_out_both,held_out_both/MCF7__fold0,no_change,pert_discrimination,absolute,full_pseudobulk,0.3967730742539903,0.3171869351622442,132.0,132,0.0,0.34262809391626187,0.448720506592644,-0.0,0.8407493420644001,True,no_change,0.3967730742539903,0.01950613000231321,0.0,
held_out_both,held_out_both/MCF7__fold0,no_change,pert_discrimination,absolute,replicate_half,0.40479412445061297,0.31270645368127686,1320.0,132,0.0,0.38844364445986573,0.42090706685172335,-0.0,0.8116174347167147,True,no_change,0.40479412445061297,0.01950613000231321,0.0,
held_out_both,held_out_both/MCF7__fold0,no_change,pert_discrimination,delta,full_pseudobulk,0.5,0.29197849616649274,132.0,132,0.0,0.4451119014573213,0.5501416840157298,-0.0,0.5913990717929758,True,no_change,0.5,0.006291926902613925,0.0,
held_out_both,held_out_both/MCF7__fold0,no_change,pert_discrimination,delta,replicate_half,0.5,0.290980655212842,1320.0,132,0.0,0.4841905216284988,0.5158933321767292,-0.0,0.5893779564658745,True,no_change,0.5,0.006291926902613925,0.0,
held_out_both,held_out_both/MCF7__fold0,per_drug_mean_delta,direction_acc_de,absolute,full_pseudobulk,0.9934398839270185,0.009526643972507912,97.0,132,35.0,0.9914610686152104,0.9952228551639547,0.0,1.7275504107630886,True,global_mean_delta,0.9934398839270185,0.9989544228447569,1.0,0.0
held_out_both,held_out_both/MCF7__fold0,per_drug_mean_delta,direction_acc_de,absolute,replicate_half,0.9931589148160752,0.010008217830310237,970.0,132,350.0,0.9925326777239846,0.9937521721696535,0.0,1.7268922380540375,True,global_mean_delta,0.9931589148160752,0.9989544228447569,1.0,0.0
held_out_both,held_out_both/MCF7__fold0,per_drug_mean_delta,direction_acc_de,delta,full_pseudobulk,0.6768048843434437,0.1780369582538742,97.0,132,35.0,0.6415305821530857,0.7105688258683558,0.0,0.5695520817975129,True,global_mean_delta,0.6768048843434437,0.9893960659821579,1.0,0.0
held_out_both,held_out_both/MCF7__fold0,per_drug_mean_delta,direction_acc_de,delta,replicate_half,0.6768080206990679,0.17696256337839736,970.0,132,350.0,0.6657815991065408,0.6881491388372883,0.0,0.5661207011871943,True,global_mean_delta,0.6768080206990679,0.9893960659821579,1.0,0.0
held_out_both,held_out_both/MCF7__fold0,per_drug_mean_delta,mae,absolute,full_pseudobulk,0.01766291063148106,0.0070014579747788765,132.0,132,0.0,0.01659567928660553,0.018977042638601425,,,False,no_change,0.01631568963263614,0.018072908511372623,1.0,0.0
held_out_both,held_out_both/MCF7__fold0,per_drug_mean_delta,mae,absolute,replicate_half,0.020082232457964085,0.006879764767454795,1320.0,132,0.0,0.019722931812116727,0.020455739688424394,-1.3587514353437151,8.076176590434347,True,no_change,0.018924767641793742,0.018072908511372623,1.0,0.0
held_out_both,held_out_both/MCF7__fold0,per_drug_mean_delta,mae,delta,full_pseudobulk,0.01766291063148106,0.0070014579747788765,132.0,132,0.0,0.0165205793916242,0.018858159498286835,,,False,no_change,0.01631568963263614,0.018072908511372623,1.0,0.0
held_out_both,held_out_both/MCF7__fold0,per_drug_mean_delta,mae,delta,replicate_half,0.020082232457964085,0.006879764767454795,1320.0,132,0.0,0.019737698318012524,0.020451566234723877,-1.3587514353437151,8.076176590434347,True,no_change,0.018924767641793742,0.018072908511372623,1.0,0.0
held_out_both,held_out_both/MCF7__fold0,per_drug_mean_delta,pearson_r,absolute,full_pseudobulk,0.9925780135717416,0.009776601806991548,132.0,132,0.0,0.9907698532986725,0.994094754382706,0.0,5.007523567411717,True,global_mean_delta,0.9925780135717416,0.9945303961567415,1.0,0.0
held_out_both,held_out_both/MCF7__fold0,per_drug_mean_delta,pearson_r,absolute,replicate_half,0.9911920084832783,0.010074508897023033,1320.0,132,0.0,0.9906105614870916,0.9916557110851025,0.0,3.0177768079797684,True,global_mean_delta,0.9911920084832783,0.9945303961567415,1.0,0.0
held_out_both,held_out_both/MCF7__fold0,per_drug_mean_delta,pearson_r,delta,full_pseudobulk,0.1407505936873617,0.1156253267845363,132.0,132,0.0,0.1197830464243718,0.1605199685012478,0.0,0.29713153322377384,True,global_mean_delta,0.1407505936873617,0.5298891194104369,1.0,0.0
held_out_both,held_out_both/MCF7__fold0,per_drug_mean_delta,pearson_r,delta,replicate_half,0.1264420059019549,0.10842049186746114,1320.0,132,0.0,0.12086117731311954,0.13223108928294178,0.0,0.2687353267311992,True,global_mean_delta,0.1264420059019549,0.5298891194104369,1.0,0.0
held_out_both,held_out_both/MCF7__fold0,per_drug_mean_delta,pearson_r_de,absolute,full_pseudobulk,0.9812873192382394,0.023580519748881718,97.0,132,35.0,0.9766715899082953,0.9859786706094625,0.0,1.5903270782195003,True,global_mean_delta,0.9812873192382394,0.9961147846520095,1.0,0.0
held_out_both,held_out_both/MCF7__fold0,per_drug_mean_delta,pearson_r_de,absolute,replicate_half,0.980195355821736,0.02437362201564913,970.0,132,350.0,0.9786882991884549,0.9816315892656294,0.0,1.5310613386642677,True,global_mean_delta,0.980195355821736,0.9961147846520095,1.0,0.0
held_out_both,held_out_both/MCF7__fold0,per_drug_mean_delta,pearson_r_de,delta,full_pseudobulk,0.40269058009814684,0.3333858788515827,97.0,132,35.0,0.3362729486119203,0.4695372622997555,0.0,0.7377102277421882,True,global_mean_delta,0.40269058009814684,0.8546104075782844,1.0,0.0
held_out_both,held_out_both/MCF7__fold0,per_drug_mean_delta,pearson_r_de,delta,replicate_half,0.3792060471251244,0.3393885505641073,970.0,132,350.0,0.3570880011911639,0.40006054136090236,0.0,0.7138944839306877,True,global_mean_delta,0.3792060471251244,0.8546104075782844,1.0,0.0
held_out_both,held_out_both/MCF7__fold0,per_drug_mean_delta,pert_discrimination,absolute,full_pseudobulk,0.3803492944714319,0.31906065466834477,132.0,132,0.0,0.3267305690492713,0.4409105366643534,0.043533577571010236,0.845715903632144,True,no_change,0.3967730742539903,0.01950613000231321,1.0,0.0
held_out_both,held_out_both/MCF7__fold0,per_drug_mean_delta,pert_discrimination,absolute,replicate_half,0.3910999306037475,0.31356134061162694,1320.0,132,0.0,0.375117395327319,0.408124421697895,0.03554274735830902,0.8138362604851486,True,no_change,0.40479412445061297,0.01950613000231321,1.0,0.0
held_out_both,held_out_both/MCF7__fold0,per_drug_mean_delta,pert_discrimination,delta,full_pseudobulk,0.5,0.29197849616649274,132.0,132,0.0,0.45147467036780015,0.5533208998380753,-0.0,0.5913990717929758,True,no_change,0.5,0.006291926902613925,1.0,0.0
held_out_both,held_out_both/MCF7__fold0,per_drug_mean_delta,pert_discrimination,delta,replicate_half,0.5,0.29098065521284205,1320.0,132,0.0,0.4837242655563265,0.5160198357622021,-0.0,0.5893779564658747,True,no_change,0.5,0.006291926902613925,1.0,0.0
held_out_both,held_out_both/MCF7__fold0,ridge_no_drug,direction_acc_de,absolute,full_pseudobulk,0.9301650732313362,0.0659965461617281,97.0,132,35.0,0.9161689933177856,0.9423767758010408,-11.47417973461922,11.967736042163072,True,global_mean_delta,0.9934398839270185,0.9989544228447569,0.0,
held_out_both,held_out_both/MCF7__fold0,ridge_no_drug,direction_acc_de,absolute,replicate_half,0.9300412049192667,0.0657085307385875,970.0,132,350.0,0.9259403191419353,0.9344078943543492,-10.890798457088183,11.337837927822607,True,global_mean_delta,0.9931589148160752,0.9989544228447569,0.0,
held_out_both,held_out_both/MCF7__fold0,ridge_no_drug,direction_acc_de,delta,full_pseudobulk,0.4510596911515301,0.20797201405389548,97.0,132,35.0,0.4082524468319904,0.49114984389378064,-0.7221739014148668,0.6653163181495785,True,global_mean_delta,0.6768048843434437,0.9893960659821579,0.0,
held_out_both,held_out_both/MCF7__fold0,ridge_no_drug,direction_acc_de,delta,replicate_half,0.4496866617021932,0.2063742389468369,970.0,132,350.0,0.43720548680824656,0.46254080324845354,-0.7265836375514172,0.6602115533879026,True,global_mean_delta,0.6768080206990679,0.9893960659821579,0.0,
held_out_both,held_out_both/MCF7__fold0,ridge_no_drug,mae,absolute,full_pseudobulk,0.07310434633628167,0.0038309706337167474,132.0,132,0.0,0.07247693170536336,0.07377764292309867,,,False,no_change,0.01631568963263614,0.018072908511372623,0.0,
held_out_both,held_out_both/MCF7__fold0,ridge_no_drug,mae,absolute,replicate_half,0.07382907045448323,0.0039054688066282863,1320.0,132,0.0,0.07361851395587737,0.0740386375314635,-64.4523265079608,4.584641599952811,True,no_change,0.018924767641793742,0.018072908511372623,0.0,
held_out_both,held_out_both/MCF7__fold0,ridge_no_drug,mae,delta,full_pseudobulk,0.07310434633628167,0.0038309706337167474,132.0,132,0.0,0.07250518803223718,0.0737849769857753,,,False,no_change,0.01631568963263614,0.018072908511372623,0.0,
held_out_both,held_out_both/MCF7__fold0,ridge_no_drug,mae,delta,replicate_half,0.07382907045448323,0.0039054688066282863,1320.0,132,0.0,0.07361027131057378,0.07404844377747094,-64.4523265079608,4.584641599952811,True,no_change,0.018924767641793742,0.018072908511372623,0.0,
held_out_both,held_out_both/MCF7__fold0,ridge_no_drug,pearson_r,absolute,full_pseudobulk,0.8955371138435563,0.011554256198874334,132.0,132,0.0,0.893440238753183,0.8974661065435419,-49.703833907219014,5.918028714067087,True,global_mean_delta,0.9925780135717416,0.9945303961567415,0.0,
held_out_both,held_out_both/MCF7__fold0,ridge_no_drug,pearson_r,absolute,replicate_half,0.8943962374281756,0.011832433117225745,1320.0,132,0.0,0.8936943203074412,0.8950197920639835,-28.99476649297759,3.544355621511937,True,global_mean_delta,0.9911920084832783,0.9945303961567415,0.0,
held_out_both,held_out_both/MCF7__fold0,ridge_no_drug,pearson_r,delta,full_pseudobulk,-0.04938478784871317,0.19780126818046925,132.0,132,0.0,-0.08212109488107087,-0.014360288380475527,-0.4886059050122988,0.508305539301014,True,global_mean_delta,0.1407505936873617,0.5298891194104369,0.0,
held_out_both,held_out_both/MCF7__fold0,ridge_no_drug,pearson_r,delta,replicate_half,-0.03976976024060563,0.18087716066628687,1320.0,132,0.0,-0.04923487696886453,-0.030243191113555147,-0.4119790688230221,0.4483292967282169,True,global_mean_delta,0.1264420059019549,0.5298891194104369,0.0,
held_out_both,held_out_both/MCF7__fold0,ridge_no_drug,pearson_r_de,absolute,full_pseudobulk,0.8721996781993471,0.27973452038153057,97.0,132,35.0,0.8130472079337583,0.9173668398271051,-7.3571334003978714,18.865970182722126,True,global_mean_delta,0.9812873192382394,0.9961147846520095,0.0,
held_out_both,held_out_both/MCF7__fold0,ridge_no_drug,pearson_r_de,absolute,replicate_half,0.8714304779338058,0.27843442827433423,970.0,132,350.0,0.8534321256603458,0.8885508553637329,-6.83220981402895,17.49022727152392,True,global_mean_delta,0.980195355821736,0.9961147846520095,0.0,
held_out_both,held_out_both/MCF7__fold0,ridge_no_drug,pearson_r_de,delta,full_pseudobulk,-0.15029108541198768,0.46966130159513425,97.0,132,35.0,-0.23940043400454045,-0.05811233658908708,-1.223627802731091,1.0392580122317745,True,global_mean_delta,0.40269058009814684,0.8546104075782844,0.0,
held_out_both,held_out_both/MCF7__fold0,ridge_no_drug,pearson_r_de,delta,replicate_half,-0.1342657278028428,0.4611801308006607,970.0,132,350.0,-0.16095141502874166,-0.10323348798088858,-1.0800737596064978,0.9700797240501946,True,global_mean_delta,0.3792060471251244,0.8546104075782844,0.0,
held_out_both,held_out_both/MCF7__fold0,ridge_no_drug,pert_discrimination,absolute,full_pseudobulk,0.48282442748091603,0.2951798573087556,132.0,132,0.0,0.43399693499884345,0.5317574600971547,-0.22809142051289916,0.7824164343214743,True,no_change,0.3967730742539903,0.01950613000231321,0.0,
held_out_both,held_out_both/MCF7__fold0,ridge_no_drug,pert_discrimination,absolute,replicate_half,0.48298056904927134,0.2939334657997523,1320.0,132,0.0,0.4670560085588711,0.4987009888965996,-0.20292987512007693,0.7628928750314178,True,no_change,0.40479412445061297,0.01950613000231321,0.0,
held_out_both,held_out_both/MCF7__fold0,ridge_no_drug,pert_discrimination,delta,full_pseudobulk,0.4970506592643996,0.2932374441193705,132.0,132,0.0,0.4471981263011797,0.5451278047652094,0.005973855596682963,0.5939490563313681,True,no_change,0.5,0.006291926902613925,0.0,
held_out_both,held_out_both/MCF7__fold0,ridge_no_drug,pert_discrimination,delta,replicate_half,0.4970622253065001,0.291433543554601,1320.0,132,0.0,0.48152744043488327,0.5124022669442516,0.005950428711989856,0.5902952765714942,True,no_change,0.5,0.006291926902613925,0.0,
held_out_both,held_out_both/MCF7__fold1,ceiling,direction_acc_de,absolute,full_pseudobulk,0.9994016445022339,0.003375558518011088,740.0,114,400.0,0.999118566181735,0.9996083738332825,1.0,0.547335563099781,True,global_mean_delta,0.9932343885342607,0.9994016445022339,,
held_out_both,held_out_both/MCF7__fold1,ceiling,direction_acc_de,absolute,replicate_half,0.9994016445022339,0.003375558518011088,740.0,114,400.0,0.9991293118956662,0.9996119136479374,1.0,0.5346467698304801,True,global_mean_delta,0.9930880208005862,0.9994016445022339,,
held_out_both,held_out_both/MCF7__fold1,ceiling,direction_acc_de,delta,full_pseudobulk,0.9972283600615116,0.007660764684445097,740.0,114,400.0,0.9966696826708915,0.9977902891191885,1.0,0.022344618670022635,True,global_mean_delta,0.6543822906084348,0.9972283600615116,,
held_out_both,held_out_both/MCF7__fold1,ceiling,direction_acc_de,delta,replicate_half,0.9972283600615116,0.007660764684445097,740.0,114,400.0,0.9966629105265206,0.9977417663110669,1.0,0.02232832879509943,True,global_mean_delta,0.654132163532622,0.9972283600615116,,
held_out_both,held_out_both/MCF7__fold1,ceiling,mae,absolute,full_pseudobulk,0.018642878853458767,0.0035383036816928138,1140.0,114,0.0,0.018447719278043194,0.01884185459906985,,,False,no_change,0.016997477562654878,0.018642878853458767,,
held_out_both,held_out_both/MCF7__fold1,ceiling,mae,absolute,replicate_half,0.018642878853458767,0.0035383036816928138,1140.0,114,0.0,0.018435373223928422,0.018840797591408956,1.0,3.3549125880127186,True,no_change,0.019697542302615494,0.018642878853458767,,
held_out_both,held_out_both/MCF7__fold1,ceiling,mae,delta,full_pseudobulk,0.018642878853458767,0.0035383036816928138,1140.0,114,0.0,0.018453944425166565,0.01885977371645379,,,False,no_change,0.016997477562654878,0.018642878853458767,,
held_out_both,held_out_both/MCF7__fold1,ceiling,mae,delta,replicate_half,0.018642878853458767,0.0035383036816928138,1140.0,114,0.0,0.018440222179784624,0.018859233090087038,1.0,3.3549125880127186,True,no_change,0.019697542302615494,0.018642878853458767,,
held_out_both,held_out_both/MCF7__fold1,ceiling,pearson_r,absolute,full_pseudobulk,0.9940488638940251,0.00269426531111357,1140.0,114,0.0,0.9938982458193113,0.9942088759202143,1.0,0.6674379577667844,True,global_mean_delta,0.9900121361656106,0.9940488638940251,,
held_out_both,held_out_both/MCF7__fold1,ceiling,pearson_r,absolute,replicate_half,0.9940488638940251,0.00269426531111357,1140.0,114,0.0,0.9938970601893743,0.9942022753060812,1.0,0.48999448806317236,True,global_mean_delta,0.9885503014065912,0.9940488638940251,,
held_out_both,held_out_both/MCF7__fold1,ceiling,pearson_r,delta,full_pseudobulk,0.5012280439698135,0.20723656486209172,1140.0,114,0.0,0.4900071474163699,0.5133670909691215,1.0,0.521639873911959,True,global_mean_delta,0.10394904896517053,0.5012280439698135,,
held_out_both,held_out_both/MCF7__fold1,ceiling,pearson_r,delta,replicate_half,0.5012280439698135,0.20723656486209172,1140.0,114,0.0,0.4897552192712003,0.5138410907815494,1.0,0.5096982655609247,True,global_mean_delta,0.09464128693224112,0.5012280439698135,,
held_out_both,held_out_both/MCF7__fold1,ceiling,pearson_r_de,absolute,full_pseudobulk,0.9944242028720721,0.009129394967935878,740.0,114,400.0,0.9937580479719451,0.9950427050041404,1.0,0.2964126229753357,True,global_mean_delta,0.9636245868628189,0.9944242028720721,,
held_out_both,held_out_both/MCF7__fold1,ceiling,pearson_r_de,absolute,replicate_half,0.9944242028720721,0.009129394967935878,740.0,114,400.0,0.9937423398041888,0.9950189589251488,1.0,0.28424998172030785,True,global_mean_delta,0.962306716310828,0.9944242028720721,,
held_out_both,held_out_both/MCF7__fold1,ceiling,pearson_r_de,delta,full_pseudobulk,0.8257891347061834,0.3805494415598811,740.0,114,400.0,0.796010430849222,0.8521963495136425,1.0,0.8521291653190423,True,global_mean_delta,0.3792025642096777,0.8257891347061834,,
held_out_both,held_out_both/MCF7__fold1,ceiling,pearson_r_de,delta,replicate_half,0.8257891347061834,0.3805494415598811,740.0,114,400.0,0.7989367258272205,0.85181059161825,1.0,0.8706497676555606,True,global_mean_delta,0.388702425793822,0.8257891347061834,,
held_out_both,held_out_both/MCF7__fold1,ceiling,pert_discrimination,absolute,full_pseudobulk,0.03314702685918336,0.07218059452769253,1140.0,114,0.0,0.02910883403198261,0.037418490917559395,1.0,0.1908127270071281,True,no_change,0.41142679708119856,0.03314702685918336,,
held_out_both,held_out_both/MCF7__fold1,ceiling,pert_discrimination,absolute,replicate_half,0.03314702685918336,0.07218059452769253,1140.0,114,0.0,0.029233426486570412,0.0369981369352585,1.0,0.18620442540566629,True,no_change,0.4207886974072349,0.03314702685918336,,
held_out_both,held_out_both/MCF7__fold1,ceiling,pert_discrimination,delta,full_pseudobulk,0.011069709672411115,0.043284160136524016,1140.0,114,0.0,0.008647531439217513,0.013941934482223257,1.0,0.088528285100772,True,no_change,0.5,0.011069709672411115,,
held_out_both,held_out_both/MCF7__fold1,ceiling,pert_discrimination,delta,replicate_half,0.011069709672411115,0.043284160136524016,1140.0,114,0.0,0.008514982145629561,0.013647919577705324,1.0,0.088528285100772,True,no_change,0.5,0.011069709672411115,,
held_out_both,held_out_both/MCF7__fold1,global_mean_delta,direction_acc_de,absolute,full_pseudobulk,0.9932343885342607,0.01323550901044311,74.0,114,40.0,0.9902399728907187,0.9959102507017917,0.0,2.1460936726439854,True,global_mean_delta,0.9932343885342607,0.9994016445022339,0.0,
held_out_both,held_out_both/MCF7__fold1,global_mean_delta,direction_acc_de,absolute,replicate_half,0.9930880208005862,0.01317638893875732,740.0,114,400.0,0.9921604576875541,0.9940158400155807,0.0,2.0869772354850133,True,global_mean_delta,0.9930880208005862,0.9994016445022339,0.0,
held_out_both,held_out_both/MCF7__fold1,global_mean_delta,direction_acc_de,delta,full_pseudobulk,0.6543822906084348,0.2143650098629289,74.0,114,40.0,0.6087241639734444,0.703539296920141,0.0,0.6252514727816288,True,global_mean_delta,0.6543822906084348,0.9972283600615116,0.0,
held_out_both,held_out_both/MCF7__fold1,global_mean_delta,direction_acc_de,delta,replicate_half,0.654132163532622,0.21319923270967098,740.0,114,400.0,0.6388457816947718,0.6694394840327663,0.0,0.6213978320558825,True,global_mean_delta,0.654132163532622,0.9972283600615116,0.0,
held_out_both,held_out_both/MCF7__fold1,global_mean_delta,mae,absolute,full_pseudobulk,0.01847859124110865,0.010115147794581197,114.0,114,0.0,0.01679791019240544,0.020554821095449635,,,False,no_change,0.016997477562654878,0.018642878853458767,0.0,
held_out_both,held_out_both/MCF7__fold1,global_mean_delta,mae,absolute,replicate_half,0.020978398737863238,0.009949580711648975,1140.0,114,0.0,0.020400599007500936,0.021528432656922485,-1.2144693515944582,9.433891654825363,True,no_change,0.019697542302615494,0.018642878853458767,0.0,
held_out_both,held_out_both/MCF7__fold1,global_mean_delta,mae,delta,full_pseudobulk,0.01847859124110865,0.010115147794581197,114.0,114,0.0,0.016847680508555184,0.02042273207024563,,,False,no_change,0.016997477562654878,0.018642878853458767,0.0,
held_out_both,held_out_both/MCF7__fold1,global_mean_delta,mae,delta,replicate_half,0.020978398737863238,0.009949580711648975,1140.0,114,0.0,0.020404914810149537,0.02156428282832754,-1.2144693515944582,9.433891654825363,True,no_change,0.019697542302615494,0.018642878853458767,0.0,
held_out_both,held_out_both/MCF7__fold1,global_mean_delta,pearson_r,absolute,full_pseudobulk,0.9900121361656106,0.024924663581382955,114.0,114,0.0,0.9844931384666293,0.9936618090582485,0.0,6.174472309821143,True,global_mean_delta,0.9900121361656106,0.9940488638940251,0.0,
held_out_both,held_out_both/MCF7__fold1,global_mean_delta,pearson_r,absolute,replicate_half,0.9885503014065912,0.024900792107672442,1140.0,114,0.0,0.9869894609884061,0.9899072043596676,0.0,4.528600368656169,True,global_mean_delta,0.9885503014065912,0.9940488638940251,0.0,
held_out_both,held_out_both/MCF7__fold1,global_mean_delta,pearson_r,delta,full_pseudobulk,0.10394904896517053,0.13196793949974223,114.0,114,0.0,0.07923979730286256,0.12719140522537556,0.0,0.3321795039735235,True,global_mean_delta,0.10394904896517053,0.5012280439698135,0.0,
held_out_both,held_out_both/MCF7__fold1,global_mean_delta,pearson_r,delta,replicate_half,0.09464128693224112,0.12565765406610854,1140.0,114,0.0,0.0870289997125396,0.101982129845457,0.0,0.3090549603279298,True,global_mean_delta,0.09464128693224112,0.5012280439698135,0.0,
held_out_both,held_out_both/MCF7__fold1,global_mean_delta,pearson_r_de,absolute,full_pseudobulk,0.9636245868628189,0.06750408443259931,74.0,114,40.0,0.9465575868021344,0.9776830184675014,0.0,2.191718377668051,True,global_mean_delta,0.9636245868628189,0.9944242028720721,0.0,
held_out_both,held_out_both/MCF7__fold1,global_mean_delta,pearson_r_de,absolute,replicate_half,0.962306716310828,0.06844175317426919,740.0,114,400.0,0.9568376297451958,0.9673769966511657,0.0,2.1309809858177755,True,global_mean_delta,0.962306716310828,0.9944242028720721,0.0,
held_out_both,held_out_both/MCF7__fold1,global_mean_delta,pearson_r_de,delta,full_pseudobulk,0.3792025642096777,0.4200402015628829,74.0,114,40.0,0.27884917838807655,0.47213716884634027,0.0,0.9405571714704517,True,global_mean_delta,0.3792025642096777,0.8257891347061834,0.0,
held_out_both,held_out_both/MCF7__fold1,global_mean_delta,pearson_r_de,delta,replicate_half,0.388702425793822,0.39802710047199913,740.0,114,400.0,0.3605804680146258,0.41797279407116333,0.0,0.9106364763697402,True,global_mean_delta,0.388702425793822,0.8257891347061834,0.0,
held_out_both,held_out_both/MCF7__fold1,global_mean_delta,pert_discrimination,absolute,full_pseudobulk,0.4097966154323862,0.33042057209889975,114.0,114,0.0,0.3539007918025151,0.4715164570718832,0.004309460291401731,0.8734820048795457,True,no_change,0.41142679708119856,0.03314702685918336,0.0,
held_out_both,held_out_both/MCF7__fold1,global_mean_delta,pert_discrimination,absolute,replicate_half,0.4200201832013662,0.32273100763090184,1140.0,114,0.0,0.40048866635615593,0.43953598043782016,0.0019825376481898247,0.8325498318450172,True,no_change,0.4207886974072349,0.03314702685918336,0.0,
held_out_both,held_out_both/MCF7__fold1,global_mean_delta,pert_discrimination,delta,full_pseudobulk,0.5,0.29250431647855596,114.0,114,0.0,0.4497748796770687,0.5545742120788698,-0.0,0.5982536207412609,True,no_change,0.5,0.011069709672411115,0.0,
held_out_both,held_out_both/MCF7__fold1,global_mean_delta,pert_discrimination,delta,replicate_half,0.5,0.2913463885337864,1140.0,114,0.0,0.4841460953268126,0.5172057910262381,-0.0,0.595885332321262,True,no_change,0.5,0.011069709672411115,0.0,
held_out_both,held_out_both/MCF7__fold1,nearest_context,direction_acc_de,absolute,full_pseudobulk,0.9932343885342607,0.01323550901044311,74.0,114,40.0,0.9900697822115913,0.9958866205080492,0.0,2.1460936726439854,True,global_mean_delta,0.9932343885342607,0.9994016445022339,1.0,0.0
held_out_both,held_out_both/MCF7__fold1,nearest_context,direction_acc_de,absolute,replicate_half,0.9930880208005862,0.01317638893875732,740.0,114,400.0,0.9922003165193475,0.9940380819365593,0.0,2.0869772354850133,True,global_mean_delta,0.9930880208005862,0.9994016445022339,1.0,0.0
held_out_both,held_out_both/MCF7__fold1,nearest_context,direction_acc_de,delta,full_pseudobulk,0.6543822906084348,0.2143650098629289,74.0,114,40.0,0.6058105985721949,0.7057060545078495,0.0,0.6252514727816288,True,global_mean_delta,0.6543822906084348,0.9972283600615116,1.0,0.0
held_out_both,held_out_both/MCF7__fold1,nearest_context,direction_acc_de,delta,replicate_half,0.654132163532622,0.21319923270967098,740.0,114,400.0,0.6398150680439868,0.669428636325742,0.0,0.6213978320558825,True,global_mean_delta,0.654132163532622,0.9972283600615116,1.0,0.0
held_out_both,held_out_both/MCF7__fold1,nearest_context,mae,absolute,full_pseudobulk,0.01847859124110865,0.010115147794581197,114.0,114,0.0,0.016780208629261304,0.02061616252926288,,,False,no_change,0.016997477562654878,0.018642878853458767,1.0,0.0
held_out_both,held_out_both/MCF7__fold1,nearest_context,mae,absolute,replicate_half,0.020978398737863238,0.009949580711648975,1140.0,114,0.0,0.0203991614781019,0.021566359494348115,-1.2144693515944582,9.433891654825363,True,no_change,0.019697542302615494,0.018642878853458767,1.0,0.0
held_out_both,held_out_both/MCF7__fold1,nearest_context,mae,delta,full_pseudobulk,0.01847859124110865,0.010115147794581197,114.0,114,0.0,0.016791127381945936,0.02025818470120307,,,False,no_change,0.016997477562654878,0.018642878853458767,1.0,0.0
held_out_both,held_out_both/MCF7__fold1,nearest_context,mae,delta,replicate_half,0.020978398737863238,0.009949580711648975,1140.0,114,0.0,0.020389412564561112,0.021537263615721097,-1.2144693515944582,9.433891654825363,True,no_change,0.019697542302615494,0.018642878853458767,1.0,0.0
held_out_both,held_out_both/MCF7__fold1,nearest_context,pearson_r,absolute,full_pseudobulk,0.9900121361656106,0.024924663581382955,114.0,114,0.0,0.9851636988822329,0.9935681709723518,0.0,6.174472309821143,True,global_mean_delta,0.9900121361656106,0.9940488638940251,1.0,0.0
held_out_both,held_out_both/MCF7__fold1,nearest_context,pearson_r,absolute,replicate_half,0.9885503014065912,0.024900792107672442,1140.0,114,0.0,0.9870600933965671,0.9899873855836006,0.0,4.528600368656169,True,global_mean_delta,0.9885503014065912,0.9940488638940251,1.0,0.0
held_out_both,held_out_both/MCF7__fold1,nearest_context,pearson_r,delta,full_pseudobulk,0.10394904896517053,0.13196793949974223,114.0,114,0.0,0.07931664884840949,0.12719754823708027,0.0,0.3321795039735235,True,global_mean_delta,0.10394904896517053,0.5012280439698135,1.0,0.0
held_out_both,held_out_both/MCF7__fold1,nearest_context,pearson_r,delta,replicate_half,0.09464128693224112,0.12565765406610854,1140.0,114,0.0,0.08757455107176855,0.1020933416150263,0.0,0.3090549603279298,True,global_mean_delta,0.09464128693224112,0.5012280439698135,1.0,0.0
held_out_both,held_out_both/MCF7__fold1,nearest_context,pearson_r_de,absolute,full_pseudobulk,0.9636245868628189,0.06750408443259931,74.0,114,40.0,0.9475999665389584,0.9764459039229803,0.0,2.191718377668051,True,global_mean_delta,0.9636245868628189,0.9944242028720721,1.0,0.0
held_out_both,held_out_both/MCF7__fold1,nearest_context,pearson_r_de,absolute,replicate_half,0.962306716310828,0.06844175317426919,740.0,114,400.0,0.95710486643553,0.9667387546295015,0.0,2.1309809858177755,True,global_mean_delta,0.962306716310828,0.9944242028720721,1.0,0.0
held_out_both,held_out_both/MCF7__fold1,nearest_context,pearson_r_de,delta,full_pseudobulk,0.3792025642096777,0.4200402015628829,74.0,114,40.0,0.28562953809485864,0.4678840219157889,0.0,0.9405571714704517,True,global_mean_delta,0.3792025642096777,0.8257891347061834,1.0,0.0
held_out_both,held_out_both/MCF7__fold1,nearest_context,pearson_r_de,delta,replicate_half,0.388702425793822,0.39802710047199913,740.0,114,400.0,0.3585030499741993,0.4152397274277767,0.0,0.9106364763697402,True,global_mean_delta,0.388702425793822,0.8257891347061834,1.0,0.0
held_out_both,held_out_both/MCF7__fold1,nearest_context,pert_discrimination,absolute,full_pseudobulk,0.4097966154323862,0.33042057209889975,114.0,114,0.0,0.3495536407390157,0.46919732960720395,0.004309460291401731,0.8734820048795457,True,no_change,0.41142679708119856,0.03314702685918336,1.0,0.0
held_out_both,held_out_both/MCF7__fold1,nearest_context,pert_discrimination,absolute,replicate_half,0.4200201832013662,0.32273100763090184,1140.0,114,0.0,0.4014757025306629,0.43845113336438446,0.0019825376481898247,0.8325498318450172,True,no_change,0.4207886974072349,0.03314702685918336,1.0,0.0
held_out_both,held_out_both/MCF7__fold1,nearest_context,pert_discrimination,delta,full_pseudobulk,0.5,0.29250431647855596,114.0,114,0.0,0.4455635770843036,0.5527286135693215,-0.0,0.5982536207412609,True,no_change,0.5,0.011069709672411115,1.0,0.0
held_out_both,held_out_both/MCF7__fold1,nearest_context,pert_discrimination,delta,replicate_half,0.5,0.2913463885337864,1140.0,114,0.0,0.4819820291880143,0.5171809501630181,-0.0,0.595885332321262,True,no_change,0.5,0.011069709672411115,1.0,0.0
held_out_both,held_out_both/MCF7__fold1,no_change,direction_acc_de,absolute,full_pseudobulk,0.9984325077903965,0.007077020876653938,74.0,114,40.0,0.9966356071434813,0.9996688086545054,0.8428577122677945,1.1475153477340976,True,global_mean_delta,0.9932343885342607,0.9994016445022339,0.0,
held_out_both,held_out_both/MCF7__fold1,no_change,direction_acc_de,absolute,replicate_half,0.9982838056748057,0.007099894803096979,740.0,114,400.0,0.9977794563180392,0.9987560368493135,0.8229481387786074,1.1245356293952251,True,global_mean_delta,0.9930880208005862,0.9994016445022339,0.0,
held_out_both,held_out_both/MCF7__fold1,no_change,direction_acc_de,delta,full_pseudobulk,0.0,0.0,74.0,114,40.0,0.0,0.0,-1.9086766596225946,0.0,True,global_mean_delta,0.6543822906084348,0.9972283600615116,0.0,
held_out_both,held_out_both/MCF7__fold1,no_change,direction_acc_de,delta,replicate_half,2.0939663535478e-05,0.0002897277577097348,740.0,114,400.0,3.2466997299720537e-06,4.3853242775549394e-05,-1.9064951185316006,0.0008444505087521103,True,global_mean_delta,0.654132163532622,0.9972283600615116,0.0,
held_out_both,held_out_both/MCF7__fold1,no_change,mae,absolute,full_pseudobulk,0.016997477562654878,0.01080323128489695,114.0,114,0.0,0.015305178779096217,0.019266314560387177,,,False,no_change,0.016997477562654878,0.018642878853458767,0.0,
held_out_both,held_out_both/MCF7__fold1,no_change,mae,absolute,replicate_half,0.019697542302615494,0.010553247288920185,1140.0,114,0.0,0.0191031244054282,0.020323222620978208,-0.0,10.006270054545084,True,no_change,0.019697542302615494,0.018642878853458767,0.0,
held_out_both,held_out_both/MCF7__fold1,no_change,mae,delta,full_pseudobulk,0.016997477562654878,0.01080323128489695,114.0,114,0.0,0.015165139061781008,0.019222375376963217,,,False,no_change,0.016997477562654878,0.018642878853458767,0.0,
held_out_both,held_out_both/MCF7__fold1,no_change,mae,delta,replicate_half,0.019697542302615494,0.010553247288920185,1140.0,114,0.0,0.019093186298562558,0.020332764977705003,-0.0,10.006270054545084,True,no_change,0.019697542302615494,0.018642878853458767,0.0,
held_out_both,held_out_both/MCF7__fold1,no_change,pearson_r,absolute,full_pseudobulk,0.9900714216484793,0.026055408583278646,114.0,114,0.0,0.984429001330052,0.9938172185448106,0.014686520086900674,6.454586570175232,True,global_mean_delta,0.9900121361656106,0.9940488638940251,0.0,
held_out_both,held_out_both/MCF7__fold1,no_change,pearson_r,absolute,replicate_half,0.9886073065219774,0.026019556829629708,1140.0,114,0.0,0.987023903417905,0.9901009445891918,0.010367276086518065,4.7320653150878975,True,global_mean_delta,0.9885503014065912,0.9940488638940251,0.0,
held_out_both,held_out_both/MCF7__fold1,no_change,pearson_r,delta,full_pseudobulk,,,0.0,114,114.0,,,,,True,global_mean_delta,0.10394904896517053,0.5012280439698135,0.0,
held_out_both,held_out_both/MCF7__fold1,no_change,pearson_r,delta,replicate_half,,,0.0,114,1140.0,,,,,True,global_mean_delta,0.09464128693224112,0.5012280439698135,0.0,
held_out_both,held_out_both/MCF7__fold1,no_change,pearson_r_de,absolute,full_pseudobulk,0.9618732543373223,0.06896873230250598,74.0,114,40.0,0.9443872407695352,0.9757604708571752,-0.05686215454668281,2.2392724728056863,True,global_mean_delta,0.9636245868628189,0.9944242028720721,0.0,
held_out_both,held_out_both/MCF7__fold1,no_change,pearson_r_de,absolute,replicate_half,0.9604760337399284,0.0698168849077202,740.0,114,400.0,0.9554183181407552,0.9652004960773239,-0.056999559022425025,2.1737966566775984,True,global_mean_delta,0.962306716310828,0.9944242028720721,0.0,
held_out_both,held_out_both/MCF7__fold1,no_change,pearson_r_de,delta,full_pseudobulk,,,0.0,114,114.0,,,,,True,global_mean_delta,0.3792025642096777,0.8257891347061834,0.0,
held_out_both,held_out_both/MCF7__fold1,no_change,pearson_r_de,delta,replicate_half,,,0.0,114,1140.0,,,,,True,global_mean_delta,0.388702425793822,0.8257891347061834,0.0,
held_out_both,held_out_both/MCF7__fold1,no_change,pert_discrimination,absolute,full_pseudobulk,0.41142679708119856,0.32940618110907305,114.0,114,0.0,0.3507141748175749,0.4732262071106971,-0.0,0.8708004155647607,True,no_change,0.41142679708119856,0.03314702685918336,0.0,
held_out_both,held_out_both/MCF7__fold1,no_change,pert_discrimination,absolute,replicate_half,0.4207886974072349,0.323883340520208,1140.0,114,0.0,0.40314663872069556,0.43998757956839,-0.0,0.8355225073256407,True,no_change,0.4207886974072349,0.03314702685918336,0.0,
held_out_both,held_out_both/MCF7__fold1,no_change,pert_discrimination,delta,full_pseudobulk,0.5,0.29250431647855596,114.0,114,0.0,0.4473567768979972,0.5550089271852197,-0.0,0.5982536207412609,True,no_change,0.5,0.011069709672411115,0.0,
held_out_both,held_out_both/MCF7__fold1,no_change,pert_discrimination,delta,replicate_half,0.5,0.2913463885337864,1140.0,114,0.0,0.4841315401335196,0.5181899161620867,-0.0,0.595885332321262,True,no_change,0.5,0.011069709672411115,0.0,
held_out_both,held_out_both/MCF7__fold1,per_drug_mean_delta,direction_acc_de,absolute,full_pseudobulk,0.9932343885342607,0.01323550901044311,74.0,114,40.0,0.9899550788889337,0.9958649212806336,0.0,2.1460936726439854,True,global_mean_delta,0.9932343885342607,0.9994016445022339,1.0,0.0
held_out_both,held_out_both/MCF7__fold1,per_drug_mean_delta,direction_acc_de,absolute,replicate_half,0.9930880208005862,0.01317638893875732,740.0,114,400.0,0.9921196750952282,0.9940621984170677,0.0,2.0869772354850133,True,global_mean_delta,0.9930880208005862,0.9994016445022339,1.0,0.0
held_out_both,held_out_both/MCF7__fold1,per_drug_mean_delta,direction_acc_de,delta,full_pseudobulk,0.6543822906084348,0.2143650098629289,74.0,114,40.0,0.6082932452313765,0.7034734692870591,0.0,0.6252514727816288,True,global_mean_delta,0.6543822906084348,0.9972283600615116,1.0,0.0
held_out_both,held_out_both/MCF7__fold1,per_drug_mean_delta,direction_acc_de,delta,replicate_half,0.654132163532622,0.21319923270967098,740.0,114,400.0,0.6391286346015943,0.6691708033290417,0.0,0.6213978320558825,True,global_mean_delta,0.654132163532622,0.9972283600615116,1.0,0.0
held_out_both,held_out_both/MCF7__fold1,per_drug_mean_delta,mae,absolute,full_pseudobulk,0.01847859124110865,0.010115147794581197,114.0,114,0.0,0.016702256565293144,0.020369840770798054,,,False,no_change,0.016997477562654878,0.018642878853458767,1.0,0.0
held_out_both,held_out_both/MCF7__fold1,per_drug_mean_delta,mae,absolute,replicate_half,0.020978398737863238,0.009949580711648975,1140.0,114,0.0,0.02040334687267535,0.021582919069725436,-1.2144693515944582,9.433891654825363,True,no_change,0.019697542302615494,0.018642878853458767,1.0,0.0
held_out_both,held_out_both/MCF7__fold1,per_drug_mean_delta,mae,delta,full_pseudobulk,0.01847859124110865,0.010115147794581197,114.0,114,0.0,0.01679818306975275,0.02047230326868777,,,False,no_change,0.016997477562654878,0.018642878853458767,1.0,0.0
held_out_both,held_out_both/MCF7__fold1,per_drug_mean_delta,mae,delta,replicate_half,0.020978398737863238,0.009949580711648975,1140.0,114,0.0,0.020438067681888137,0.021582284173637015,-1.2144693515944582,9.433891654825363,True,no_change,0.019697542302615494,0.018642878853458767,1.0,0.0
held_out_both,held_out_both/MCF7__fold1,per_drug_mean_delta,pearson_r,absolute,full_pseudobulk,0.9900121361656106,0.024924663581382955,114.0,114,0.0,0.9846501990992326,0.9934831913493685,0.0,6.174472309821143,True,global_mean_delta,0.9900121361656106,0.9940488638940251,1.0,0.0
held_out_both,held_out_both/MCF7__fold1,per_drug_mean_delta,pearson_r,absolute,replicate_half,0.9885503014065912,0.024900792107672442,1140.0,114,0.0,0.9870925265094584,0.9898864660103134,0.0,4.528600368656169,True,global_mean_delta,0.9885503014065912,0.9940488638940251,1.0,0.0
held_out_both,held_out_both/MCF7__fold1,per_drug_mean_delta,pearson_r,delta,full_pseudobulk,0.10394904896517053,0.13196793949974223,114.0,114,0.0,0.07852178409543736,0.12806957689822246,0.0,0.3321795039735235,True,global_mean_delta,0.10394904896517053,0.5012280439698135,1.0,0.0
held_out_both,held_out_both/MCF7__fold1,per_drug_mean_delta,pearson_r,delta,replicate_half,0.09464128693224112,0.12565765406610854,1140.0,114,0.0,0.08736225445575074,0.10135640383047453,0.0,0.3090549603279298,True,global_mean_delta,0.09464128693224112,0.5012280439698135,1.0,0.0
held_out_both,held_out_both/MCF7__fold1,per_drug_mean_delta,pearson_r_de,absolute,full_pseudobulk,0.9636245868628189,0.06750408443259931,74.0,114,40.0,0.945399442643596,0.9770891047988944,0.0,2.191718377668051,True,global_mean_delta,0.9636245868628189,0.9944242028720721,1.0,0.0
held_out_both,held_out_both/MCF7__fold1,per_drug_mean_delta,pearson_r_de,absolute,replicate_half,0.962306716310828,0.06844175317426919,740.0,114,400.0,0.9573215046598433,0.9672781920897828,0.0,2.1309809858177755,True,global_mean_delta,0.962306716310828,0.9944242028720721,1.0,0.0
held_out_both,held_out_both/MCF7__fold1,per_drug_mean_delta,pearson_r_de,delta,full_pseudobulk,0.3792025642096777,0.4200402015628829,74.0,114,40.0,0.2790224673019865,0.4671210701544785,0.0,0.9405571714704517,True,global_mean_delta,0.3792025642096777,0.8257891347061834,1.0,0.0
held_out_both,held_out_both/MCF7__fold1,per_drug_mean_delta,pearson_r_de,delta,replicate_half,0.388702425793822,0.39802710047199913,740.0,114,400.0,0.3586478475961973,0.41653114948137787,0.0,0.9106364763697402,True,global_mean_delta,0.388702425793822,0.8257891347061834,1.0,0.0
held_out_both,held_out_both/MCF7__fold1,per_drug_mean_delta,pert_discrimination,absolute,full_pseudobulk,0.4097966154323862,0.33042057209889975,114.0,114,0.0,0.34294946436888685,0.46616014594007144,0.004309460291401731,0.8734820048795457,True,no_change,0.41142679708119856,0.03314702685918336,1.0,0.0
held_out_both,held_out_both/MCF7__fold1,per_drug_mean_delta,pert_discrimination,absolute,replicate_half,0.4200201832013662,0.32273100763090184,1140.0,114,0.0,0.40097403353516536,0.43755045800341563,0.0019825376481898247,0.8325498318450172,True,no_change,0.4207886974072349,0.03314702685918336,1.0,0.0
held_out_both,held_out_both/MCF7__fold1,per_drug_mean_delta,pert_discrimination,delta,full_pseudobulk,0.5,0.29250431647855596,114.0,114,0.0,0.44526082906381,0.5541084458934947,-0.0,0.5982536207412609,True,no_change,0.5,0.011069709672411115,1.0,0.0
held_out_both,held_out_both/MCF7__fold1,per_drug_mean_delta,pert_discrimination,delta,replicate_half,0.5,0.2913463885337864,1140.0,114,0.0,0.4832477487967707,0.5169628163328676,-0.0,0.595885332321262,True,no_change,0.5,0.011069709672411115,1.0,0.0
held_out_both,held_out_both/MCF7__fold1,ridge_no_drug,direction_acc_de,absolute,full_pseudobulk,0.940841077533728,0.08353352416302297,74.0,114,40.0,0.9183442251357775,0.9574525983748493,-8.495400754016586,13.544682529283042,True,global_mean_delta,0.9932343885342607,0.9994016445022339,0.0,
held_out_both,held_out_both/MCF7__fold1,ridge_no_drug,direction_acc_de,absolute,replicate_half,0.9407853013366604,0.08303020293772091,740.0,114,400.0,0.9345783246601048,0.9465265117671204,-8.284104649802986,13.150958444997666,True,global_mean_delta,0.9930880208005862,0.9994016445022339,0.0,
held_out_both,held_out_both/MCF7__fold1,ridge_no_drug,direction_acc_de,delta,full_pseudobulk,0.42981492394118603,0.23317102349521204,74.0,114,40.0,0.37875821328617476,0.4802221315796795,-0.655009307895781,0.6801041174751594,True,global_mean_delta,0.6543822906084348,0.9972283600615116,0.0,
held_out_both,held_out_both/MCF7__fold1,ridge_no_drug,direction_acc_de,delta,replicate_half,0.42971099943641883,0.23158416938835305,740.0,114,400.0,0.412610491251986,0.44602617238690057,-0.6541056600646589,0.674983202178556,True,global_mean_delta,0.654132163532622,0.9972283600615116,0.0,
held_out_both,held_out_both/MCF7__fold1,ridge_no_drug,mae,absolute,full_pseudobulk,0.08115737565206833,0.006414564043030215,114.0,114,0.0,0.0801137162431714,0.0824364011066085,,,False,no_change,0.016997477562654878,0.018642878853458767,0.0,
held_out_both,held_out_both/MCF7__fold1,ridge_no_drug,mae,absolute,replicate_half,0.08189049272795249,0.006457762829003177,1140.0,114,0.0,0.08153447959487031,0.08227728601447268,-58.96947549956755,6.123055496202686,True,no_change,0.019697542302615494,0.018642878853458767,0.0,
held_out_both,held_out_both/MCF7__fold1,ridge_no_drug,mae,delta,full_pseudobulk,0.08115737565206833,0.006414564043030215,114.0,114,0.0,0.0801107165464977,0.08249522102882438,,,False,no_change,0.016997477562654878,0.018642878853458767,0.0,
held_out_both,held_out_both/MCF7__fold1,ridge_no_drug,mae,delta,replicate_half,0.08189049272795249,0.006457762829003177,1140.0,114,0.0,0.0815183249212286,0.08226290346497667,-58.96947549956755,6.123055496202686,True,no_change,0.019697542302615494,0.018642878853458767,0.0,
held_out_both,held_out_both/MCF7__fold1,ridge_no_drug,pearson_r,absolute,full_pseudobulk,0.8869291106065216,0.0249253586946675,114.0,114,0.0,0.8818909558375774,0.8906631079669065,-25.53628396423333,6.1746445070391145,True,global_mean_delta,0.9900121361656106,0.9940488638940251,0.0,
held_out_both,held_out_both/MCF7__fold1,ridge_no_drug,pearson_r,absolute,replicate_half,0.885627782144526,0.024873549586820354,1140.0,114,0.0,0.8840378276568323,0.8869005852809236,-18.718077587965432,4.523645888114328,True,global_mean_delta,0.9885503014065912,0.9940488638940251,0.0,
held_out_both,held_out_both/MCF7__fold1,ridge_no_drug,pearson_r,delta,full_pseudobulk,-0.05470884337655517,0.1764990768357338,114.0,114,0.0,-0.08665380810984359,-0.024102823568029372,-0.3993613917087952,0.44426984324623325,True,global_mean_delta,0.10394904896517053,0.5012280439698135,0.0,
held_out_both,held_out_both/MCF7__fold1,ridge_no_drug,pearson_r,delta,replicate_half,-0.04587937296410784,0.16010014664293118,1140.0,114,0.0,-0.05509333211091678,-0.0357098595044655,-0.3456105184541551,0.39376625989846603,True,global_mean_delta,0.09464128693224112,0.5012280439698135,0.0,
held_out_both,held_out_both/MCF7__fold1,ridge_no_drug,pearson_r_de,absolute,full_pseudobulk,0.9148433395350405,0.09225172283994862,74.0,114,40.0,0.8938574851511342,0.9337079607964023,-1.5838264773535815,2.9952231486338423,True,global_mean_delta,0.9636245868628189,0.9944242028720721,0.0,
held_out_both,held_out_both/MCF7__fold1,ridge_no_drug,pearson_r_de,absolute,replicate_half,0.913404445184414,0.09321258293048951,740.0,114,400.0,0.9065356453532404,0.9202303689747375,-1.522605793985881,2.902237781052526,True,global_mean_delta,0.962306716310828,0.9944242028720721,0.0,
held_out_both,held_out_both/MCF7__fold1,ridge_no_drug,pearson_r_de,delta,full_pseudobulk,-0.11646912277096708,0.530230050177902,74.0,114,40.0,-0.2404485323051307,0.0004466344209494179,-1.1099117611834302,1.187295107392959,True,global_mean_delta,0.3792025642096777,0.8257891347061834,0.0,
held_out_both,held_out_both/MCF7__fold1,ridge_no_drug,pearson_r_de,delta,replicate_half,-0.13021705971662323,0.5158985000839581,740.0,114,400.0,-0.16707234136617355,-0.09475626573923521,-1.1872232097876303,1.1803115710557992,True,global_mean_delta,0.388702425793822,0.8257891347061834,0.0,
held_out_both,held_out_both/MCF7__fold1,ridge_no_drug,pert_discrimination,absolute,full_pseudobulk,0.48400869430212695,0.2918944623529703,114.0,114,0.0,0.4319185685452569,0.5358018941158205,-0.19187358916478547,0.7716364588612689,True,no_change,0.41142679708119856,0.03314702685918336,0.0,
held_out_both,held_out_both/MCF7__fold1,ridge_no_drug,pert_discrimination,absolute,replicate_half,0.4831392640894271,0.2918789956153195,1140.0,114,0.0,0.46842066449309117,0.5002024142213942,-0.16084588272989422,0.7529608341710481,True,no_change,0.4207886974072349,0.03314702685918336,0.0,
held_out_both,held_out_both/MCF7__fold1,ridge_no_drug,pert_discrimination,delta,full_pseudobulk,0.49673963670237536,0.29154614624568465,114.0,114,0.0,0.44340746778450546,0.5503823164104952,0.00666836021846827,0.5962938930421868,True,no_change,0.5,0.011069709672411115,0.0,
held_out_both,held_out_both/MCF7__fold1,ridge_no_drug,pert_discrimination,delta,replicate_half,0.4977099829219065,0.2907872029543881,1140.0,114,0.0,0.48223063188945814,0.5145414143766497,0.00468372920106703,0.5947416404893985,True,no_change,0.5,0.011069709672411115,0.0,
held_out_both,held_out_both/MCF7__fold2,ceiling,direction_acc_de,absolute,full_pseudobulk,0.9990450290767365,0.0016093497425603632,990.0,176,770.0,0.9989384272207427,0.9991422041234704,1.0,0.2892836565849849,True,global_mean_delta,0.9934818052100347,0.9990450290767365,,
held_out_both,held_out_both/MCF7__fold2,ceiling,direction_acc_de,absolute,replicate_half,0.9990450290767365,0.0016093497425603632,990.0,176,770.0,0.9989462067432394,0.999148655594584,1.0,0.27950228043781417,True,global_mean_delta,0.9932871163325562,0.9990450290767365,,
held_out_both,held_out_both/MCF7__fold2,ceiling,direction_acc_de,delta,full_pseudobulk,0.9977586197828486,0.007411255038306799,990.0,176,770.0,0.9972321380063184,0.9981269836376098,1.0,0.0222734886675442,True,global_mean_delta,0.6650197682752218,0.9977586197828486,,
held_out_both,held_out_both/MCF7__fold2,ceiling,direction_acc_de,delta,replicate_half,0.9977586197828486,0.007411255038306799,990.0,176,770.0,0.9972179270043028,0.998138526112371,1.0,0.022279145069468795,True,global_mean_delta,0.6651042465922392,0.9977586197828486,,
held_out_both,held_out_both/MCF7__fold2,ceiling,mae,absolute,full_pseudobulk,0.017558183176074514,0.002024696873662642,1760.0,176,0.0,0.017467591058058604,0.017655422554219646,1.0,0.41376979245930534,True,no_change,0.022451476283888258,0.017558183176074514,,
held_out_both,held_out_both/MCF7__fold2,ceiling,mae,absolute,replicate_half,0.017558183176074514,0.002024696873662642,1760.0,176,0.0,0.017462288411816542,0.017653841074389925,1.0,0.28019792626874407,True,no_change,0.024784135561320614,0.017558183176074514,,
held_out_both,held_out_both/MCF7__fold2,ceiling,mae,delta,full_pseudobulk,0.017558183176074514,0.002024696873662642,1760.0,176,0.0,0.017454668408726164,0.017647862723295608,1.0,0.41376979245930534,True,no_change,0.022451476283888258,0.017558183176074514,,
held_out_both,held_out_both/MCF7__fold2,ceiling,mae,delta,replicate_half,0.017558183176074514,0.002024696873662642,1760.0,176,0.0,0.0174715399896916,0.01765267899535835,1.0,0.28019792626874407,True,no_change,0.024784135561320614,0.017558183176074514,,
held_out_both,held_out_both/MCF7__fold2,ceiling,pearson_r,absolute,full_pseudobulk,0.9949310877621156,0.0013347728171211443,1760.0,176,0.0,0.9948709112495311,0.9949913670042024,1.0,0.07682644546425156,True,global_mean_delta,0.9775572159259881,0.9949310877621156,,
held_out_both,held_out_both/MCF7__fold2,ceiling,pearson_r,absolute,replicate_half,0.9949310877621156,0.0013347728171211443,1760.0,176,0.0,0.9948665281119491,0.9949917370333411,1.0,0.07169058297306381,True,global_mean_delta,0.9763125640764782,0.9949310877621156,,
held_out_both,held_out_both/MCF7__fold2,ceiling,pearson_r,delta,full_pseudobulk,0.5518520981926143,0.27438104124830986,1760.0,176,0.0,0.5387482235122251,0.565320901025784,1.0,0.6574089008562943,True,global_mean_delta,0.13448470190254191,0.5518520981926143,,
held_out_both,held_out_both/MCF7__fold2,ceiling,pearson_r,delta,replicate_half,0.5518520981926143,0.27438104124830986,1760.0,176,0.0,0.5395728746525668,0.5647872807285704,1.0,0.6440350696205884,True,global_mean_delta,0.12581778082236267,0.5518520981926143,,
held_out_both,held_out_both/MCF7__fold2,ceiling,pearson_r_de,absolute,full_pseudobulk,0.9967511263942147,0.003364187949767147,990.0,176,770.0,0.9965482776022319,0.996955105457686,1.0,0.06202000738669269,True,global_mean_delta,0.9425075348255851,0.9967511263942147,,
held_out_both,held_out_both/MCF7__fold2,ceiling,pearson_r_de,absolute,replicate_half,0.9967511263942147,0.003364187949767147,990.0,176,770.0,0.9965455883746057,0.9969506915019102,1.0,0.06128102073729871,True,global_mean_delta,0.9418534123990636,0.9967511263942147,,
held_out_both,held_out_both/MCF7__fold2,ceiling,pearson_r_de,delta,full_pseudobulk,0.886864730768095,0.2939408853849551,990.0,176,770.0,0.8686630587011117,0.9036290737436602,1.0,0.5903394879789254,True,global_mean_delta,0.38894634419482804,0.886864730768095,,
held_out_both,held_out_both/MCF7__fold2,ceiling,pearson_r_de,delta,replicate_half,0.886864730768095,0.2939408853849551,990.0,176,770.0,0.8661201526501267,0.9035494925461675,1.0,0.5938237983940098,True,global_mean_delta,0.3918679216474179,0.886864730768095,,
held_out_both,held_out_both/MCF7__fold2,ceiling,pert_discrimination,absolute,full_pseudobulk,0.023110389610389612,0.05429781707671637,1760.0,176,0.0,0.020506006493506493,0.025568587662337668,1.0,0.14198882392580056,True,no_change,0.40551948051948056,0.023110389610389612,,
held_out_both,held_out_both/MCF7__fold2,ceiling,pert_discrimination,absolute,replicate_half,0.023110389610389612,0.05429781707671637,1760.0,176,0.0,0.020580681818181817,0.025782467532467532,1.0,0.1389013925218326,True,no_change,0.4140194805194805,0.023110389610389612,,
held_out_both,held_out_both/MCF7__fold2,ceiling,pert_discrimination,delta,full_pseudobulk,0.007279220779220779,0.030516432307941016,1760.0,176,0.0,0.005944642857142857,0.008789366883116883,1.0,0.0619345349230079,True,no_change,0.5,0.007279220779220779,,
held_out_both,held_out_both/MCF7__fold2,ceiling,pert_discrimination,delta,replicate_half,0.007279220779220779,0.030516432307941016,1760.0,176,0.0,0.0059413149350649366,0.008818344155844156,1.0,0.0619345349230079,True,no_change,0.5,0.007279220779220779,,
held_out_both,held_out_both/MCF7__fold2,global_mean_delta,direction_acc_de,absolute,full_pseudobulk,0.9934818052100347,0.01090381587933351,99.0,176,77.0,0.9913288179782695,0.9954583699739135,0.0,1.9599815036380814,True,global_mean_delta,0.9934818052100347,0.9990450290767365,0.0,
held_out_both,held_out_both/MCF7__fold2,global_mean_delta,direction_acc_de,absolute,replicate_half,0.9932871163325562,0.01094298530639588,990.0,176,770.0,0.9925650679924971,0.993966414097195,0.0,1.900512528165033,True,global_mean_delta,0.9932871163325562,0.9990450290767365,0.0,
held_out_both,held_out_both/MCF7__fold2,global_mean_delta,direction_acc_de,delta,full_pseudobulk,0.6650197682752218,0.19732202499585405,99.0,176,77.0,0.6250221222991008,0.7027054841753454,0.0,0.5930237004239078,True,global_mean_delta,0.6650197682752218,0.9977586197828486,0.0,
held_out_both,held_out_both/MCF7__fold2,global_mean_delta,direction_acc_de,delta,replicate_half,0.6651042465922392,0.1961742871531248,990.0,176,770.0,0.6524755784219365,0.6772033019701659,0.0,0.5897240588528738,True,global_mean_delta,0.6651042465922392,0.9977586197828486,0.0,
held_out_both,held_out_both/MCF7__fold2,global_mean_delta,mae,absolute,full_pseudobulk,0.02321995968298451,0.01832699092332679,176.0,176,0.0,0.0205903023516459,0.026010544953439067,-0.15704830717561505,3.7453286609914604,True,no_change,0.022451476283888258,0.017558183176074514,0.0,
held_out_both,held_out_both/MCF7__fold2,global_mean_delta,mae,absolute,replicate_half,0.025416902121715785,0.01766680119765265,1760.0,176,0.0,0.024638077772506043,0.02621273190311329,-0.08756860364692542,2.4449097164997386,True,no_change,0.024784135561320614,0.017558183176074514,0.0,
held_out_both,held_out_both/MCF7__fold2,global_mean_delta,mae,delta,full_pseudobulk,0.02321995968298451,0.01832699092332679,176.0,176,0.0,0.02046675254504188,0.02593585360653937,-0.15704830717561505,3.7453286609914604,True,no_change,0.022451476283888258,0.017558183176074514,0.0,
held_out_both,held_out_both/MCF7__fold2,global_mean_delta,mae,delta,replicate_half,0.025416902121715785,0.01766680119765265,1760.0,176,0.0,0.024610984017156858,0.02624579184984333,-0.08756860364692542,2.4449097164997386,True,no_change,0.024784135561320614,0.017558183176074514,0.0,
held_out_both,held_out_both/MCF7__fold2,global_mean_delta,pearson_r,absolute,full_pseudobulk,0.9775572159259881,0.04322806194455147,176.0,176,0.0,0.9704194538578748,0.9838534800036175,0.0,2.488107564754933,True,global_mean_delta,0.9775572159259881,0.9949310877621156,0.0,
held_out_both,held_out_both/MCF7__fold2,global_mean_delta,pearson_r,absolute,replicate_half,0.9763125640764782,0.04308330882001405,1760.0,176,0.0,0.9743554971296369,0.9783386655911679,0.0,2.314002417562734,True,global_mean_delta,0.9763125640764782,0.9949310877621156,0.0,
held_out_both,held_out_both/MCF7__fold2,global_mean_delta,pearson_r,delta,full_pseudobulk,0.13448470190254191,0.14996039539033923,176.0,176,0.0,0.11331053105770636,0.1557492796473851,0.0,0.35930069459981495,True,global_mean_delta,0.13448470190254191,0.5518520981926143,0.0,
held_out_both,held_out_both/MCF7__fold2,global_mean_delta,pearson_r,delta,replicate_half,0.12581778082236267,0.1389365106664288,1760.0,176,0.0,0.11983453387746393,0.13236005896733127,0.0,0.32611577284203586,True,global_mean_delta,0.12581778082236267,0.5518520981926143,0.0,
held_out_both,held_out_both/MCF7__fold2,global_mean_delta,pearson_r_de,absolute,full_pseudobulk,0.9425075348255851,0.07235275113198872,99.0,176,77.0,0.9278907896198848,0.9558620235982588,0.0,1.3338488296898123,True,global_mean_delta,0.9425075348255851,0.9967511263942147,0.0,
held_out_both,held_out_both/MCF7__fold2,global_mean_delta,pearson_r_de,absolute,replicate_half,0.9418534123990636,0.07234782398787869,990.0,176,770.0,0.9374729111386609,0.9460668826262313,0.0,1.3178658767880371,True,global_mean_delta,0.9418534123990636,0.9967511263942147,0.0,
held_out_both,held_out_both/MCF7__fold2,global_mean_delta,pearson_r_de,delta,full_pseudobulk,0.38894634419482804,0.41264934932299857,99.0,176,77.0,0.30732536212341094,0.4694519093795369,0.0,0.8287489686068836,True,global_mean_delta,0.38894634419482804,0.886864730768095,0.0,
held_out_both,held_out_both/MCF7__fold2,global_mean_delta,pearson_r_de,delta,replicate_half,0.3918679216474179,0.3958622988360363,990.0,176,770.0,0.36623558077434987,0.4179482743209393,0.0,0.7997269710470549,True,global_mean_delta,0.3918679216474179,0.886864730768095,0.0,
held_out_both,held_out_both/MCF7__fold2,global_mean_delta,pert_discrimination,absolute,full_pseudobulk,0.40363636363636357,0.33743266057698934,176.0,176,0.0,0.35272646103896105,0.4529561688311688,0.004924351768521776,0.882386607951238,True,no_change,0.40551948051948056,0.023110389610389612,0.0,
held_out_both,held_out_both/MCF7__fold2,global_mean_delta,pert_discrimination,absolute,replicate_half,0.41315584415584417,0.33187672048086414,1760.0,176,0.0,0.39827889610389605,0.42921250000000005,0.002209302325581346,0.8489869593696525,True,no_change,0.4140194805194805,0.023110389610389612,0.0,
held_out_both,held_out_both/MCF7__fold2,global_mean_delta,pert_discrimination,delta,full_pseudobulk,0.5,0.29114832463673135,176.0,176,0.0,0.4591176948051948,0.5455868506493505,-0.0,0.5908992210500484,True,no_change,0.5,0.007279220779220779,0.0,
held_out_both,held_out_both/MCF7__fold2,global_mean_delta,pert_discrimination,delta,replicate_half,0.5,0.29040253291178236,1760.0,176,0.0,0.4859762175324675,0.5128335227272728,-0.0,0.5893856016607294,True,no_change,0.5,0.007279220779220779,0.0,
held_out_both,held_out_both/MCF7__fold2,nearest_context,direction_acc_de,absolute,full_pseudobulk,0.9934818052100347,0.01090381587933351,99.0,176,77.0,0.9913214997874494,0.9954640804042664,0.0,1.9599815036380814,True,global_mean_delta,0.9934818052100347,0.9990450290767365,1.0,0.0
held_out_both,held_out_both/MCF7__fold2,nearest_context,direction_acc_de,absolute,replicate_half,0.9932871163325562,0.01094298530639588,990.0,176,770.0,0.9925914459332533,0.993963089186938,0.0,1.900512528165033,True,global_mean_delta,0.9932871163325562,0.9990450290767365,1.0,0.0
held_out_both,held_out_both/MCF7__fold2,nearest_context,direction_acc_de,delta,full_pseudobulk,0.6650197682752218,0.19732202499585405,99.0,176,77.0,0.625664301894337,0.7032608039394124,0.0,0.5930237004239078,True,global_mean_delta,0.6650197682752218,0.9977586197828486,1.0,0.0
held_out_both,held_out_both/MCF7__fold2,nearest_context,direction_acc_de,delta,replicate_half,0.6651042465922392,0.1961742871531248,990.0,176,770.0,0.6524507614209625,0.6768922341357009,0.0,0.5897240588528738,True,global_mean_delta,0.6651042465922392,0.9977586197828486,1.0,0.0
held_out_both,held_out_both/MCF7__fold2,nearest_context,mae,absolute,full_pseudobulk,0.02321995968298451,0.01832699092332679,176.0,176,0.0,0.020765175202200524,0.02588205155327353,-0.15704830717561505,3.7453286609914604,True,no_change,0.022451476283888258,0.017558183176074514,1.0,0.0
held_out_both,held_out_both/MCF7__fold2,nearest_context,mae,absolute,replicate_half,0.025416902121715785,0.01766680119765265,1760.0,176,0.0,0.024550419410313332,0.02623843750811085,-0.08756860364692542,2.4449097164997386,True,no_change,0.024784135561320614,0.017558183176074514,1.0,0.0
held_out_both,held_out_both/MCF7__fold2,nearest_context,mae,delta,full_pseudobulk,0.02321995968298451,0.01832699092332679,176.0,176,0.0,0.020525423597355267,0.02598817793030721,-0.15704830717561505,3.7453286609914604,True,no_change,0.022451476283888258,0.017558183176074514,1.0,0.0
held_out_both,held_out_both/MCF7__fold2,nearest_context,mae,delta,replicate_half,0.025416902121715785,0.01766680119765265,1760.0,176,0.0,0.02462633971591326,0.026325901305367685,-0.08756860364692542,2.4449097164997386,True,no_change,0.024784135561320614,0.017558183176074514,1.0,0.0
held_out_both,held_out_both/MCF7__fold2,nearest_context,pearson_r,absolute,full_pseudobulk,0.9775572159259881,0.04322806194455147,176.0,176,0.0,0.9712328421637806,0.9836987370993796,0.0,2.488107564754933,True,global_mean_delta,0.9775572159259881,0.9949310877621156,1.0,0.0
held_out_both,held_out_both/MCF7__fold2,nearest_context,pearson_r,absolute,replicate_half,0.9763125640764782,0.04308330882001405,1760.0,176,0.0,0.974279913744358,0.9784360523672877,0.0,2.314002417562734,True,global_mean_delta,0.9763125640764782,0.9949310877621156,1.0,0.0
held_out_both,held_out_both/MCF7__fold2,nearest_context,pearson_r,delta,full_pseudobulk,0.13448470190254191,0.14996039539033923,176.0,176,0.0,0.11192814203820066,0.15854719790797103,0.0,0.35930069459981495,True,global_mean_delta,0.13448470190254191,0.5518520981926143,1.0,0.0
held_out_both,held_out_both/MCF7__fold2,nearest_context,pearson_r,delta,replicate_half,0.12581778082236267,0.1389365106664288,1760.0,176,0.0,0.11947270043375444,0.13261487932821028,0.0,0.32611577284203586,True,global_mean_delta,0.12581778082236267,0.5518520981926143,1.0,0.0
held_out_both,held_out_both/MCF7__fold2,nearest_context,pearson_r_de,absolute,full_pseudobulk,0.9425075348255851,0.07235275113198872,99.0,176,77.0,0.9283658057984473,0.9559147676268286,0.0,1.3338488296898123,True,global_mean_delta,0.9425075348255851,0.9967511263942147,1.0,0.0
held_out_both,held_out_both/MCF7__fold2,nearest_context,pearson_r_de,absolute,replicate_half,0.9418534123990636,0.07234782398787869,990.0,176,770.0,0.9371844507708126,0.946305460380486,0.0,1.3178658767880371,True,global_mean_delta,0.9418534123990636,0.9967511263942147,1.0,0.0
held_out_both,held_out_both/MCF7__fold2,nearest_context,pearson_r_de,delta,full_pseudobulk,0.38894634419482804,0.41264934932299857,99.0,176,77.0,0.30526306140940496,0.4695559112560531,0.0,0.8287489686068836,True,global_mean_delta,0.38894634419482804,0.886864730768095,1.0,0.0
held_out_both,held_out_both/MCF7__fold2,nearest_context,pearson_r_de,delta,replicate_half,0.3918679216474179,0.3958622988360363,990.0,176,770.0,0.3667155798275656,0.4179419885060024,0.0,0.7997269710470549,True,global_mean_delta,0.3918679216474179,0.886864730768095,1.0,0.0
held_out_both,held_out_both/MCF7__fold2,nearest_context,pert_discrimination,absolute,full_pseudobulk,0.40363636363636357,0.33743266057698934,176.0,176,0.0,0.35648944805194804,0.45313311688311697,0.004924351768521776,0.882386607951238,True,no_change,0.40551948051948056,0.023110389610389612,1.0,0.0
held_out_both,held_out_both/MCF7__fold2,nearest_context,pert_discrimination,absolute,replicate_half,0.41315584415584417,0.33187672048086414,1760.0,176,0.0,0.3974346590909091,0.4282477272727273,0.002209302325581346,0.8489869593696525,True,no_change,0.4140194805194805,0.023110389610389612,1.0,0.0
held_out_both,held_out_both/MCF7__fold2,nearest_context,pert_discrimination,delta,full_pseudobulk,0.5,0.29114832463673135,176.0,176,0.0,0.4559147727272727,0.5428262987012986,-0.0,0.5908992210500484,True,no_change,0.5,0.007279220779220779,1.0,0.0
held_out_both,held_out_both/MCF7__fold2,nearest_context,pert_discrimination,delta,replicate_half,0.5,0.29040253291178236,1760.0,176,0.0,0.488200487012987,0.5134092532467532,-0.0,0.5893856016607294,True,no_change,0.5,0.007279220779220779,1.0,0.0
held_out_both,held_out_both/MCF7__fold2,no_change,direction_acc_de,absolute,full_pseudobulk,0.9990836959726913,0.0017950153850158394,99.0,176,77.0,0.9987463652860865,0.9993912351403965,1.0069504475967994,0.32265740657314573,True,global_mean_delta,0.9934818052100347,0.9990450290767365,0.0,
held_out_both,held_out_both/MCF7__fold2,no_change,direction_acc_de,absolute,replicate_half,0.9989242677566176,0.001960343240529842,990.0,176,770.0,0.9987974507346895,0.999042142841375,0.9790268929932966,0.3404607411793798,True,global_mean_delta,0.9932871163325562,0.9990450290767365,0.0,
held_out_both,held_out_both/MCF7__fold2,no_change,direction_acc_de,delta,full_pseudobulk,0.0,0.0,99.0,176,77.0,0.0,0.0,-1.9986237412975463,0.0,True,global_mean_delta,0.6650197682752218,0.9977586197828486,0.0,
held_out_both,held_out_both/MCF7__fold2,no_change,direction_acc_de,delta,replicate_half,3.968956770543963e-05,0.00024042341455762998,990.0,176,770.0,2.4940661535155612e-05,5.512483661691928e-05,-1.999265936730839,0.0007227423834884277,True,global_mean_delta,0.6651042465922392,0.9977586197828486,0.0,
held_out_both,held_out_both/MCF7__fold2,no_change,mae,absolute,full_pseudobulk,0.022451476283888258,0.019045151456824016,176.0,176,0.0,0.019568815123720194,0.02544043628374922,-0.0,3.892092919267844,True,no_change,0.022451476283888258,0.017558183176074514,0.0,
held_out_both,held_out_both/MCF7__fold2,no_change,mae,absolute,replicate_half,0.024784135561320614,0.01830303526088136,1760.0,176,0.0,0.0239423004624966,0.025608730802844926,-0.0,2.5329581880794527,True,no_change,0.024784135561320614,0.017558183176074514,0.0,
held_out_both,held_out_both/MCF7__fold2,no_change,mae,delta,full_pseudobulk,0.022451476283888258,0.019045151456824016,176.0,176,0.0,0.01965948626999628,0.02500036960724091,-0.0,3.892092919267844,True,no_change,0.022451476283888258,0.017558183176074514,0.0,
held_out_both,held_out_both/MCF7__fold2,no_change,mae,delta,replicate_half,0.024784135561320614,0.01830303526088136,1760.0,176,0.0,0.023980081130261274,0.025622776540074988,-0.0,2.5329581880794527,True,no_change,0.024784135561320614,0.017558183176074514,0.0,
held_out_both,held_out_both/MCF7__fold2,no_change,pearson_r,absolute,full_pseudobulk,0.9770801626748458,0.044438684450877466,176.0,176,0.0,0.9707411321730663,0.983283343875383,-0.02745808508557906,2.5577882046114215,True,global_mean_delta,0.9775572159259881,0.9949310877621156,0.0,
held_out_both,held_out_both/MCF7__fold2,no_change,pearson_r,absolute,replicate_half,0.9758343432929758,0.04428844335547237,1760.0,176,0.0,0.9736839961147884,0.9777505846749869,-0.025685214981424835,2.3787301347440906,True,global_mean_delta,0.9763125640764782,0.9949310877621156,0.0,
held_out_both,held_out_both/MCF7__fold2,no_change,pearson_r,delta,full_pseudobulk,,,0.0,176,176.0,,,,,True,global_mean_delta,0.13448470190254191,0.5518520981926143,0.0,
held_out_both,held_out_both/MCF7__fold2,no_change,pearson_r,delta,replicate_half,,,0.0,176,1760.0,,,,,True,global_mean_delta,0.12581778082236267,0.5518520981926143,0.0,
held_out_both,held_out_both/MCF7__fold2,no_change,pearson_r_de,absolute,full_pseudobulk,0.9395289117104004,0.07457761915522053,99.0,176,77.0,0.9255076697494984,0.9534513491423616,-0.054911981840585225,1.3748650669796474,True,global_mean_delta,0.9425075348255851,0.9967511263942147,0.0,
held_out_both,held_out_both/MCF7__fold2,no_change,pearson_r_de,absolute,replicate_half,0.9388836556628435,0.07451960195912224,990.0,176,770.0,0.9341802176245778,0.9436675403703002,-0.054096182155825984,1.3574263213529125,True,global_mean_delta,0.9418534123990636,0.9967511263942147,0.0,
held_out_both,held_out_both/MCF7__fold2,no_change,pearson_r_de,delta,full_pseudobulk,,,0.0,176,176.0,,,,,True,global_mean_delta,0.38894634419482804,0.886864730768095,0.0,
held_out_both,held_out_both/MCF7__fold2,no_change,pearson_r_de,delta,replicate_half,,,0.0,176,1760.0,,,,,True,global_mean_delta,0.3918679216474179,0.886864730768095,0.0,
held_out_both,held_out_both/MCF7__fold2,no_change,pert_discrimination,absolute,full_pseudobulk,0.40551948051948056,0.339471665086744,176.0,176,0.0,0.3561956168831169,0.45957711038961035,-0.0,0.8877186059560641,True,no_change,0.40551948051948056,0.023110389610389612,0.0,
held_out_both,held_out_both/MCF7__fold2,no_change,pert_discrimination,absolute,replicate_half,0.4140194805194805,0.33345861480162015,1760.0,176,0.0,0.3969413961038961,0.43104926948051947,-0.0,0.8530336657715865,True,no_change,0.4140194805194805,0.023110389610389612,0.0,
held_out_both,held_out_both/MCF7__fold2,no_change,pert_discrimination,delta,full_pseudobulk,0.5,0.29114832463673135,176.0,176,0.0,0.4564586038961038,0.5434431818181819,-0.0,0.5908992210500484,True,no_change,0.5,0.007279220779220779,0.0,
held_out_both,held_out_both/MCF7__fold2,no_change,pert_discrimination,delta,replicate_half,0.5,0.29040253291178236,1760.0,176,0.0,0.4875511363636364,0.5131029220779221,-0.0,0.5893856016607294,True,no_change,0.5,0.007279220779220779,0.0,
held_out_both,held_out_both/MCF7__fold2,per_drug_mean_delta,direction_acc_de,absolute,full_pseudobulk,0.9934818052100347,0.01090381587933351,99.0,176,77.0,0.9913830219287925,0.9954564788414244,0.0,1.9599815036380814,True,global_mean_delta,0.9934818052100347,0.9990450290767365,1.0,0.0
held_out_both,held_out_both/MCF7__fold2,per_drug_mean_delta,direction_acc_de,absolute,replicate_half,0.9932871163325562,0.01094298530639588,990.0,176,770.0,0.9926090937753029,0.9939698780719464,0.0,1.900512528165033,True,global_mean_delta,0.9932871163325562,0.9990450290767365,1.0,0.0
held_out_both,held_out_both/MCF7__fold2,per_drug_mean_delta,direction_acc_de,delta,full_pseudobulk,0.6650197682752218,0.19732202499585405,99.0,176,77.0,0.6238431132107211,0.7038844095817838,0.0,0.5930237004239078,True,global_mean_delta,0.6650197682752218,0.9977586197828486,1.0,0.0
held_out_both,held_out_both/MCF7__fold2,per_drug_mean_delta,direction_acc_de,delta,replicate_half,0.6651042465922392,0.1961742871531248,990.0,176,770.0,0.6530595938080701,0.6770823689891545,0.0,0.5897240588528738,True,global_mean_delta,0.6651042465922392,0.9977586197828486,1.0,0.0
held_out_both,held_out_both/MCF7__fold2,per_drug_mean_delta,mae,absolute,full_pseudobulk,0.02321995968298451,0.01832699092332679,176.0,176,0.0,0.020666472019052518,0.0258721852994738,-0.15704830717561505,3.7453286609914604,True,no_change,0.022451476283888258,0.017558183176074514,1.0,0.0
held_out_both,held_out_both/MCF7__fold2,per_drug_mean_delta,mae,absolute,replicate_half,0.025416902121715785,0.01766680119765265,1760.0,176,0.0,0.024573696467620285,0.026238230998335228,-0.08756860364692542,2.4449097164997386,True,no_change,0.024784135561320614,0.017558183176074514,1.0,0.0
held_out_both,held_out_both/MCF7__fold2,per_drug_mean_delta,mae,delta,full_pseudobulk,0.02321995968298451,0.01832699092332679,176.0,176,0.0,0.02063333089478106,0.02595556544237711,-0.15704830717561505,3.7453286609914604,True,no_change,0.022451476283888258,0.017558183176074514,1.0,0.0
held_out_both,held_out_both/MCF7__fold2,per_drug_mean_delta,mae,delta,replicate_half,0.025416902121715785,0.01766680119765265,1760.0,176,0.0,0.02459743840800618,0.026204963395393497,-0.08756860364692542,2.4449097164997386,True,no_change,0.024784135561320614,0.017558183176074514,1.0,0.0
held_out_both,held_out_both/MCF7__fold2,per_drug_mean_delta,pearson_r,absolute,full_pseudobulk,0.9775572159259881,0.04322806194455147,176.0,176,0.0,0.9708687227016985,0.983847460644115,0.0,2.488107564754933,True,global_mean_delta,0.9775572159259881,0.9949310877621156,1.0,0.0
held_out_both,held_out_both/MCF7__fold2,per_drug_mean_delta,pearson_r,absolute,replicate_half,0.9763125640764782,0.04308330882001405,1760.0,176,0.0,0.974291575466353,0.9782971351026284,0.0,2.314002417562734,True,global_mean_delta,0.9763125640764782,0.9949310877621156,1.0,0.0
held_out_both,held_out_both/MCF7__fold2,per_drug_mean_delta,pearson_r,delta,full_pseudobulk,0.13448470190254191,0.14996039539033923,176.0,176,0.0,0.1105979945173927,0.156123928603348,0.0,0.35930069459981495,True,global_mean_delta,0.13448470190254191,0.5518520981926143,1.0,0.0
held_out_both,held_out_both/MCF7__fold2,per_drug_mean_delta,pearson_r,delta,replicate_half,0.12581778082236267,0.1389365106664288,1760.0,176,0.0,0.11949275270660142,0.13213466156268602,0.0,0.32611577284203586,True,global_mean_delta,0.12581778082236267,0.5518520981926143,1.0,0.0
held_out_both,held_out_both/MCF7__fold2,per_drug_mean_delta,pearson_r_de,absolute,full_pseudobulk,0.9425075348255851,0.07235275113198872,99.0,176,77.0,0.927739363821535,0.956196716440831,0.0,1.3338488296898123,True,global_mean_delta,0.9425075348255851,0.9967511263942147,1.0,0.0
held_out_both,held_out_both/MCF7__fold2,per_drug_mean_delta,pearson_r_de,absolute,replicate_half,0.9418534123990636,0.07234782398787869,990.0,176,770.0,0.9375257394362098,0.9461752716915809,0.0,1.3178658767880371,True,global_mean_delta,0.9418534123990636,0.9967511263942147,1.0,0.0
held_out_both,held_out_both/MCF7__fold2,per_drug_mean_delta,pearson_r_de,delta,full_pseudobulk,0.38894634419482804,0.41264934932299857,99.0,176,77.0,0.2989378481996334,0.46509199545807345,0.0,0.8287489686068836,True,global_mean_delta,0.38894634419482804,0.886864730768095,1.0,0.0
held_out_both,held_out_both/MCF7__fold2,per_drug_mean_delta,pearson_r_de,delta,replicate_half,0.3918679216474179,0.3958622988360363,990.0,176,770.0,0.3680993501466035,0.41708915131568,0.0,0.7997269710470549,True,global_mean_delta,0.3918679216474179,0.886864730768095,1.0,0.0
held_out_both,held_out_both/MCF7__fold2,per_drug_mean_delta,pert_discrimination,absolute,full_pseudobulk,0.40363636363636357,0.33743266057698934,176.0,176,0.0,0.3572069805194806,0.45179545454545456,0.004924351768521776,0.882386607951238,True,no_change,0.40551948051948056,0.023110389610389612,1.0,0.0
held_out_both,held_out_both/MCF7__fold2,per_drug_mean_delta,pert_discrimination,absolute,replicate_half,0.41315584415584417,0.33187672048086414,1760.0,176,0.0,0.39877897727272726,0.4282272727272727,0.002209302325581346,0.8489869593696525,True,no_change,0.4140194805194805,0.023110389610389612,1.0,0.0
held_out_both,held_out_both/MCF7__fold2,per_drug_mean_delta,pert_discrimination,delta,full_pseudobulk,0.5,0.29114832463673135,176.0,176,0.0,0.4577126623376624,0.5431712662337662,-0.0,0.5908992210500484,True,no_change,0.5,0.007279220779220779,1.0,0.0
held_out_both,held_out_both/MCF7__fold2,per_drug_mean_delta,pert_discrimination,delta,replicate_half,0.5,0.29040253291178236,1760.0,176,0.0,0.4863868506493506,0.5140594155844156,-0.0,0.5893856016607294,True,no_change,0.5,0.007279220779220779,1.0,0.0
held_out_both,held_out_both/MCF7__fold2,ridge_no_drug,direction_acc_de,absolute,full_pseudobulk,0.9283943191393301,0.06060959651298335,99.0,176,77.0,0.9169453850267433,0.9396755313111554,-11.699598583526331,10.894689475963137,True,global_mean_delta,0.9934818052100347,0.9990450290767365,0.0,
held_out_both,held_out_both/MCF7__fold2,ridge_no_drug,direction_acc_de,absolute,replicate_half,0.9284668438301695,0.06027604109036967,990.0,176,770.0,0.9244279934096135,0.9321831762251469,-11.257598956827161,10.468383903749132,True,global_mean_delta,0.9932871163325562,0.9990450290767365,0.0,
held_out_both,held_out_both/MCF7__fold2,ridge_no_drug,direction_acc_de,delta,full_pseudobulk,0.5148710441901921,0.23942991789696538,99.0,176,77.0,0.4672619748088132,0.561185894529559,-0.45125095372756024,0.7195730730334546,True,global_mean_delta,0.6650197682752218,0.9977586197828486,0.0,
held_out_both,held_out_both/MCF7__fold2,ridge_no_drug,direction_acc_de,delta,replicate_half,0.5150543023381258,0.23830280295658401,990.0,176,770.0,0.49962551354455753,0.5294594209460982,-0.45106860557680245,0.7163675639401187,True,global_mean_delta,0.6651042465922392,0.9977586197828486,0.0,
held_out_both,held_out_both/MCF7__fold2,ridge_no_drug,mae,absolute,full_pseudobulk,0.08218552114386807,0.010505737837893617,176.0,176,0.0,0.08068572587994507,0.0838574767076421,-12.207330226058778,2.146966798518112,True,no_change,0.022451476283888258,0.017558183176074514,0.0,
held_out_both,held_out_both/MCF7__fold2,ridge_no_drug,mae,absolute,replicate_half,0.08280400030519647,0.010428039701122067,1760.0,176,0.0,0.0822717826316781,0.08328734241769786,-8.029372690351575,1.4431370627924378,True,no_change,0.024784135561320614,0.017558183176074514,0.0,
held_out_both,held_out_both/MCF7__fold2,ridge_no_drug,mae,delta,full_pseudobulk,0.08218552114386807,0.010505737837893617,176.0,176,0.0,0.08074387540682673,0.08401287795372221,-12.207330226058778,2.146966798518112,True,no_change,0.022451476283888258,0.017558183176074514,0.0,
held_out_both,held_out_both/MCF7__fold2,ridge_no_drug,mae,delta,replicate_half,0.08280400030519647,0.010428039701122067,1760.0,176,0.0,0.08231369682775676,0.08331859656382874,-8.029372690351575,1.4431370627924378,True,no_change,0.024784135561320614,0.017558183176074514,0.0,
held_out_both,held_out_both/MCF7__fold2,ridge_no_drug,pearson_r,absolute,full_pseudobulk,0.8740813001651269,0.0398864195705589,176.0,176,0.0,0.8678439520575539,0.8797496331912037,-5.955835103243475,2.295770335292706,True,global_mean_delta,0.9775572159259881,0.9949310877621156,0.0,
held_out_both,held_out_both/MCF7__fold2,ridge_no_drug,pearson_r,absolute,replicate_half,0.8729934044831082,0.03976579103937597,1760.0,176,0.0,0.8711811632229083,0.8747652828266307,-5.549267027711312,2.1358186992050183,True,global_mean_delta,0.9763125640764782,0.9949310877621156,0.0,
held_out_both,held_out_both/MCF7__fold2,ridge_no_drug,pearson_r,delta,full_pseudobulk,-0.017325108758358763,0.19120541835328647,176.0,176,0.0,-0.0460142582196327,0.008244138511221032,-0.3637318391669294,0.45812255593725815,True,global_mean_delta,0.13448470190254191,0.5518520981926143,0.0,
held_out_both,held_out_both/MCF7__fold2,ridge_no_drug,pearson_r,delta,replicate_half,-0.012265196959697088,0.17061029416475273,1760.0,176,0.0,-0.02072068964260303,-0.0038848859295465567,-0.3241123359132045,0.40046138822305544,True,global_mean_delta,0.12581778082236267,0.5518520981926143,0.0,
held_out_both,held_out_both/MCF7__fold2,ridge_no_drug,pearson_r_de,absolute,full_pseudobulk,0.8914354251778036,0.09554052511761012,99.0,176,77.0,0.8737227318518745,0.9089041662280043,-0.9415325971394161,1.7613237316104196,True,global_mean_delta,0.9425075348255851,0.9967511263942147,0.0,
held_out_both,held_out_both/MCF7__fold2,ridge_no_drug,pearson_r_de,absolute,replicate_half,0.8907308646145738,0.09580182909934924,990.0,176,770.0,0.8843829526708589,0.8966311324861099,-0.9312327247179224,1.745096874303565,True,global_mean_delta,0.9418534123990636,0.9967511263942147,0.0,
held_out_both,held_out_both/MCF7__fold2,ridge_no_drug,pearson_r_de,delta,full_pseudobulk,0.02004830454362402,0.48502006623708555,99.0,176,77.0,-0.07128247187076543,0.11477479752425056,-0.7408805330327403,0.9740955130720333,True,global_mean_delta,0.38894634419482804,0.886864730768095,0.0,
held_out_both,held_out_both/MCF7__fold2,ridge_no_drug,pearson_r_de,delta,replicate_half,0.012628956961817532,0.47071166257117325,990.0,176,770.0,-0.016303077300895648,0.04175625543049038,-0.7661442613322873,0.9509387816203411,True,global_mean_delta,0.3918679216474179,0.886864730768095,0.0,
held_out_both,held_out_both/MCF7__fold2,ridge_no_drug,pert_discrimination,absolute,full_pseudobulk,0.48636363636363633,0.2931479419609846,176.0,176,0.0,0.4439090909090909,0.5297483766233766,-0.21140751557962997,0.7665820424511661,True,no_change,0.40551948051948056,0.023110389610389612,0.0,
held_out_both,held_out_both/MCF7__fold2,ridge_no_drug,pert_discrimination,absolute,replicate_half,0.48583116883116884,0.29278017505232407,1760.0,176,0.0,0.47252792207792205,0.4989455357142857,-0.18370431893687714,0.7489725408315268,True,no_change,0.4140194805194805,0.023110389610389612,0.0,
held_out_both,held_out_both/MCF7__fold2,ridge_no_drug,pert_discrimination,delta,full_pseudobulk,0.4984090909090909,0.2911683056966324,176.0,176,0.0,0.4548027597402598,0.5410535714285715,0.0032288248395471665,0.5909397735510666,True,no_change,0.5,0.007279220779220779,0.0,
held_out_both,held_out_both/MCF7__fold2,ridge_no_drug,pert_discrimination,delta,replicate_half,0.4985227272727273,0.29015998328943493,1760.0,176,0.0,0.48380470779220786,0.5113251623376623,0.00299819449386521,0.5888933357921556,True,no_change,0.5,0.007279220779220779,0.0,
held_out_both,held_out_both/MCF7__fold3,ceiling,direction_acc_de,absolute,full_pseudobulk,0.999102492998691,0.0026231786894597552,560.0,114,580.0,0.9988645034892061,0.9992945353450593,1.0,0.6952811714302644,True,global_mean_delta,0.9953296615209399,0.999102492998691,,
held_out_both,held_out_both/MCF7__fold3,ceiling,direction_acc_de,absolute,replicate_half,0.999102492998691,0.0026231786894597552,560.0,114,580.0,0.9988802687642302,0.9993212005549292,1.0,0.6811146202937652,True,global_mean_delta,0.9952511901323271,0.999102492998691,,
held_out_both,held_out_both/MCF7__fold3,ceiling,direction_acc_de,delta,full_pseudobulk,0.9962528089156439,0.009700449824594629,560.0,114,580.0,0.9954170010296669,0.997017383692711,1.0,0.024568249890772352,True,global_mean_delta,0.6014159822095608,0.9962528089156439,,
held_out_both,held_out_both/MCF7__fold3,ceiling,direction_acc_de,delta,replicate_half,0.9962528089156439,0.009700449824594629,560.0,114,580.0,0.9953826334892985,0.9969956092659489,1.0,0.024563034536827042,True,global_mean_delta,0.6013321483575655,0.9962528089156439,,
held_out_both,held_out_both/MCF7__fold3,ceiling,mae,absolute,full_pseudobulk,0.017975278892197633,0.00296590556646653,1140.0,114,0.0,0.01780546211945924,0.018148593485909196,,,False,no_change,0.015671819427965823,0.017975278892197633,,
held_out_both,held_out_both/MCF7__fold3,ceiling,mae,absolute,replicate_half,0.017975278892197633,0.00296590556646653,1140.0,114,0.0,0.017814179026174208,0.0181515374884805,1.0,8.824222434061939,True,no_change,0.018311388457502558,0.017975278892197633,,
held_out_both,held_out_both/MCF7__fold3,ceiling,mae,delta,full_pseudobulk,0.017975278892197633,0.00296590556646653,1140.0,114,0.0,0.01779640380836974,0.018154490613579113,,,False,no_change,0.015671819427965823,0.017975278892197633,,
held_out_both,held_out_both/MCF7__fold3,ceiling,mae,delta,replicate_half,0.017975278892197633,0.00296590556646653,1140.0,114,0.0,0.017808001257988863,0.018147035019865875,1.0,8.824222434061939,True,no_change,0.018311388457502558,0.017975278892197633,,
held_out_both,held_out_both/MCF7__fold3,ceiling,pearson_r,absolute,full_pseudobulk,0.994482419360444,0.0022479753087518823,1140.0,114,0.0,0.9943457334508873,0.9946138145745098,1.0,0.7880517134511302,True,global_mean_delta,0.9916298460199112,0.994482419360444,,
held_out_both,held_out_both/MCF7__fold3,ceiling,pearson_r,absolute,replicate_half,0.994482419360444,0.0022479753087518823,1140.0,114,0.0,0.9943594246859223,0.9946049198771759,1.0,0.535725357810635,True,global_mean_delta,0.9902862855094373,0.994482419360444,,
held_out_both,held_out_both/MCF7__fold3,ceiling,pearson_r,delta,full_pseudobulk,0.4717227065395082,0.21171274799411233,1140.0,114,0.0,0.4597982938115153,0.48410776693231367,1.0,0.5353143722905235,True,global_mean_delta,0.07623033989852346,0.4717227065395082,,
held_out_both,held_out_both/MCF7__fold3,ceiling,pearson_r,delta,replicate_half,0.4717227065395082,0.21171274799411233,1140.0,114,0.0,0.4595628625412224,0.48370642377249284,1.0,0.5260594004157162,True,global_mean_delta,0.06927243604380523,0.4717227065395082,,
held_out_both,held_out_both/MCF7__fold3,ceiling,pearson_r_de,absolute,full_pseudobulk,0.997146004997016,0.002939012025160343,560.0,114,580.0,0.9968961642727923,0.9973849710510991,1.0,0.12845350921754375,True,global_mean_delta,0.974266038205428,0.997146004997016,,
held_out_both,held_out_both/MCF7__fold3,ceiling,pearson_r_de,absolute,replicate_half,0.997146004997016,0.002939012025160343,560.0,114,580.0,0.99691899959117,0.9973669177450679,1.0,0.1254529588238673,True,global_mean_delta,0.9737188012649252,0.997146004997016,,
held_out_both,held_out_both/MCF7__fold3,ceiling,pearson_r_de,delta,full_pseudobulk,0.908417674147225,0.2317046088008357,560.0,114,580.0,0.8886982467213739,0.9257960071315466,1.0,0.39506493111127394,True,global_mean_delta,0.3219201377825665,0.908417674147225,,
held_out_both,held_out_both/MCF7__fold3,ceiling,pearson_r_de,delta,replicate_half,0.908417674147225,0.2317046088008357,560.0,114,580.0,0.8900120370180268,0.9260927761908154,1.0,0.3974008102002691,True,global_mean_delta,0.3253675070273623,0.908417674147225,,
held_out_both,held_out_both/MCF7__fold3,ceiling,pert_discrimination,absolute,full_pseudobulk,0.01930600838379134,0.04387045177399403,1140.0,114,0.0,0.016968444340940848,0.02197135537959944,1.0,0.12961015520780478,True,no_change,0.3577860580655177,0.01930600838379134,,
held_out_both,held_out_both/MCF7__fold3,ceiling,pert_discrimination,absolute,replicate_half,0.01930600838379134,0.04387045177399403,1140.0,114,0.0,0.016775151374010245,0.021899161620866327,1.0,0.1256814392546793,True,no_change,0.36836671324328524,0.01930600838379134,,
held_out_both,held_out_both/MCF7__fold3,ceiling,pert_discrimination,delta,full_pseudobulk,0.004851731097655644,0.015433710708105883,1140.0,114,0.0,0.004067691352274492,0.005829840086943021,1.0,0.03116987714067884,True,no_change,0.5,0.004851731097655644,,
held_out_both,held_out_both/MCF7__fold3,ceiling,pert_discrimination,delta,replicate_half,0.004851731097655644,0.015433710708105883,1140.0,114,0.0,0.0040211147337369975,0.005829840086943021,1.0,0.03116987714067884,True,no_change,0.5,0.004851731097655644,,
held_out_both,held_out_both/MCF7__fold3,global_mean_delta,direction_acc_de,absolute,full_pseudobulk,0.9953296615209399,0.009647770763907623,56.0,114,58.0,0.9927759833821086,0.9976836714170786,0.0,2.557169812858554,True,global_mean_delta,0.9953296615209399,0.999102492998691,0.0,
held_out_both,held_out_both/MCF7__fold3,global_mean_delta,direction_acc_de,absolute,replicate_half,0.9952511901323271,0.009640333257909358,560.0,114,580.0,0.9943827930960311,0.9959796173605295,0.0,2.5031355861687774,True,global_mean_delta,0.9952511901323271,0.999102492998691,0.0,
held_out_both,held_out_both/MCF7__fold3,global_mean_delta,direction_acc_de,delta,full_pseudobulk,0.6014159822095608,0.22395070912408385,56.0,114,58.0,0.5422269568168095,0.6564775710299631,0.0,0.567198128382267,True,global_mean_delta,0.6014159822095608,0.9962528089156439,0.0,
held_out_both,held_out_both/MCF7__fold3,global_mean_delta,direction_acc_de,delta,replicate_half,0.6013321483575655,0.2220726615963683,560.0,114,580.0,0.5830900758071905,0.618959984011598,0.0,0.5623222175374375,True,global_mean_delta,0.6013321483575655,0.9962528089156439,0.0,
held_out_both,held_out_both/MCF7__fold3,global_mean_delta,mae,absolute,full_pseudobulk,0.017465827390197235,0.007971342133595396,114.0,114,0.0,0.016111325703970766,0.01900405070830977,,,False,no_change,0.015671819427965823,0.017975278892197633,0.0,
held_out_both,held_out_both/MCF7__fold3,global_mean_delta,mae,absolute,replicate_half,0.019877460020581494,0.007882636346495386,1140.0,114,0.0,0.019443080980912665,0.020386111239584153,-4.659407897713843,23.452579635286774,True,no_change,0.018311388457502558,0.017975278892197633,0.0,
held_out_both,held_out_both/MCF7__fold3,global_mean_delta,mae,delta,full_pseudobulk,0.017465827390197235,0.007971342133595396,114.0,114,0.0,0.01607048007631405,0.019079626296571332,,,False,no_change,0.015671819427965823,0.017975278892197633,0.0,
held_out_both,held_out_both/MCF7__fold3,global_mean_delta,mae,delta,replicate_half,0.019877460020581494,0.007882636346495386,1140.0,114,0.0,0.019442558807598168,0.02034913794885914,-4.659407897713843,23.452579635286774,True,no_change,0.018311388457502558,0.017975278892197633,0.0,
held_out_both,held_out_both/MCF7__fold3,global_mean_delta,pearson_r,absolute,full_pseudobulk,0.9916298460199112,0.01310878767580391,114.0,114,0.0,0.9892579881940466,0.9939041776413695,0.0,4.595425291801787,True,global_mean_delta,0.9916298460199112,0.994482419360444,0.0,
held_out_both,held_out_both/MCF7__fold3,global_mean_delta,pearson_r,absolute,replicate_half,0.9902862855094373,0.01347237667634524,1140.0,114,0.0,0.9894905726811919,0.991047734093376,0.0,3.2106641862992675,True,global_mean_delta,0.9902862855094373,0.994482419360444,0.0,
held_out_both,held_out_both/MCF7__fold3,global_mean_delta,pearson_r,delta,full_pseudobulk,0.07623033989852346,0.13899711311302254,114.0,114,0.0,0.050847900154327615,0.10247384642361074,0.0,0.3514533397788677,True,global_mean_delta,0.07623033989852346,0.4717227065395082,0.0,
held_out_both,held_out_both/MCF7__fold3,global_mean_delta,pearson_r,delta,replicate_half,0.06927243604380523,0.12537102253059043,1140.0,114,0.0,0.062351524785061056,0.07652528580834539,0.0,0.3115192900135696,True,global_mean_delta,0.06927243604380523,0.4717227065395082,0.0,
held_out_both,held_out_both/MCF7__fold3,global_mean_delta,pearson_r_de,absolute,full_pseudobulk,0.974266038205428,0.02587294365306101,56.0,114,58.0,0.9675300871948204,0.9808477594069035,0.0,1.1308121156265583,True,global_mean_delta,0.974266038205428,0.997146004997016,0.0,
held_out_both,held_out_both/MCF7__fold3,global_mean_delta,pearson_r_de,absolute,replicate_half,0.9737188012649252,0.02610043392847153,560.0,114,580.0,0.971583479519955,0.9757239732509236,0.0,1.1141079501826705,True,global_mean_delta,0.9737188012649252,0.997146004997016,0.0,
held_out_both,held_out_both/MCF7__fold3,global_mean_delta,pearson_r_de,delta,full_pseudobulk,0.3219201377825665,0.5079794510150246,56.0,114,58.0,0.1855263158812932,0.45656569556207205,0.0,0.8661237592977462,True,global_mean_delta,0.3219201377825665,0.908417674147225,0.0,
held_out_both,held_out_both/MCF7__fold3,global_mean_delta,pearson_r_de,delta,replicate_half,0.3253675070273623,0.5011515917659506,560.0,114,580.0,0.28311453848970075,0.36366501565921594,0.0,0.8595342562742538,True,global_mean_delta,0.3253675070273623,0.908417674147225,0.0,
held_out_both,held_out_both/MCF7__fold3,global_mean_delta,pert_discrimination,absolute,full_pseudobulk,0.3627542307095172,0.3348736500954945,114.0,114,0.0,0.3044965843813073,0.42144077006675973,-0.014677889136068854,0.9893453112240352,True,no_change,0.3577860580655177,0.01930600838379134,0.0,
held_out_both,held_out_both/MCF7__fold3,global_mean_delta,pert_discrimination,absolute,replicate_half,0.3751280857009781,0.3290369647341747,1140.0,114,0.0,0.35602274491538577,0.39397841950007767,-0.019370190810834752,0.9426353644321572,True,no_change,0.36836671324328524,0.01930600838379134,0.0,
held_out_both,held_out_both/MCF7__fold3,global_mean_delta,pert_discrimination,delta,full_pseudobulk,0.5,0.2925043164785559,114.0,114,0.0,0.44728497127775196,0.5534117373078715,-0.0,0.5907408646040224,True,no_change,0.5,0.004851731097655644,0.0,
held_out_both,held_out_both/MCF7__fold3,global_mean_delta,pert_discrimination,delta,replicate_half,0.5,0.29134638853378636,1140.0,114,0.0,0.4818488976866946,0.5175256171401956,-0.0,0.5884023167033371,True,no_change,0.5,0.004851731097655644,0.0,
held_out_both,held_out_both/MCF7__fold3,nearest_context,direction_acc_de,absolute,full_pseudobulk,0.9953296615209399,0.009647770763907623,56.0,114,58.0,0.9924952646534405,0.9976433952296111,0.0,2.557169812858554,True,global_mean_delta,0.9953296615209399,0.999102492998691,1.0,0.0
held_out_both,held_out_both/MCF7__fold3,nearest_context,direction_acc_de,absolute,replicate_half,0.9952511901323271,0.009640333257909358,560.0,114,580.0,0.9944124965606835,0.9960256771427334,0.0,2.5031355861687774,True,global_mean_delta,0.9952511901323271,0.999102492998691,1.0,0.0
held_out_both,held_out_both/MCF7__fold3,nearest_context,direction_acc_de,delta,full_pseudobulk,0.6014159822095608,0.22395070912408385,56.0,114,58.0,0.5440255141639093,0.6580248759437972,0.0,0.567198128382267,True,global_mean_delta,0.6014159822095608,0.9962528089156439,1.0,0.0
held_out_both,held_out_both/MCF7__fold3,nearest_context,direction_acc_de,delta,replicate_half,0.6013321483575655,0.2220726615963683,560.0,114,580.0,0.5832342274201914,0.6205364934288441,0.0,0.5623222175374375,True,global_mean_delta,0.6013321483575655,0.9962528089156439,1.0,0.0
held_out_both,held_out_both/MCF7__fold3,nearest_context,mae,absolute,full_pseudobulk,0.017465827390197235,0.007971342133595396,114.0,114,0.0,0.016080549303671407,0.01898336486036545,,,False,no_change,0.015671819427965823,0.017975278892197633,1.0,0.0
held_out_both,held_out_both/MCF7__fold3,nearest_context,mae,absolute,replicate_half,0.019877460020581494,0.007882636346495386,1140.0,114,0.0,0.01943690096352913,0.02034770620534856,-4.659407897713843,23.452579635286774,True,no_change,0.018311388457502558,0.017975278892197633,1.0,0.0
held_out_both,held_out_both/MCF7__fold3,nearest_context,mae,delta,full_pseudobulk,0.017465827390197235,0.007971342133595396,114.0,114,0.0,0.01608058941861951,0.018988387260880524,,,False,no_change,0.015671819427965823,0.017975278892197633,1.0,0.0
held_out_both,held_out_both/MCF7__fold3,nearest_context,mae,delta,replicate_half,0.019877460020581494,0.007882636346495386,1140.0,114,0.0,0.019451220509718998,0.020339524042705937,-4.659407897713843,23.452579635286774,True,no_change,0.018311388457502558,0.017975278892197633,1.0,0.0
held_out_both,held_out_both/MCF7__fold3,nearest_context,pearson_r,absolute,full_pseudobulk,0.9916298460199112,0.01310878767580391,114.0,114,0.0,0.9890855194694786,0.9937765603914978,0.0,4.595425291801787,True,global_mean_delta,0.9916298460199112,0.994482419360444,1.0,0.0
held_out_both,held_out_both/MCF7__fold3,nearest_context,pearson_r,absolute,replicate_half,0.9902862855094373,0.01347237667634524,1140.0,114,0.0,0.9895016801255707,0.9910208091726979,0.0,3.2106641862992675,True,global_mean_delta,0.9902862855094373,0.994482419360444,1.0,0.0
held_out_both,held_out_both/MCF7__fold3,nearest_context,pearson_r,delta,full_pseudobulk,0.07623033989852346,0.13899711311302254,114.0,114,0.0,0.05130126560337449,0.10133923816920422,0.0,0.3514533397788677,True,global_mean_delta,0.07623033989852346,0.4717227065395082,1.0,0.0
held_out_both,held_out_both/MCF7__fold3,nearest_context,pearson_r,delta,replicate_half,0.06927243604380523,0.12537102253059043,1140.0,114,0.0,0.061572569945669356,0.07683560025813373,0.0,0.3115192900135696,True,global_mean_delta,0.06927243604380523,0.4717227065395082,1.0,0.0
held_out_both,held_out_both/MCF7__fold3,nearest_context,pearson_r_de,absolute,full_pseudobulk,0.974266038205428,0.02587294365306101,56.0,114,58.0,0.9678125146102005,0.9807548339103478,0.0,1.1308121156265583,True,global_mean_delta,0.974266038205428,0.997146004997016,1.0,0.0
held_out_both,held_out_both/MCF7__fold3,nearest_context,pearson_r_de,absolute,replicate_half,0.9737188012649252,0.02610043392847153,560.0,114,580.0,0.9715232136598381,0.9758667952986099,0.0,1.1141079501826705,True,global_mean_delta,0.9737188012649252,0.997146004997016,1.0,0.0
held_out_both,held_out_both/MCF7__fold3,nearest_context,pearson_r_de,delta,full_pseudobulk,0.3219201377825665,0.5079794510150246,56.0,114,58.0,0.1970289502711242,0.44830001894274824,0.0,0.8661237592977462,True,global_mean_delta,0.3219201377825665,0.908417674147225,1.0,0.0
held_out_both,held_out_both/MCF7__fold3,nearest_context,pearson_r_de,delta,replicate_half,0.3253675070273623,0.5011515917659506,560.0,114,580.0,0.28592195006583027,0.36507048058312963,0.0,0.8595342562742538,True,global_mean_delta,0.3253675070273623,0.908417674147225,1.0,0.0
held_out_both,held_out_both/MCF7__fold3,nearest_context,pert_discrimination,absolute,full_pseudobulk,0.3627542307095172,0.3348736500954945,114.0,114,0.0,0.3056901102313305,0.4238511100760751,-0.014677889136068854,0.9893453112240352,True,no_change,0.3577860580655177,0.01930600838379134,1.0,0.0
held_out_both,held_out_both/MCF7__fold3,nearest_context,pert_discrimination,absolute,replicate_half,0.3751280857009781,0.3290369647341747,1140.0,114,0.0,0.3573775423070952,0.39456315013196713,-0.019370190810834752,0.9426353644321572,True,no_change,0.36836671324328524,0.01930600838379134,1.0,0.0
held_out_both,held_out_both/MCF7__fold3,nearest_context,pert_discrimination,delta,full_pseudobulk,0.5,0.2925043164785559,114.0,114,0.0,0.4399142213941934,0.5472791492004347,-0.0,0.5907408646040224,True,no_change,0.5,0.004851731097655644,1.0,0.0
held_out_both,held_out_both/MCF7__fold3,nearest_context,pert_discrimination,delta,replicate_half,0.5,0.29134638853378636,1140.0,114,0.0,0.48342590436267663,0.5173992780624126,-0.0,0.5884023167033371,True,no_change,0.5,0.004851731097655644,1.0,0.0
held_out_both,held_out_both/MCF7__fold3,no_change,direction_acc_de,absolute,full_pseudobulk,0.99927545665097,0.001997015432477263,56.0,114,58.0,0.9987074318290341,0.999775640548456,1.0458445210974607,0.5293147717447594,True,global_mean_delta,0.9953296615209399,0.999102492998691,0.0,
held_out_both,held_out_both/MCF7__fold3,no_change,direction_acc_de,absolute,replicate_half,0.9992382297815757,0.002011653167440964,560.0,114,580.0,0.9990691395039314,0.9993903423208373,1.0352443803031388,0.5223305559814869,True,global_mean_delta,0.9952511901323271,0.999102492998691,0.0,
held_out_both,held_out_both/MCF7__fold3,no_change,direction_acc_de,delta,full_pseudobulk,0.0,0.0,56.0,114,58.0,0.0,0.0,-1.5232013366809258,0.0,True,global_mean_delta,0.6014159822095608,0.9962528089156439,0.0,
held_out_both,held_out_both/MCF7__fold3,no_change,direction_acc_de,delta,replicate_half,8.421582877861504e-05,0.00070411222688664,560.0,114,580.0,3.091253887677871e-05,0.0001455005904143488,-1.522452463436932,0.0017829207160031347,True,global_mean_delta,0.6013321483575655,0.9962528089156439,0.0,
held_out_both,held_out_both/MCF7__fold3,no_change,mae,absolute,full_pseudobulk,0.015671819427965823,0.008672494998653513,114.0,114,0.0,0.01412486224675196,0.017310337511217,,,False,no_change,0.015671819427965823,0.017975278892197633,0.0,
held_out_both,held_out_both/MCF7__fold3,no_change,mae,absolute,replicate_half,0.018311388457502558,0.008486246045566385,1140.0,114,0.0,0.01785379009822741,0.018790010857301833,-0.0,25.2484514621519,True,no_change,0.018311388457502558,0.017975278892197633,0.0,
held_out_both,held_out_both/MCF7__fold3,no_change,mae,delta,full_pseudobulk,0.015671819427965823,0.008672494998653513,114.0,114,0.0,0.014283414426846714,0.017279511001575668,,,False,no_change,0.015671819427965823,0.017975278892197633,0.0,
held_out_both,held_out_both/MCF7__fold3,no_change,mae,delta,replicate_half,0.018311388457502558,0.008486246045566385,1140.0,114,0.0,0.017847452625105606,0.018793887387051247,-0.0,25.2484514621519,True,no_change,0.018311388457502558,0.017975278892197633,0.0,
held_out_both,held_out_both/MCF7__fold3,no_change,pearson_r,absolute,full_pseudobulk,0.991923972225878,0.0136539108633395,114.0,114,0.0,0.9892585379453219,0.994201389662887,0.1031090776133626,4.786524037551747,True,global_mean_delta,0.9916298460199112,0.994482419360444,0.0,
held_out_both,held_out_both/MCF7__fold3,no_change,pearson_r,absolute,replicate_half,0.9905805519710661,0.01400445510059526,1140.0,114,0.0,0.9897160113714967,0.9914096597585599,0.07012799688412713,3.337466248183535,True,global_mean_delta,0.9902862855094373,0.994482419360444,0.0,
held_out_both,held_out_both/MCF7__fold3,no_change,pearson_r,delta,full_pseudobulk,,,0.0,114,114.0,,,,,True,global_mean_delta,0.07623033989852346,0.4717227065395082,0.0,
held_out_both,held_out_both/MCF7__fold3,no_change,pearson_r,delta,replicate_half,,,0.0,114,1140.0,,,,,True,global_mean_delta,0.06927243604380523,0.4717227065395082,0.0,
held_out_both,held_out_both/MCF7__fold3,no_change,pearson_r_de,absolute,full_pseudobulk,0.9717310207987485,0.026989745651895766,56.0,114,58.0,0.9649689646819204,0.9784949644803889,-0.11079637613860158,1.1796234626450055,True,global_mean_delta,0.974266038205428,0.997146004997016,0.0,
held_out_both,held_out_both/MCF7__fold3,no_change,pearson_r_de,absolute,replicate_half,0.9711604782300692,0.02728914842134839,560.0,114,580.0,0.9689654168937903,0.97338969623378,-0.1092030898827036,1.1648487260119489,True,global_mean_delta,0.9737188012649252,0.997146004997016,0.0,
held_out_both,held_out_both/MCF7__fold3,no_change,pearson_r_de,delta,full_pseudobulk,,,0.0,114,114.0,,,,,True,global_mean_delta,0.3219201377825665,0.908417674147225,0.0,
held_out_both,held_out_both/MCF7__fold3,no_change,pearson_r_de,delta,replicate_half,,,0.0,114,1140.0,,,,,True,global_mean_delta,0.3253675070273623,0.908417674147225,0.0,
held_out_both,held_out_both/MCF7__fold3,no_change,pert_discrimination,absolute,full_pseudobulk,0.3577860580655177,0.34253551307456137,114.0,114,0.0,0.2966134916938363,0.4237191429902189,-0.0,1.0119813956439925,True,no_change,0.3577860580655177,0.01930600838379134,0.0,
held_out_both,held_out_both/MCF7__fold3,no_change,pert_discrimination,absolute,replicate_half,0.36836671324328524,0.3353318101924816,1140.0,114,0.0,0.34998331004502403,0.38925283341096106,-0.0,0.9606690341368027,True,no_change,0.36836671324328524,0.01930600838379134,0.0,
held_out_both,held_out_both/MCF7__fold3,no_change,pert_discrimination,delta,full_pseudobulk,0.5,0.29250431647855596,114.0,114,0.0,0.44206839000155257,0.5521813383015058,-0.0,0.5907408646040225,True,no_change,0.5,0.004851731097655644,0.0,
held_out_both,held_out_both/MCF7__fold3,no_change,pert_discrimination,delta,replicate_half,0.5,0.2913463885337864,1140.0,114,0.0,0.48362579568389996,0.5165568234746157,-0.0,0.5884023167033372,True,no_change,0.5,0.004851731097655644,0.0,
held_out_both,held_out_both/MCF7__fold3,per_drug_mean_delta,direction_acc_de,absolute,full_pseudobulk,0.9953296615209399,0.009647770763907623,56.0,114,58.0,0.9926930941463902,0.9974848839613261,0.0,2.557169812858554,True,global_mean_delta,0.9953296615209399,0.999102492998691,1.0,0.0
held_out_both,held_out_both/MCF7__fold3,per_drug_mean_delta,direction_acc_de,absolute,replicate_half,0.9952511901323271,0.009640333257909358,560.0,114,580.0,0.9944210082656393,0.9960493655292788,0.0,2.5031355861687774,True,global_mean_delta,0.9952511901323271,0.999102492998691,1.0,0.0
held_out_both,held_out_both/MCF7__fold3,per_drug_mean_delta,direction_acc_de,delta,full_pseudobulk,0.6014159822095608,0.22395070912408385,56.0,114,58.0,0.542771333400301,0.6598931749437572,0.0,0.567198128382267,True,global_mean_delta,0.6014159822095608,0.9962528089156439,1.0,0.0
held_out_both,held_out_both/MCF7__fold3,per_drug_mean_delta,direction_acc_de,delta,replicate_half,0.6013321483575655,0.2220726615963683,560.0,114,580.0,0.5830186555623309,0.6183351453846189,0.0,0.5623222175374375,True,global_mean_delta,0.6013321483575655,0.9962528089156439,1.0,0.0
held_out_both,held_out_both/MCF7__fold3,per_drug_mean_delta,mae,absolute,full_pseudobulk,0.017465827390197235,0.007971342133595396,114.0,114,0.0,0.016192522567262956,0.018920558980054302,,,False,no_change,0.015671819427965823,0.017975278892197633,1.0,0.0
held_out_both,held_out_both/MCF7__fold3,per_drug_mean_delta,mae,absolute,replicate_half,0.019877460020581494,0.007882636346495386,1140.0,114,0.0,0.019424268298606096,0.020338607213770152,-4.659407897713843,23.452579635286774,True,no_change,0.018311388457502558,0.017975278892197633,1.0,0.0
held_out_both,held_out_both/MCF7__fold3,per_drug_mean_delta,mae,delta,full_pseudobulk,0.017465827390197235,0.007971342133595396,114.0,114,0.0,0.016019654772624355,0.018960192035394494,,,False,no_change,0.015671819427965823,0.017975278892197633,1.0,0.0
held_out_both,held_out_both/MCF7__fold3,per_drug_mean_delta,mae,delta,replicate_half,0.019877460020581494,0.007882636346495386,1140.0,114,0.0,0.019418677101107017,0.020337196852832317,-4.659407897713843,23.452579635286774,True,no_change,0.018311388457502558,0.017975278892197633,1.0,0.0
held_out_both,held_out_both/MCF7__fold3,per_drug_mean_delta,pearson_r,absolute,full_pseudobulk,0.9916298460199112,0.01310878767580391,114.0,114,0.0,0.9890778777150456,0.9938504810766424,0.0,4.595425291801787,True,global_mean_delta,0.9916298460199112,0.994482419360444,1.0,0.0
held_out_both,held_out_both/MCF7__fold3,per_drug_mean_delta,pearson_r,absolute,replicate_half,0.9902862855094373,0.01347237667634524,1140.0,114,0.0,0.9894650428433656,0.9910875309471766,0.0,3.2106641862992675,True,global_mean_delta,0.9902862855094373,0.994482419360444,1.0,0.0
held_out_both,held_out_both/MCF7__fold3,per_drug_mean_delta,pearson_r,delta,full_pseudobulk,0.07623033989852346,0.13899711311302254,114.0,114,0.0,0.052530279636748535,0.10052841814810919,0.0,0.3514533397788677,True,global_mean_delta,0.07623033989852346,0.4717227065395082,1.0,0.0
held_out_both,held_out_both/MCF7__fold3,per_drug_mean_delta,pearson_r,delta,replicate_half,0.06927243604380523,0.12537102253059043,1140.0,114,0.0,0.062004086418544914,0.07696152038187981,0.0,0.3115192900135696,True,global_mean_delta,0.06927243604380523,0.4717227065395082,1.0,0.0
held_out_both,held_out_both/MCF7__fold3,per_drug_mean_delta,pearson_r_de,absolute,full_pseudobulk,0.974266038205428,0.02587294365306101,56.0,114,58.0,0.9675186107553977,0.9808455967369983,0.0,1.1308121156265583,True,global_mean_delta,0.974266038205428,0.997146004997016,1.0,0.0
held_out_both,held_out_both/MCF7__fold3,per_drug_mean_delta,pearson_r_de,absolute,replicate_half,0.9737188012649252,0.02610043392847153,560.0,114,580.0,0.9717448372432061,0.9759498672797071,0.0,1.1141079501826705,True,global_mean_delta,0.9737188012649252,0.997146004997016,1.0,0.0
held_out_both,held_out_both/MCF7__fold3,per_drug_mean_delta,pearson_r_de,delta,full_pseudobulk,0.3219201377825665,0.5079794510150246,56.0,114,58.0,0.19682067788091745,0.45435217242854276,0.0,0.8661237592977462,True,global_mean_delta,0.3219201377825665,0.908417674147225,1.0,0.0
held_out_both,held_out_both/MCF7__fold3,per_drug_mean_delta,pearson_r_de,delta,replicate_half,0.3253675070273623,0.5011515917659506,560.0,114,580.0,0.28311449706813635,0.36506374621052673,0.0,0.8595342562742538,True,global_mean_delta,0.3253675070273623,0.908417674147225,1.0,0.0
held_out_both,held_out_both/MCF7__fold3,per_drug_mean_delta,pert_discrimination,absolute,full_pseudobulk,0.3627542307095172,0.3348736500954945,114.0,114,0.0,0.30549798167986336,0.42850683123738553,-0.014677889136068854,0.9893453112240352,True,no_change,0.3577860580655177,0.01930600838379134,1.0,0.0
held_out_both,held_out_both/MCF7__fold3,per_drug_mean_delta,pert_discrimination,absolute,replicate_half,0.3751280857009781,0.3290369647341747,1140.0,114,0.0,0.35585196398074836,0.3953363219996895,-0.019370190810834752,0.9426353644321572,True,no_change,0.36836671324328524,0.01930600838379134,1.0,0.0
held_out_both,held_out_both/MCF7__fold3,per_drug_mean_delta,pert_discrimination,delta,full_pseudobulk,0.5,0.2925043164785559,114.0,114,0.0,0.4444069243906225,0.5548167986337526,-0.0,0.5907408646040224,True,no_change,0.5,0.004851731097655644,1.0,0.0
held_out_both,held_out_both/MCF7__fold3,per_drug_mean_delta,pert_discrimination,delta,replicate_half,0.5,0.29134638853378636,1140.0,114,0.0,0.4818273560006211,0.5172251979506287,-0.0,0.5884023167033371,True,no_change,0.5,0.004851731097655644,1.0,0.0
held_out_both,held_out_both/MCF7__fold3,ridge_no_drug,direction_acc_de,absolute,full_pseudobulk,0.959249178087654,0.05259548796714903,56.0,114,58.0,0.944752325534929,0.9726454346018736,-9.563237490478317,13.940587666666765,True,global_mean_delta,0.9953296615209399,0.999102492998691,0.0,
held_out_both,held_out_both/MCF7__fold3,ridge_no_drug,direction_acc_de,absolute,replicate_half,0.9591330104251593,0.05225835037763014,560.0,114,580.0,0.9547129581667424,0.9633291632995659,-9.378171740948414,13.569005656251607,True,global_mean_delta,0.9952511901323271,0.999102492998691,0.0,
held_out_both,held_out_both/MCF7__fold3,ridge_no_drug,direction_acc_de,delta,full_pseudobulk,0.599888621285402,0.25709533233531184,56.0,114,58.0,0.5336981282412424,0.667969796469894,-0.0038683345140340898,0.6511432443628007,True,global_mean_delta,0.6014159822095608,0.9962528089156439,0.0,
held_out_both,held_out_both/MCF7__fold3,ridge_no_drug,direction_acc_de,delta,replicate_half,0.5996723166147518,0.25511289438721946,560.0,114,580.0,0.5798223828137382,0.6201701604048103,-0.004202949879776167,0.6459851809897945,True,global_mean_delta,0.6013321483575655,0.9962528089156439,0.0,
held_out_both,held_out_both/MCF7__fold3,ridge_no_drug,mae,absolute,full_pseudobulk,0.06801850405853734,0.004489115692635915,114.0,114,0.0,0.0671902428859344,0.06888763114706602,,,False,no_change,0.015671819427965823,0.017975278892197633,0.0,
held_out_both,held_out_both/MCF7__fold3,ridge_no_drug,mae,absolute,replicate_half,0.06878223278284872,0.004548968706712246,1140.0,114,0.0,0.06851248621373116,0.0690442916852607,-150.16188033672285,13.534184017004478,True,no_change,0.018311388457502558,0.017975278892197633,0.0,
held_out_both,held_out_both/MCF7__fold3,ridge_no_drug,mae,delta,full_pseudobulk,0.06801850405853734,0.004489115692635915,114.0,114,0.0,0.0672877401697202,0.06890254544942927,,,False,no_change,0.015671819427965823,0.017975278892197633,0.0,
held_out_both,held_out_both/MCF7__fold3,ridge_no_drug,mae,delta,replicate_half,0.06878223278284872,0.004548968706712246,1140.0,114,0.0,0.06852394200208702,0.06904389220836324,-150.16188033672285,13.534184017004478,True,no_change,0.018311388457502558,0.017975278892197633,0.0,
held_out_both,held_out_both/MCF7__fold3,ridge_no_drug,pearson_r,absolute,full_pseudobulk,0.919050066183122,0.014164493830330176,114.0,114,0.0,0.9163845251624579,0.9214813297965209,-25.44361570147501,4.965514340705639,True,global_mean_delta,0.9916298460199112,0.994482419360444,0.0,
held_out_both,held_out_both/MCF7__fold3,ridge_no_drug,pearson_r,absolute,replicate_half,0.9178154949472189,0.014241194891150683,1140.0,114,0.0,0.9169397442923567,0.9186791721224841,-17.270848151050238,3.3938847989165213,True,global_mean_delta,0.9902862855094373,0.994482419360444,0.0,
held_out_both,held_out_both/MCF7__fold3,ridge_no_drug,pearson_r,delta,full_pseudobulk,0.002974106172642822,0.19108068288547078,114.0,114,0.0,-0.03244197175689029,0.03686097330271326,-0.18522793334309862,0.4831463234255737,True,global_mean_delta,0.07623033989852346,0.4717227065395082,0.0,
held_out_both,held_out_both/MCF7__fold3,ridge_no_drug,pearson_r,delta,replicate_half,0.0019596809627391125,0.17183495929070952,1140.0,114,0.0,-0.00791732253268584,0.01125894614811572,-0.16725732349031885,0.4269719065639048,True,global_mean_delta,0.06927243604380523,0.4717227065395082,0.0,
held_out_both,held_out_both/MCF7__fold3,ridge_no_drug,pearson_r_de,absolute,full_pseudobulk,0.9453140580606407,0.045298358913825776,56.0,114,58.0,0.9329916596855705,0.9564156115291924,-1.2653855841885102,1.9798262526534824,True,global_mean_delta,0.974266038205428,0.997146004997016,0.0,
held_out_both,held_out_both/MCF7__fold3,ridge_no_drug,pearson_r_de,absolute,replicate_half,0.9445848359744129,0.04528281747516435,560.0,114,580.0,0.9408662829199731,0.9480953410949103,-1.243595506475416,1.9329160233124814,True,global_mean_delta,0.9737188012649252,0.997146004997016,0.0,
held_out_both,held_out_both/MCF7__fold3,ridge_no_drug,pearson_r_de,delta,full_pseudobulk,0.14779574423173567,0.5768430003944407,56.0,114,58.0,-0.0015581819710832185,0.2926776537598227,-0.2968885336332733,0.9835386589514759,True,global_mean_delta,0.3219201377825665,0.908417674147225,0.0,
held_out_both,held_out_both/MCF7__fold3,ridge_no_drug,pearson_r_de,delta,replicate_half,0.1470288263686474,0.5718704974722668,560.0,114,580.0,0.09696159220847553,0.1934262459876472,-0.30587193129481133,0.9808255442189119,True,global_mean_delta,0.3253675070273623,0.908417674147225,0.0,
held_out_both,held_out_both/MCF7__fold3,ridge_no_drug,pert_discrimination,absolute,full_pseudobulk,0.4783418723800652,0.2937422787846978,114.0,114,0.0,0.42438285980437823,0.5272880763856544,-0.35616815356741527,0.8678274511626441,True,no_change,0.3577860580655177,0.01930600838379134,0.0,
held_out_both,held_out_both/MCF7__fold3,ridge_no_drug,pert_discrimination,absolute,replicate_half,0.47806241266884025,0.2932560265853114,1140.0,114,0.0,0.4601676758267349,0.4951971743518087,-0.31425966285638024,0.8401290162504962,True,no_change,0.36836671324328524,0.01930600838379134,0.0,
held_out_both,held_out_both/MCF7__fold3,ridge_no_drug,pert_discrimination,delta,full_pseudobulk,0.4986027014438752,0.2919174964904172,114.0,114,0.0,0.44286019251668995,0.5507762769756249,0.00282198008936266,0.5895557246671717,True,no_change,0.5,0.004851731097655644,0.0,
held_out_both,held_out_both/MCF7__fold3,ridge_no_drug,pert_discrimination,delta,replicate_half,0.4977487967706878,0.29146014464777925,1140.0,114,0.0,0.48096510634994566,0.5130375718056203,0.00454652347730657,0.5886320582194391,True,no_change,0.5,0.004851731097655644,0.0,
held_out_both,held_out_both/MCF7__fold4,ceiling,direction_acc_de,absolute,full_pseudobulk,0.9996551218296775,0.0016836653678503968,1050.0,208,1030.0,0.9995426801351467,0.999752018106202,1.0,0.28818133307044835,True,global_mean_delta,0.9938127400559809,0.9996551218296775,,
held_out_both,held_out_both/MCF7__fold4,ceiling,direction_acc_de,absolute,replicate_half,0.9996551218296775,0.0016836653678503968,1050.0,208,1030.0,0.9995547446013386,0.9997488851751734,1.0,0.28388762095831394,True,global_mean_delta,0.9937243758458728,0.9996551218296775,,
held_out_both,held_out_both/MCF7__fold4,ceiling,direction_acc_de,delta,full_pseudobulk,0.9980328979289148,0.005826793526594417,1050.0,208,1030.0,0.997683563437009,0.9983702221613117,1.0,0.01772286979435818,True,global_mean_delta,0.6692603236108835,0.9980328979289148,,
held_out_both,held_out_both/MCF7__fold4,ceiling,direction_acc_de,delta,replicate_half,0.9980328979289148,0.005826793526594417,1050.0,208,1030.0,0.9976826440006694,0.9983705457845294,1.0,0.017722317659894085,True,global_mean_delta,0.6692500807818916,0.9980328979289148,,
held_out_both,held_out_both/MCF7__fold4,ceiling,mae,absolute,full_pseudobulk,0.01735095391081141,0.0022299548655901006,2080.0,208,0.0,0.017258164978484064,0.017438986858246807,,,False,no_change,0.01430015049542836,0.01735095391081141,,
held_out_both,held_out_both/MCF7__fold4,ceiling,mae,absolute,replicate_half,0.01735095391081141,0.0022299548655901006,2080.0,208,0.0,0.017260033522014943,0.017447409902019463,,,False,no_change,0.016942908966980086,0.01735095391081141,,
held_out_both,held_out_both/MCF7__fold4,ceiling,mae,delta,full_pseudobulk,0.01735095391081141,0.0022299548655901006,2080.0,208,0.0,0.017260766185203703,0.01744556230823624,,,False,no_change,0.01430015049542836,0.01735095391081141,,
held_out_both,held_out_both/MCF7__fold4,ceiling,mae,delta,replicate_half,0.01735095391081141,0.0022299548655901006,2080.0,208,0.0,0.01725457558518895,0.017451697211526673,,,False,no_change,0.016942908966980086,0.01735095391081141,,
held_out_both,held_out_both/MCF7__fold4,ceiling,pearson_r,absolute,full_pseudobulk,0.9949046705464127,0.0015711287719914501,2080.0,208,0.0,0.994836536247656,0.9949730391201509,1.0,1.1681538155687612,True,global_mean_delta,0.993559703170497,0.9949046705464127,,
held_out_both,held_out_both/MCF7__fold4,ceiling,pearson_r,absolute,replicate_half,0.9949046705464127,0.0015711287719914501,2080.0,208,0.0,0.9948350756429097,0.9949744080341426,1.0,0.6003449321183507,True,global_mean_delta,0.992287627096995,0.9949046705464127,,
held_out_both,held_out_both/MCF7__fold4,ceiling,pearson_r,delta,full_pseudobulk,0.47035188276275003,0.19897258559106337,2080.0,208,0.0,0.46179772169586775,0.47863756554705644,1.0,0.5398956830998468,True,global_mean_delta,0.10181293751938544,0.47035188276275003,,
held_out_both,held_out_both/MCF7__fold4,ceiling,pearson_r,delta,replicate_half,0.47035188276275003,0.19897258559106337,2080.0,208,0.0,0.4613461538646467,0.4791645522759297,1.0,0.5232309358061309,True,global_mean_delta,0.09007508340930488,0.47035188276275003,,
held_out_both,held_out_both/MCF7__fold4,ceiling,pearson_r_de,absolute,full_pseudobulk,0.9973672383924733,0.003615141235448175,1050.0,208,1030.0,0.9971344315340146,0.997566848181457,1.0,0.21617569442931128,True,global_mean_delta,0.9806440760360766,0.9973672383924733,,
held_out_both,held_out_both/MCF7__fold4,ceiling,pearson_r_de,absolute,replicate_half,0.9973672383924733,0.003615141235448175,1050.0,208,1030.0,0.9971296307685692,0.997583208571372,1.0,0.20713313134988903,True,global_mean_delta,0.9799140129625855,0.9973672383924733,,
held_out_both,held_out_both/MCF7__fold4,ceiling,pearson_r_de,delta,full_pseudobulk,0.8477062342587883,0.3018075566609489,1050.0,208,1030.0,0.8286230534764308,0.8649390139107477,1.0,0.5950036064805456,True,global_mean_delta,0.3404697177506874,0.8477062342587883,,
held_out_both,held_out_both/MCF7__fold4,ceiling,pearson_r_de,delta,replicate_half,0.8477062342587883,0.3018075566609489,1050.0,208,1030.0,0.8289627191413679,0.8651652262447984,1.0,0.5713139426009698,True,global_mean_delta,0.31943703906474724,0.8477062342587883,,
held_out_both,held_out_both/MCF7__fold4,ceiling,pert_discrimination,absolute,full_pseudobulk,0.03932088442958008,0.07541980243059244,2080.0,208,0.0,0.036143452712746195,0.04252641908212561,1.0,0.22848825031322742,True,no_change,0.3694026384243776,0.03932088442958008,,
held_out_both,held_out_both/MCF7__fold4,ceiling,pert_discrimination,absolute,replicate_half,0.03932088442958008,0.07541980243059244,2080.0,208,0.0,0.03610826597918989,0.042430962002972875,1.0,0.2166800129083901,True,no_change,0.38739083983649203,0.03932088442958008,,
held_out_both,held_out_both/MCF7__fold4,ceiling,pert_discrimination,delta,full_pseudobulk,0.009959123002601263,0.02876003230432845,2080.0,208,0.0,0.008860495633593458,0.011257780564845781,1.0,0.05868904749446262,True,no_change,0.5,0.009959123002601263,,
held_out_both,held_out_both/MCF7__fold4,ceiling,pert_discrimination,delta,replicate_half,0.009959123002601263,0.02876003230432845,2080.0,208,0.0,0.008774328781122259,0.011215800353028613,1.0,0.05868904749446262,True,no_change,0.5,0.009959123002601263,,
held_out_both,held_out_both/MCF7__fold4,global_mean_delta,direction_acc_de,absolute,full_pseudobulk,0.9938127400559809,0.015719484572330064,105.0,208,103.0,0.990511778581645,0.9965889422343402,0.0,2.6905952368778223,True,global_mean_delta,0.9938127400559809,0.9996551218296775,0.0,
held_out_both,held_out_both/MCF7__fold4,global_mean_delta,direction_acc_de,absolute,replicate_half,0.9937243758458728,0.015674131057956956,1050.0,208,1030.0,0.9928030096547268,0.9946077124717989,0.0,2.642859954002214,True,global_mean_delta,0.9937243758458728,0.9996551218296775,0.0,
held_out_both,held_out_both/MCF7__fold4,global_mean_delta,direction_acc_de,delta,full_pseudobulk,0.6692603236108835,0.25311391157269875,105.0,208,103.0,0.6208520874427272,0.7183067954282513,0.0,0.7698753829991132,True,global_mean_delta,0.6692603236108835,0.9980328979289148,0.0,
held_out_both,held_out_both/MCF7__fold4,global_mean_delta,direction_acc_de,delta,replicate_half,0.6692500807818916,0.25200818248948426,1050.0,208,1030.0,0.6530952151366991,0.6846676510123367,0.0,0.7664882997118208,True,global_mean_delta,0.6692500807818916,0.9980328979289148,0.0,
held_out_both,held_out_both/MCF7__fold4,global_mean_delta,mae,absolute,full_pseudobulk,0.016472898707225406,0.005838783285623128,208.0,208,0.0,0.015715494482380684,0.01731276774245194,,,False,no_change,0.01430015049542836,0.01735095391081141,0.0,
held_out_both,held_out_both/MCF7__fold4,global_mean_delta,mae,absolute,replicate_half,0.018839365990567715,0.005742245951148172,2080.0,208,0.0,0.01861345669109868,0.019083067668297624,,,False,no_change,0.016942908966980086,0.01735095391081141,0.0,
held_out_both,held_out_both/MCF7__fold4,global_mean_delta,mae,delta,full_pseudobulk,0.016472898707225406,0.005838783285623128,208.0,208,0.0,0.01576458504207078,0.017250348580129946,,,False,no_change,0.01430015049542836,0.01735095391081141,0.0,
held_out_both,held_out_both/MCF7__fold4,global_mean_delta,mae,delta,replicate_half,0.018839365990567715,0.005742245951148172,2080.0,208,0.0,0.018605061977295903,0.019092699706778175,,,False,no_change,0.016942908966980086,0.01735095391081141,0.0,
held_out_both,held_out_both/MCF7__fold4,global_mean_delta,pearson_r,absolute,full_pseudobulk,0.993559703170497,0.01031230645568305,208.0,208,0.0,0.9920873966723713,0.9948157333104758,0.0,7.667328323604833,True,global_mean_delta,0.993559703170497,0.9949046705464127,0.0,
held_out_both,held_out_both/MCF7__fold4,global_mean_delta,pearson_r,absolute,replicate_half,0.992287627096995,0.010489481297358544,2080.0,208,0.0,0.9918277657578898,0.9927174854583869,0.0,4.008141821142649,True,global_mean_delta,0.992287627096995,0.9949046705464127,0.0,
held_out_both,held_out_both/MCF7__fold4,global_mean_delta,pearson_r,delta,full_pseudobulk,0.10181293751938544,0.13715787946398011,208.0,208,0.0,0.08349705850512926,0.11961098951526092,0.0,0.37216658167132904,True,global_mean_delta,0.10181293751938544,0.47035188276275003,0.0,
held_out_both,held_out_both/MCF7__fold4,global_mean_delta,pearson_r,delta,replicate_half,0.09007508340930488,0.12659584127641055,2080.0,208,0.0,0.08491980222670006,0.09552273951346865,0.0,0.33290445667905993,True,global_mean_delta,0.09007508340930488,0.47035188276275003,0.0,
held_out_both,held_out_both/MCF7__fold4,global_mean_delta,pearson_r_de,absolute,full_pseudobulk,0.9806440760360766,0.02754595903691245,105.0,208,103.0,0.9750600611923609,0.9854946474865098,0.0,1.6471740481773154,True,global_mean_delta,0.9806440760360766,0.9973672383924733,0.0,
held_out_both,held_out_both/MCF7__fold4,global_mean_delta,pearson_r_de,absolute,replicate_half,0.9799140129625855,0.028122264658851034,1050.0,208,1030.0,0.9782873027546963,0.9814805485538132,0.0,1.6112932690763857,True,global_mean_delta,0.9799140129625855,0.9973672383924733,0.0,
held_out_both,held_out_both/MCF7__fold4,global_mean_delta,pearson_r_de,delta,full_pseudobulk,0.3404697177506874,0.4605531672303283,105.0,208,103.0,0.2548139663999307,0.4227774733270367,0.0,0.9079653223723945,True,global_mean_delta,0.3404697177506874,0.8477062342587883,0.0,
held_out_both,held_out_both/MCF7__fold4,global_mean_delta,pearson_r_de,delta,replicate_half,0.31943703906474724,0.46312120340391805,1050.0,208,1030.0,0.2894059765078108,0.3446914872941516,0.0,0.8766765270759481,True,global_mean_delta,0.31943703906474724,0.8477062342587883,0.0,
held_out_both,held_out_both/MCF7__fold4,global_mean_delta,pert_discrimination,absolute,full_pseudobulk,0.3643859160163508,0.3292995516065958,208.0,208,0.0,0.32102029914529917,0.4092077759197324,0.015198423867154674,0.9976302768064725,True,no_change,0.3694026384243776,0.03932088442958008,0.0,
held_out_both,held_out_both/MCF7__fold4,global_mean_delta,pert_discrimination,absolute,replicate_half,0.3851263470828688,0.3207851674231994,2080.0,208,0.0,0.371142291434411,0.39925631735414346,0.006505855269742877,0.9216111946467336,True,no_change,0.38739083983649203,0.03932088442958008,0.0,
held_out_both,held_out_both/MCF7__fold4,global_mean_delta,pert_discrimination,delta,full_pseudobulk,0.5,0.2907661473243585,208.0,208,0.0,0.46116569119286516,0.5385346989966555,-0.0,0.5933508018881085,True,no_change,0.5,0.009959123002601263,0.0,
held_out_both,held_out_both/MCF7__fold4,global_mean_delta,pert_discrimination,delta,replicate_half,0.5,0.2901361007609813,2080.0,208,0.0,0.48775762959866226,0.512624372909699,-0.0,0.5920650998315012,True,no_change,0.5,0.009959123002601263,0.0,
held_out_both,held_out_both/MCF7__fold4,nearest_context,direction_acc_de,absolute,full_pseudobulk,0.9938127400559809,0.015719484572330064,105.0,208,103.0,0.9905552712855549,0.9965308729811999,0.0,2.6905952368778223,True,global_mean_delta,0.9938127400559809,0.9996551218296775,1.0,0.0
held_out_both,held_out_both/MCF7__fold4,nearest_context,direction_acc_de,absolute,replicate_half,0.9937243758458728,0.015674131057956956,1050.0,208,1030.0,0.9927512796013662,0.9946367425659408,0.0,2.642859954002214,True,global_mean_delta,0.9937243758458728,0.9996551218296775,1.0,0.0
held_out_both,held_out_both/MCF7__fold4,nearest_context,direction_acc_de,delta,full_pseudobulk,0.6692603236108835,0.25311391157269875,105.0,208,103.0,0.623588805820419,0.7183622343632884,0.0,0.7698753829991132,True,global_mean_delta,0.6692603236108835,0.9980328979289148,1.0,0.0
held_out_both,held_out_both/MCF7__fold4,nearest_context,direction_acc_de,delta,replicate_half,0.6692500807818916,0.25200818248948426,1050.0,208,1030.0,0.6545493908810563,0.6839763699858058,0.0,0.7664882997118208,True,global_mean_delta,0.6692500807818916,0.9980328979289148,1.0,0.0
held_out_both,held_out_both/MCF7__fold4,nearest_context,mae,absolute,full_pseudobulk,0.016472898707225406,0.005838783285623128,208.0,208,0.0,0.015692109592503913,0.017291230252506198,,,False,no_change,0.01430015049542836,0.01735095391081141,1.0,0.0
held_out_both,held_out_both/MCF7__fold4,nearest_context,mae,absolute,replicate_half,0.018839365990567715,0.005742245951148172,2080.0,208,0.0,0.0185768930211258,0.019076091917328442,,,False,no_change,0.016942908966980086,0.01735095391081141,1.0,0.0
held_out_both,held_out_both/MCF7__fold4,nearest_context,mae,delta,full_pseudobulk,0.016472898707225406,0.005838783285623128,208.0,208,0.0,0.015730800935881594,0.017332133097033676,,,False,no_change,0.01430015049542836,0.01735095391081141,1.0,0.0
held_out_both,held_out_both/MCF7__fold4,nearest_context,mae,delta,replicate_half,0.018839365990567715,0.005742245951148172,2080.0,208,0.0,0.0186154137025476,0.019098720107787272,,,False,no_change,0.016942908966980086,0.01735095391081141,1.0,0.0
held_out_both,held_out_both/MCF7__fold4,nearest_context,pearson_r,absolute,full_pseudobulk,0.993559703170497,0.01031230645568305,208.0,208,0.0,0.992131190334813,0.9947400349714286,0.0,7.667328323604833,True,global_mean_delta,0.993559703170497,0.9949046705464127,1.0,0.0
held_out_both,held_out_both/MCF7__fold4,nearest_context,pearson_r,absolute,replicate_half,0.992287627096995,0.010489481297358544,2080.0,208,0.0,0.9918132190012803,0.9927172054854176,0.0,4.008141821142649,True,global_mean_delta,0.992287627096995,0.9949046705464127,1.0,0.0
held_out_both,held_out_both/MCF7__fold4,nearest_context,pearson_r,delta,full_pseudobulk,0.10181293751938544,0.13715787946398011,208.0,208,0.0,0.08374323731602609,0.11993024753020348,0.0,0.37216658167132904,True,global_mean_delta,0.10181293751938544,0.47035188276275003,1.0,0.0
held_out_both,held_out_both/MCF7__fold4,nearest_context,pearson_r,delta,replicate_half,0.09007508340930488,0.12659584127641055,2080.0,208,0.0,0.08476880841450095,0.09533733081773363,0.0,0.33290445667905993,True,global_mean_delta,0.09007508340930488,0.47035188276275003,1.0,0.0
held_out_both,held_out_both/MCF7__fold4,nearest_context,pearson_r_de,absolute,full_pseudobulk,0.9806440760360766,0.02754595903691245,105.0,208,103.0,0.9750077339868765,0.9856197942844797,0.0,1.6471740481773154,True,global_mean_delta,0.9806440760360766,0.9973672383924733,1.0,0.0
held_out_both,held_out_both/MCF7__fold4,nearest_context,pearson_r_de,absolute,replicate_half,0.9799140129625855,0.028122264658851034,1050.0,208,1030.0,0.9782378757404179,0.9816786805456447,0.0,1.6112932690763857,True,global_mean_delta,0.9799140129625855,0.9973672383924733,1.0,0.0
held_out_both,held_out_both/MCF7__fold4,nearest_context,pearson_r_de,delta,full_pseudobulk,0.3404697177506874,0.4605531672303283,105.0,208,103.0,0.25803530404795394,0.4237448415709613,0.0,0.9079653223723945,True,global_mean_delta,0.3404697177506874,0.8477062342587883,1.0,0.0
held_out_both,held_out_both/MCF7__fold4,nearest_context,pearson_r_de,delta,replicate_half,0.31943703906474724,0.46312120340391805,1050.0,208,1030.0,0.2888803061122623,0.3481866066098548,0.0,0.8766765270759481,True,global_mean_delta,0.31943703906474724,0.8477062342587883,1.0,0.0
held_out_both,held_out_both/MCF7__fold4,nearest_context,pert_discrimination,absolute,full_pseudobulk,0.3643859160163508,0.3292995516065958,208.0,208,0.0,0.3215016490152359,0.4089435850984764,0.015198423867154674,0.9976302768064725,True,no_change,0.3694026384243776,0.03932088442958008,1.0,0.0
held_out_both,held_out_both/MCF7__fold4,nearest_context,pert_discrimination,absolute,replicate_half,0.3851263470828688,0.3207851674231994,2080.0,208,0.0,0.3715706289483463,0.399609984671126,0.006505855269742877,0.9216111946467336,True,no_change,0.38739083983649203,0.03932088442958008,1.0,0.0
held_out_both,held_out_both/MCF7__fold4,nearest_context,pert_discrimination,delta,full_pseudobulk,0.5,0.2907661473243585,208.0,208,0.0,0.4629128344481606,0.539484624674842,-0.0,0.5933508018881085,True,no_change,0.5,0.009959123002601263,1.0,0.0
held_out_both,held_out_both/MCF7__fold4,nearest_context,pert_discrimination,delta,replicate_half,0.5,0.2901361007609813,2080.0,208,0.0,0.4874015235971757,0.5133381526384243,-0.0,0.5920650998315012,True,no_change,0.5,0.009959123002601263,1.0,0.0
held_out_both,held_out_both/MCF7__fold4,no_change,direction_acc_de,absolute,full_pseudobulk,0.9996309516149895,0.001480384577237523,105.0,208,103.0,0.99932191292575,0.9998691978003375,0.9958629518534969,0.253387168894448,True,global_mean_delta,0.9938127400559809,0.9996551218296775,0.0,
held_out_both,held_out_both/MCF7__fold4,no_change,direction_acc_de,absolute,replicate_half,0.9995295548048563,0.0017571125393154208,1050.0,208,1030.0,0.9994244944769158,0.9996361230185186,0.9788277857179958,0.29627175807455336,True,global_mean_delta,0.9937243758458728,0.9996551218296775,0.0,
held_out_both,held_out_both/MCF7__fold4,no_change,direction_acc_de,delta,full_pseudobulk,0.0,0.0,105.0,208,103.0,0.0,0.0,-2.035633066411094,0.0,True,global_mean_delta,0.6692603236108835,0.9980328979289148,0.0,
held_out_both,held_out_both/MCF7__fold4,no_change,direction_acc_de,delta,replicate_half,7.51514629660192e-06,0.0001546010401224874,1050.0,208,1030.0,1.0284891494394734e-06,1.8431482292047862e-05,-2.035515637474227,0.000470222384077188,True,global_mean_delta,0.6692500807818916,0.9980328979289148,0.0,
held_out_both,held_out_both/MCF7__fold4,no_change,mae,absolute,full_pseudobulk,0.01430015049542836,0.0064761700842480025,208.0,208,0.0,0.01346634635296964,0.015221203776310224,,,False,no_change,0.01430015049542836,0.01735095391081141,0.0,
held_out_both,held_out_both/MCF7__fold4,no_change,mae,absolute,replicate_half,0.016942908966980086,0.0062960917778896505,2080.0,208,0.0,0.016678953620691092,0.01719470238375699,,,False,no_change,0.016942908966980086,0.01735095391081141,0.0,
held_out_both,held_out_both/MCF7__fold4,no_change,mae,delta,full_pseudobulk,0.01430015049542836,0.0064761700842480025,208.0,208,0.0,0.01356857786141252,0.015249021846856135,,,False,no_change,0.01430015049542836,0.01735095391081141,0.0,
held_out_both,held_out_both/MCF7__fold4,no_change,mae,delta,replicate_half,0.016942908966980086,0.0062960917778896505,2080.0,208,0.0,0.016686470815467872,0.01723166384709021,,,False,no_change,0.016942908966980086,0.01735095391081141,0.0,
held_out_both,held_out_both/MCF7__fold4,no_change,pearson_r,absolute,full_pseudobulk,0.993963258212082,0.0108511621812049,208.0,208,0.0,0.9924716995295008,0.995147693544587,0.3000482010280719,8.067974268756455,True,global_mean_delta,0.993559703170497,0.9949046705464127,0.0,
held_out_both,held_out_both/MCF7__fold4,no_change,pearson_r,absolute,replicate_half,0.9926918004706351,0.011024631122074633,2080.0,208,0.0,0.9922000227398764,0.9931262184489035,0.15443892371370416,4.212628233026701,True,global_mean_delta,0.992287627096995,0.9949046705464127,0.0,
held_out_both,held_out_both/MCF7__fold4,no_change,pearson_r,delta,full_pseudobulk,,,0.0,208,208.0,,,,,True,global_mean_delta,0.10181293751938544,0.47035188276275003,0.0,
held_out_both,held_out_both/MCF7__fold4,no_change,pearson_r,delta,replicate_half,,,0.0,208,2080.0,,,,,True,global_mean_delta,0.09007508340930488,0.47035188276275003,0.0,
held_out_both,held_out_both/MCF7__fold4,no_change,pearson_r_de,absolute,full_pseudobulk,0.9789885785867121,0.02896309114548714,105.0,208,103.0,0.9736968723990268,0.983814252237018,-0.09899428194759553,1.7319147257102718,True,global_mean_delta,0.9806440760360766,0.9973672383924733,0.0,
held_out_both,held_out_both/MCF7__fold4,no_change,pearson_r_de,absolute,replicate_half,0.9782498182810137,0.029542116865149765,1050.0,208,1030.0,0.9762122066005865,0.9801398248021409,-0.09535169807192251,1.69264512074429,True,global_mean_delta,0.9799140129625855,0.9973672383924733,0.0,
held_out_both,held_out_both/MCF7__fold4,no_change,pearson_r_de,delta,full_pseudobulk,,,0.0,208,208.0,,,,,True,global_mean_delta,0.3404697177506874,0.8477062342587883,0.0,
held_out_both,held_out_both/MCF7__fold4,no_change,pearson_r_de,delta,replicate_half,,,0.0,208,2080.0,,,,,True,global_mean_delta,0.31943703906474724,0.8477062342587883,0.0,
held_out_both,held_out_both/MCF7__fold4,no_change,pert_discrimination,absolute,full_pseudobulk,0.3694026384243776,0.3352400152474697,208.0,208,0.0,0.3247067772203642,0.4119385219249349,-0.0,1.0156272232265027,True,no_change,0.3694026384243776,0.03932088442958008,0.0,
held_out_both,held_out_both/MCF7__fold4,no_change,pert_discrimination,absolute,replicate_half,0.38739083983649203,0.32738302598597885,2080.0,208,0.0,0.3736605815681902,0.40174662068004463,-0.0,0.9405667478632306,True,no_change,0.38739083983649203,0.03932088442958008,0.0,
held_out_both,held_out_both/MCF7__fold4,no_change,pert_discrimination,delta,full_pseudobulk,0.5,0.29076614732435857,208.0,208,0.0,0.4629314149015237,0.5437470968041621,-0.0,0.5933508018881087,True,no_change,0.5,0.009959123002601263,0.0,
held_out_both,held_out_both/MCF7__fold4,no_change,pert_discrimination,delta,replicate_half,0.5,0.2901361007609813,2080.0,208,0.0,0.48767128855444075,0.5127374814195467,-0.0,0.5920650998315012,True,no_change,0.5,0.009959123002601263,0.0,
held_out_both,held_out_both/MCF7__fold4,per_drug_mean_delta,direction_acc_de,absolute,full_pseudobulk,0.9938127400559809,0.015719484572330064,105.0,208,103.0,0.9904535649113382,0.9965182433252023,0.0,2.6905952368778223,True,global_mean_delta,0.9938127400559809,0.9996551218296775,1.0,0.0
held_out_both,held_out_both/MCF7__fold4,per_drug_mean_delta,direction_acc_de,absolute,replicate_half,0.9937243758458728,0.015674131057956956,1050.0,208,1030.0,0.9928295878005349,0.9946688851227815,0.0,2.642859954002214,True,global_mean_delta,0.9937243758458728,0.9996551218296775,1.0,0.0
held_out_both,held_out_both/MCF7__fold4,per_drug_mean_delta,direction_acc_de,delta,full_pseudobulk,0.6692603236108835,0.25311391157269875,105.0,208,103.0,0.6166186252081656,0.717249378033044,0.0,0.7698753829991132,True,global_mean_delta,0.6692603236108835,0.9980328979289148,1.0,0.0
held_out_both,held_out_both/MCF7__fold4,per_drug_mean_delta,direction_acc_de,delta,replicate_half,0.6692500807818916,0.25200818248948426,1050.0,208,1030.0,0.6539720724320152,0.6839822042689152,0.0,0.7664882997118208,True,global_mean_delta,0.6692500807818916,0.9980328979289148,1.0,0.0
held_out_both,held_out_both/MCF7__fold4,per_drug_mean_delta,mae,absolute,full_pseudobulk,0.016472898707225406,0.005838783285623128,208.0,208,0.0,0.015702268527860885,0.01729982104565747,,,False,no_change,0.01430015049542836,0.01735095391081141,1.0,0.0
held_out_both,held_out_both/MCF7__fold4,per_drug_mean_delta,mae,absolute,replicate_half,0.018839365990567715,0.005742245951148172,2080.0,208,0.0,0.01861040061491652,0.01908123711634128,,,False,no_change,0.016942908966980086,0.01735095391081141,1.0,0.0
held_out_both,held_out_both/MCF7__fold4,per_drug_mean_delta,mae,delta,full_pseudobulk,0.016472898707225406,0.005838783285623128,208.0,208,0.0,0.015752471543660555,0.017309438069509662,,,False,no_change,0.01430015049542836,0.01735095391081141,1.0,0.0
held_out_both,held_out_both/MCF7__fold4,per_drug_mean_delta,mae,delta,replicate_half,0.018839365990567715,0.005742245951148172,2080.0,208,0.0,0.01860265616497978,0.019095659892589614,,,False,no_change,0.016942908966980086,0.01735095391081141,1.0,0.0
held_out_both,held_out_both/MCF7__fold4,per_drug_mean_delta,pearson_r,absolute,full_pseudobulk,0.993559703170497,0.01031230645568305,208.0,208,0.0,0.9920488224289151,0.9947431334010038,0.0,7.667328323604833,True,global_mean_delta,0.993559703170497,0.9949046705464127,1.0,0.0
held_out_both,held_out_both/MCF7__fold4,per_drug_mean_delta,pearson_r,absolute,replicate_half,0.992287627096995,0.010489481297358544,2080.0,208,0.0,0.9918198439930609,0.9927210293788691,0.0,4.008141821142649,True,global_mean_delta,0.992287627096995,0.9949046705464127,1.0,0.0
held_out_both,held_out_both/MCF7__fold4,per_drug_mean_delta,pearson_r,delta,full_pseudobulk,0.10181293751938544,0.13715787946398011,208.0,208,0.0,0.08104744705206827,0.1201860250088565,0.0,0.37216658167132904,True,global_mean_delta,0.10181293751938544,0.47035188276275003,1.0,0.0
held_out_both,held_out_both/MCF7__fold4,per_drug_mean_delta,pearson_r,delta,replicate_half,0.09007508340930488,0.12659584127641055,2080.0,208,0.0,0.08420102891762397,0.09530362388799804,0.0,0.33290445667905993,True,global_mean_delta,0.09007508340930488,0.47035188276275003,1.0,0.0
held_out_both,held_out_both/MCF7__fold4,per_drug_mean_delta,pearson_r_de,absolute,full_pseudobulk,0.9806440760360766,0.02754595903691245,105.0,208,103.0,0.9749418447405618,0.9854345812331475,0.0,1.6471740481773154,True,global_mean_delta,0.9806440760360766,0.9973672383924733,1.0,0.0
held_out_both,held_out_both/MCF7__fold4,per_drug_mean_delta,pearson_r_de,absolute,replicate_half,0.9799140129625855,0.028122264658851034,1050.0,208,1030.0,0.9781338157210498,0.9816149839266513,0.0,1.6112932690763857,True,global_mean_delta,0.9799140129625855,0.9973672383924733,1.0,0.0
held_out_both,held_out_both/MCF7__fold4,per_drug_mean_delta,pearson_r_de,delta,full_pseudobulk,0.3404697177506874,0.4605531672303283,105.0,208,103.0,0.2459801339539495,0.4277714336944455,0.0,0.9079653223723945,True,global_mean_delta,0.3404697177506874,0.8477062342587883,1.0,0.0
held_out_both,held_out_both/MCF7__fold4,per_drug_mean_delta,pearson_r_de,delta,replicate_half,0.31943703906474724,0.46312120340391805,1050.0,208,1030.0,0.2899686785073738,0.3476268665108857,0.0,0.8766765270759481,True,global_mean_delta,0.31943703906474724,0.8477062342587883,1.0,0.0
held_out_both,held_out_both/MCF7__fold4,per_drug_mean_delta,pert_discrimination,absolute,full_pseudobulk,0.3643859160163508,0.3292995516065958,208.0,208,0.0,0.31612086584912674,0.40509801189149014,0.015198423867154674,0.9976302768064725,True,no_change,0.3694026384243776,0.03932088442958008,1.0,0.0
held_out_both,held_out_both/MCF7__fold4,per_drug_mean_delta,pert_discrimination,absolute,replicate_half,0.3851263470828688,0.3207851674231994,2080.0,208,0.0,0.37073259243775547,0.3985356860832404,0.006505855269742877,0.9216111946467336,True,no_change,0.38739083983649203,0.03932088442958008,1.0,0.0
held_out_both,held_out_both/MCF7__fold4,per_drug_mean_delta,pert_discrimination,delta,full_pseudobulk,0.5,0.2907661473243585,208.0,208,0.0,0.4587270066889632,0.5388935340022296,-0.0,0.5933508018881085,True,no_change,0.5,0.009959123002601263,1.0,0.0
held_out_both,held_out_both/MCF7__fold4,per_drug_mean_delta,pert_discrimination,delta,replicate_half,0.5,0.2901361007609813,2080.0,208,0.0,0.4880501556112969,0.5119666248606467,-0.0,0.5920650998315012,True,no_change,0.5,0.009959123002601263,1.0,0.0
held_out_both,held_out_both/MCF7__fold4,ridge_no_drug,direction_acc_de,absolute,full_pseudobulk,0.9596137752171919,0.05317404010684856,105.0,208,103.0,0.9490491436172765,0.9695639865291181,-5.853599809714266,9.101431944459112,True,global_mean_delta,0.9938127400559809,0.9996551218296775,0.0,
held_out_both,held_out_both/MCF7__fold4,ridge_no_drug,direction_acc_de,absolute,replicate_half,0.95955889987366,0.05296747637354061,1050.0,208,1030.0,0.9562102478900003,0.9629213152380566,-5.760738373470981,8.930997300875912,True,global_mean_delta,0.9937243758458728,0.9996551218296775,0.0,
held_out_both,held_out_both/MCF7__fold4,ridge_no_drug,direction_acc_de,delta,full_pseudobulk,0.38321495647523574,0.2863398618474526,105.0,208,103.0,0.3302424475769111,0.43911154570266486,-0.8700402329147678,0.870935972811612,True,global_mean_delta,0.6692603236108835,0.9980328979289148,0.0,
held_out_both,held_out_both/MCF7__fold4,ridge_no_drug,direction_acc_de,delta,replicate_half,0.3833274843511612,0.2850849079480943,1050.0,208,1030.0,0.3663276259925111,0.40261735756179867,-0.8696397181330593,0.867091870621121,True,global_mean_delta,0.6692500807818916,0.9980328979289148,0.0,
held_out_both,held_out_both/MCF7__fold4,ridge_no_drug,mae,absolute,full_pseudobulk,0.08054587426017835,0.0030063069799945333,208.0,208,0.0,0.08016274384945707,0.08095214527734267,,,False,no_change,0.01430015049542836,0.01735095391081141,0.0,
held_out_both,held_out_both/MCF7__fold4,ridge_no_drug,mae,absolute,replicate_half,0.08115438628731704,0.003047314367878974,2080.0,208,0.0,0.0810326518516805,0.08128921483743679,,,False,no_change,0.016942908966980086,0.01735095391081141,0.0,
held_out_both,held_out_both/MCF7__fold4,ridge_no_drug,mae,delta,full_pseudobulk,0.08054587426017835,0.0030063069799945333,208.0,208,0.0,0.08016038103532085,0.0809479315729682,,,False,no_change,0.01430015049542836,0.01735095391081141,0.0,
held_out_both,held_out_both/MCF7__fold4,ridge_no_drug,mae,delta,replicate_half,0.08115438628731704,0.003047314367878974,2080.0,208,0.0,0.08103106486347314,0.08128483542719533,,,False,no_change,0.016942908966980086,0.01735095391081141,0.0,
held_out_both,held_out_both/MCF7__fold4,ridge_no_drug,pearson_r,absolute,full_pseudobulk,0.8830504312217998,0.010080615298953537,208.0,208,0.0,0.8815935530665634,0.8843574518864392,-82.16502045148658,7.495063062098569,True,global_mean_delta,0.993559703170497,0.9949046705464127,0.0,
held_out_both,held_out_both/MCF7__fold4,ridge_no_drug,pearson_r,absolute,replicate_half,0.8820126524692027,0.010218802492625927,2080.0,208,0.0,0.8815963832714335,0.8824717068354725,-42.137234921463914,3.9047125850736637,True,global_mean_delta,0.992287627096995,0.9949046705464127,0.0,
held_out_both,held_out_both/MCF7__fold4,ridge_no_drug,pearson_r,delta,full_pseudobulk,-0.05755830152928533,0.21886600918403978,208.0,208,0.0,-0.08579318652188658,-0.02776213906263175,-0.4324406988884988,0.5938748455458667,True,global_mean_delta,0.10181293751938544,0.47035188276275003,0.0,
held_out_both,held_out_both/MCF7__fold4,ridge_no_drug,pearson_r,delta,replicate_half,-0.0466245666250078,0.1982179647905763,2080.0,208,0.0,-0.05492879620196577,-0.038089617406302005,-0.35947407327171255,0.5212465370687636,True,global_mean_delta,0.09007508340930488,0.47035188276275003,0.0,
held_out_both,held_out_both/MCF7__fold4,ridge_no_drug,pearson_r_de,absolute,full_pseudobulk,0.9027865201808729,0.2106670480590656,105.0,208,103.0,0.8575524106209047,0.934002492043059,-4.655671827847964,12.597321222471077,True,global_mean_delta,0.9806440760360766,0.9973672383924733,0.0,
held_out_both,held_out_both/MCF7__fold4,ridge_no_drug,pearson_r_de,absolute,replicate_half,0.9024551541111911,0.2097982386311977,1050.0,208,1030.0,0.8893180632988195,0.9150203719755439,-4.43808275797262,12.020599829755726,True,global_mean_delta,0.9799140129625855,0.9973672383924733,0.0,
held_out_both,held_out_both/MCF7__fold4,ridge_no_drug,pearson_r_de,delta,full_pseudobulk,-0.16007055910450696,0.5843651928569106,105.0,208,103.0,-0.2703423214885451,-0.05477835864526459,-0.9867985852063557,1.1520566320417465,True,global_mean_delta,0.3404697177506874,0.8477062342587883,0.0,
held_out_both,held_out_both/MCF7__fold4,ridge_no_drug,pearson_r_de,delta,replicate_half,-0.13950917658201503,0.5775752471480978,1050.0,208,1030.0,-0.17600188821354026,-0.10425253533087195,-0.8687733826277427,1.0933350882516364,True,global_mean_delta,0.31943703906474724,0.8477062342587883,0.0,
held_out_both,held_out_both/MCF7__fold4,ridge_no_drug,pert_discrimination,absolute,full_pseudobulk,0.48704013377926425,0.2908861405276919,208.0,208,0.0,0.44912207357859535,0.5259040551839463,-0.3563889670700816,0.8812548315902267,True,no_change,0.3694026384243776,0.03932088442958008,0.0,
held_out_both,held_out_both/MCF7__fold4,ridge_no_drug,pert_discrimination,absolute,replicate_half,0.4873769044964697,0.29039023267804764,2080.0,208,0.0,0.4745878042549238,0.4998616917502787,-0.28725853267941137,0.8342869821630147,True,no_change,0.38739083983649203,0.03932088442958008,0.0,
held_out_both,held_out_both/MCF7__fold4,ridge_no_drug,pert_discrimination,delta,full_pseudobulk,0.4976542177629134,0.28956806189274886,208.0,208,0.0,0.45863294314381275,0.5380910906726124,0.004786911352089192,0.5909059335355935,True,no_change,0.5,0.009959123002601263,0.0,
held_out_both,held_out_both/MCF7__fold4,ridge_no_drug,pert_discrimination,delta,replicate_half,0.4977099591230026,0.28882530023105274,2080.0,208,0.0,0.48556943283166104,0.5105259429580082,0.004673162963524711,0.5893902198542222,True,no_change,0.5,0.009959123002601263,0.0,
held_out_context,held_out_context/A549,ceiling,direction_acc_de,absolute,full_pseudobulk,0.9961570906926298,0.009560498912619264,4460.0,931,4850.0,0.9958792988907036,0.9964579228742753,1.0,1.7108751903063704,True,global_mean_delta,0.9905690156730211,0.9961570906926298,,
held_out_context,held_out_context/A549,ceiling,direction_acc_de,absolute,replicate_half,0.9961570906926298,0.009560498912619264,4460.0,931,4850.0,0.9958911053847139,0.9964496263562059,1.0,1.5075766876634527,True,global_mean_delta,0.9898154571353766,0.9961570906926298,,
held_out_context,held_out_context/A549,ceiling,direction_acc_de,delta,full_pseudobulk,0.9826472789793833,0.040187012880922995,4460.0,931,4850.0,0.981487286796763,0.9837797950555436,1.0,0.11512357122104538,True,global_mean_delta,0.6335700877953026,0.9826472789793833,,
held_out_context,held_out_context/A549,ceiling,direction_acc_de,delta,replicate_half,0.9826472789793833,0.040187012880922995,4460.0,931,4850.0,0.9814698776965346,0.9837847467015512,1.0,0.11524264909101638,True,global_mean_delta,0.6339307821103806,0.9826472789793833,,
held_out_context,held_out_context/A549,ceiling,mae,absolute,full_pseudobulk,0.02783782190950799,0.005679612302584297,9310.0,931,0.0,0.027723451152745146,0.02796450652023217,,,False,no_change,0.02292600755012066,0.02783782190950799,,
held_out_context,held_out_context/A549,ceiling,mae,absolute,replicate_half,0.02783782190950799,0.005679612302584297,9310.0,931,0.0,0.0277227733155717,0.02794981743795243,,,False,no_change,0.027176196264395297,0.02783782190950799,,
held_out_context,held_out_context/A549,ceiling,mae,delta,full_pseudobulk,0.02783782190950799,0.005679612302584297,9310.0,931,0.0,0.02771481644741839,0.02794932693033882,,,False,no_change,0.02292600755012066,0.02783782190950799,,
held_out_context,held_out_context/A549,ceiling,mae,delta,replicate_half,0.02783782190950799,0.005679612302584297,9310.0,931,0.0,0.02771560823274184,0.02795692700101065,,,False,no_change,0.027176196264395297,0.02783782190950799,,
held_out_context,held_out_context/A549,ceiling,pearson_r,absolute,full_pseudobulk,0.9851279069398312,0.006726079815134453,9310.0,931,0.0,0.9849851076888901,0.9852728458502353,1.0,5.221832607974398,True,global_mean_delta,0.9838398381103435,0.9851279069398312,,
held_out_context,held_out_context/A549,ceiling,pearson_r,absolute,replicate_half,0.9851279069398312,0.006726079815134453,9310.0,931,0.0,0.9849846016893652,0.9852617872047055,1.0,1.3729825187207205,True,global_mean_delta,0.9802290245990702,0.9851279069398312,,
held_out_context,held_out_context/A549,ceiling,pearson_r,delta,full_pseudobulk,0.43916957722366495,0.2222438458515744,9310.0,931,0.0,0.43508063787798795,0.4437930680105169,1.0,0.6382539161690649,True,global_mean_delta,0.0909635729651576,0.43916957722366495,,
held_out_context,held_out_context/A549,ceiling,pearson_r,delta,replicate_half,0.43916957722366495,0.2222438458515744,9310.0,931,0.0,0.4345782471886933,0.44366515825123376,1.0,0.6236175089101713,True,global_mean_delta,0.08279111979394035,0.43916957722366495,,
held_out_context,held_out_context/A549,ceiling,pearson_r_de,absolute,full_pseudobulk,0.9879398824582417,0.08539630706402869,4460.0,931,4850.0,0.9849603870761259,0.9900555628378531,1.0,1.814914079015052,True,global_mean_delta,0.9408873480978421,0.9879398824582417,,
held_out_context,held_out_context/A549,ceiling,pearson_r_de,absolute,replicate_half,0.9879398824582417,0.08539630706402869,4460.0,931,4850.0,0.985067469019846,0.9902420612348498,1.0,1.8436255027394906,True,global_mean_delta,0.9416201136455755,0.9879398824582417,,
held_out_context,held_out_context/A549,ceiling,pearson_r_de,delta,full_pseudobulk,0.8312273480476944,0.30792469109770565,4460.0,931,4850.0,0.821430813960664,0.8403826531744901,1.0,0.5421883128127349,True,global_mean_delta,0.2632979334495251,0.8312273480476944,,
held_out_context,held_out_context/A549,ceiling,pearson_r_de,delta,replicate_half,0.8312273480476944,0.30792469109770565,4460.0,931,4850.0,0.8222294782372834,0.840924548742374,1.0,0.5373529999218422,True,global_mean_delta,0.25818748199596825,0.8312273480476944,,
held_out_context,held_out_context/A549,ceiling,pert_discrimination,absolute,full_pseudobulk,0.0476057655659887,0.08868564562237485,9310.0,931,0.0,0.045804800018479384,0.04937643070810667,1.0,0.3627532097139319,True,no_change,0.2920850513380225,0.0476057655659887,,
held_out_context,held_out_context/A549,ceiling,pert_discrimination,absolute,replicate_half,0.0476057655659887,0.08868564562237485,9310.0,931,0.0,0.04583114756938429,0.049491383989928736,1.0,0.3442113059354951,True,no_change,0.30525461118233366,0.0476057655659887,,
held_out_context,held_out_context/A549,ceiling,pert_discrimination,delta,full_pseudobulk,0.02732765092454639,0.04814406329014308,9310.0,931,0.0,0.026364211219292468,0.02833785789358188,1.0,0.10185504479860688,True,no_change,0.5,0.02732765092454639,,
held_out_context,held_out_context/A549,ceiling,pert_discrimination,delta,replicate_half,0.02732765092454639,0.04814406329014308,9310.0,931,0.0,0.026342212097062934,0.02827455158633912,1.0,0.10185504479860688,True,no_change,0.5,0.02732765092454639,,
held_out_context,held_out_context/A549,global_mean_delta,direction_acc_de,absolute,full_pseudobulk,0.9905690156730211,0.014896320851215296,446.0,931,485.0,0.9891329974531142,0.9918896371391904,0.0,2.6657338705983347,True,global_mean_delta,0.9905690156730211,0.9961570906926298,0.0,
held_out_context,held_out_context/A549,global_mean_delta,direction_acc_de,absolute,replicate_half,0.9898154571353766,0.01602623774250569,4460.0,931,4850.0,0.9893728413873976,0.9902997659061757,0.0,2.527146609437193,True,global_mean_delta,0.9898154571353766,0.9961570906926298,0.0,
held_out_context,held_out_context/A549,global_mean_delta,direction_acc_de,delta,full_pseudobulk,0.6335700877953026,0.23216712197446313,446.0,931,485.0,0.6123036580481478,0.6534406839630236,0.0,0.665088203520101,True,global_mean_delta,0.6335700877953026,0.9826472789793833,0.0,
held_out_context,held_out_context/A549,global_mean_delta,direction_acc_de,delta,replicate_half,0.6339307821103806,0.23160170446544587,4460.0,931,4850.0,0.6277741837886736,0.6405310803992972,0.0,0.6641547117641765,True,global_mean_delta,0.6339307821103806,0.9826472789793833,0.0,
held_out_context,held_out_context/A549,global_mean_delta,mae,absolute,full_pseudobulk,0.02391236637114117,0.01093526298552434,931.0,931,0.0,0.02319162898207224,0.02458513816271656,,,False,no_change,0.02292600755012066,0.02783782190950799,0.0,
held_out_context,held_out_context/A549,global_mean_delta,mae,absolute,replicate_half,0.02798685878191537,0.010853659417570952,9310.0,931,0.0,0.02778206497416023,0.02820566975498283,,,False,no_change,0.027176196264395297,0.02783782190950799,0.0,
held_out_context,held_out_context/A549,global_mean_delta,mae,delta,full_pseudobulk,0.02391236637114117,0.01093526298552434,931.0,931,0.0,0.023206258810017363,0.024671042422227587,,,False,no_change,0.02292600755012066,0.02783782190950799,0.0,
held_out_context,held_out_context/A549,global_mean_delta,mae,delta,replicate_half,0.02798685878191537,0.010853659417570952,9310.0,931,0.0,0.027779107570392578,0.028208358611006717,,,False,no_change,0.027176196264395297,0.02783782190950799,0.0,
held_out_context,held_out_context/A549,global_mean_delta,pearson_r,absolute,full_pseudobulk,0.9838398381103435,0.025683826628743533,931.0,931,0.0,0.9822347267712077,0.9854748501186292,0.0,19.93979362031302,True,global_mean_delta,0.9838398381103435,0.9851279069398312,0.0,
held_out_context,held_out_context/A549,global_mean_delta,pearson_r,absolute,replicate_half,0.9802290245990702,0.026320005758298435,9310.0,931,0.0,0.9797008753688627,0.9807436737362336,0.0,5.372655215517998,True,global_mean_delta,0.9802290245990702,0.9851279069398312,0.0,
held_out_context,held_out_context/A549,global_mean_delta,pearson_r,delta,full_pseudobulk,0.0909635729651576,0.15012666309100609,931.0,931,0.0,0.08172922988414962,0.100997029394294,0.0,0.4311432349097358,True,global_mean_delta,0.0909635729651576,0.43916957722366495,0.0,
held_out_context,held_out_context/A549,global_mean_delta,pearson_r,delta,replicate_half,0.08279111979394035,0.13806016741634605,9310.0,931,0.0,0.08021189757715255,0.08553302398243535,0.0,0.387397623335778,True,global_mean_delta,0.08279111979394035,0.43916957722366495,0.0,
held_out_context,held_out_context/A549,global_mean_delta,pearson_r_de,absolute,full_pseudobulk,0.9408873480978421,0.16221913858998535,446.0,931,485.0,0.9252732211779587,0.9542104502730521,0.0,3.4476174513250544,True,global_mean_delta,0.9408873480978421,0.9879398824582417,0.0,
held_out_context,held_out_context/A549,global_mean_delta,pearson_r_de,absolute,replicate_half,0.9416201136455755,0.14635509730875523,4460.0,931,4850.0,0.9373123819797713,0.9457893161983478,0.0,3.1596681300519416,True,global_mean_delta,0.9416201136455755,0.9879398824582417,0.0,
held_out_context,held_out_context/A549,global_mean_delta,pearson_r_de,delta,full_pseudobulk,0.2632979334495251,0.4932270107580193,446.0,931,485.0,0.2154032045346692,0.3071305607686758,0.0,0.868465337557829,True,global_mean_delta,0.2632979334495251,0.8312273480476944,0.0,
held_out_context,held_out_context/A549,global_mean_delta,pearson_r_de,delta,replicate_half,0.25818748199596825,0.489144817174847,4460.0,931,4850.0,0.24317741392321876,0.2721452770313739,0.0,0.8535964880507871,True,global_mean_delta,0.25818748199596825,0.8312273480476944,0.0,
held_out_context,held_out_context/A549,global_mean_delta,pert_discrimination,absolute,full_pseudobulk,0.288288694085444,0.28492736155864845,931.0,931,0.0,0.27099982098102404,0.30741141448090276,0.01552833910075483,1.1654458195052595,True,no_change,0.2920850513380225,0.0476057655659887,0.0,
held_out_context,held_out_context/A549,global_mean_delta,pert_discrimination,absolute,replicate_half,0.302176177771618,0.2834575891907446,9310.0,931,0.0,0.29664508044304316,0.30811936812076274,0.011948174669098472,1.1001702278644419,True,no_change,0.30525461118233366,0.0476057655659887,0.0,
held_out_context,held_out_context/A549,global_mean_delta,pert_discrimination,delta,full_pseudobulk,0.5,0.2891406979969082,931.0,931,0.0,0.48041353383458646,0.5190102271808553,-0.0,0.6117148560995095,True,no_change,0.5,0.02732765092454639,0.0,
held_out_context,held_out_context/A549,global_mean_delta,pert_discrimination,delta,replicate_half,0.5,0.28900089267098317,9310.0,931,0.0,0.4943188096970536,0.5059321691325086,-0.0,0.6114190796992218,True,no_change,0.5,0.02732765092454639,0.0,
held_out_context,held_out_context/A549,nearest_context,direction_acc_de,absolute,full_pseudobulk,0.9705703664543889,0.04356715947283687,446.0,931,485.0,0.9663993173282935,0.9748524189916743,-3.578808292382721,7.796452144962045,True,global_mean_delta,0.9905690156730211,0.9961570906926298,0.0,0.0021482277121374865
held_out_context,held_out_context/A549,nearest_context,direction_acc_de,absolute,replicate_half,0.9701486662486921,0.04397300258325057,4460.0,931,4850.0,0.9688381048315075,0.9714688331180574,-3.101218433567563,6.934018212540262,True,global_mean_delta,0.9898154571353766,0.9961570906926298,0.0,0.0021482277121374865
held_out_context,held_out_context/A549,nearest_context,direction_acc_de,delta,full_pseudobulk,0.7061148038137884,0.19507911331574332,446.0,931,485.0,0.6875253733705975,0.7237882885880954,0.20781855088386594,0.5588423370029674,True,global_mean_delta,0.6335700877953026,0.9826472789793833,0.0,0.0021482277121374865
held_out_context,held_out_context/A549,nearest_context,direction_acc_de,delta,replicate_half,0.7048641564257718,0.19512254636175777,4460.0,931,4850.0,0.6988454441163413,0.7106254297317537,0.20341272911455568,0.5595449257884023,True,global_mean_delta,0.6339307821103806,0.9826472789793833,0.0,0.0021482277121374865
held_out_context,held_out_context/A549,nearest_context,mae,absolute,full_pseudobulk,0.030138291029319354,0.014930479626098236,931.0,931,0.0,0.029209349070755453,0.031151853551810212,,,False,no_change,0.02292600755012066,0.02783782190950799,0.0,0.0021482277121374865
held_out_context,held_out_context/A549,nearest_context,mae,absolute,replicate_half,0.03369066381550697,0.014723891364367326,9310.0,931,0.0,0.033403424510200744,0.033985165189774305,,,False,no_change,0.027176196264395297,0.02783782190950799,0.0,0.0021482277121374865
held_out_context,held_out_context/A549,nearest_context,mae,delta,full_pseudobulk,0.030138291029319354,0.014930479626098236,931.0,931,0.0,0.029226966679562927,0.031067766734273798,,,False,no_change,0.02292600755012066,0.02783782190950799,0.0,0.0021482277121374865
held_out_context,held_out_context/A549,nearest_context,mae,delta,replicate_half,0.03369066381550697,0.014723891364367326,9310.0,931,0.0,0.03339188919419626,0.03398112314775279,,,False,no_change,0.027176196264395297,0.02783782190950799,0.0,0.0021482277121374865
held_out_context,held_out_context/A549,nearest_context,pearson_r,absolute,full_pseudobulk,0.9777071254380415,0.028919570268991706,931.0,931,0.0,0.9759439751699394,0.9796180220862366,-4.761168449935219,22.451882699850046,True,global_mean_delta,0.9838398381103435,0.9851279069398312,0.0,0.0021482277121374865
held_out_context,held_out_context/A549,nearest_context,pearson_r,absolute,replicate_half,0.9741257241674889,0.029521227134507645,9310.0,931,0.0,0.9735424397335547,0.9747521677274263,-1.2458556885106375,6.026114750476323,True,global_mean_delta,0.9802290245990702,0.9851279069398312,0.0,0.0021482277121374865
held_out_context,held_out_context/A549,nearest_context,pearson_r,delta,full_pseudobulk,0.13267574574891575,0.1646637219819004,931.0,931,0.0,0.12218957795424089,0.1439839437848492,0.11979165285384087,0.47289167897189516,True,global_mean_delta,0.0909635729651576,0.43916957722366495,0.0,0.0021482277121374865
held_out_context,held_out_context/A549,nearest_context,pearson_r,delta,replicate_half,0.11955567188810537,0.15441836044309387,9310.0,931,0.0,0.11648263419985978,0.1225372135133749,0.10316154449771905,0.43329880699521267,True,global_mean_delta,0.08279111979394035,0.43916957722366495,0.0,0.0021482277121374865
held_out_context,held_out_context/A549,nearest_context,pearson_r_de,absolute,full_pseudobulk,0.9552721460201431,0.11893992363726519,446.0,931,485.0,0.9434981559139941,0.9643603836534499,0.30571781345762145,2.527811206219905,True,global_mean_delta,0.9408873480978421,0.9879398824582417,0.0,0.0021482277121374865
held_out_context,held_out_context/A549,nearest_context,pearson_r_de,absolute,replicate_half,0.9560151707711066,0.09539296671084943,4460.0,931,4850.0,0.9529640434926626,0.9586064520230788,0.3107756686729141,2.059443929797079,True,global_mean_delta,0.9416201136455755,0.9879398824582417,0.0,0.0021482277121374865
held_out_context,held_out_context/A549,nearest_context,pearson_r_de,delta,full_pseudobulk,0.43388700987787143,0.41121948613298104,446.0,931,485.0,0.3987440221504919,0.469428402378539,0.300370208063698,0.7240679485212679,True,global_mean_delta,0.2632979334495251,0.8312273480476944,0.0,0.0021482277121374865
held_out_context,held_out_context/A549,nearest_context,pearson_r_de,delta,replicate_half,0.4175047553890899,0.4145633231175701,4460.0,931,4850.0,0.40551060679393286,0.42904216005928786,0.2780212736171843,0.7234458676914269,True,global_mean_delta,0.25818748199596825,0.8312273480476944,0.0,0.0021482277121374865
held_out_context,held_out_context/A549,nearest_context,pert_discrimination,absolute,full_pseudobulk,0.1842047515101117,0.20521839592308916,931.0,931,0.0,0.170623217028747,0.19797907787902935,0.4412656045163042,0.8394101581041361,True,no_change,0.2920850513380225,0.0476057655659887,0.0,0.0021482277121374865
held_out_context,held_out_context/A549,nearest_context,pert_discrimination,absolute,replicate_half,0.20391647321067646,0.21326569711355667,9310.0,931,0.0,0.19941420948685076,0.20815377730039383,0.3933188123907062,0.8277378328763113,True,no_change,0.30525461118233366,0.0476057655659887,0.0,0.0021482277121374865
held_out_context,held_out_context/A549,nearest_context,pert_discrimination,delta,full_pseudobulk,0.3637411501102988,0.2714643151872247,931.0,931,0.0,0.34542670039153184,0.3808251619832993,0.2882733677064531,0.5743181629266202,True,no_change,0.5,0.02732765092454639,0.0,0.0021482277121374865
held_out_context,held_out_context/A549,nearest_context,pert_discrimination,delta,replicate_half,0.38029116570227417,0.26942216616084264,9310.0,931,0.0,0.3747926325029163,0.3861540111800238,0.2532596512824922,0.5699977303259477,True,no_change,0.5,0.02732765092454639,0.0,0.0021482277121374865
held_out_context,held_out_context/A549,no_change,direction_acc_de,absolute,full_pseudobulk,0.9959642490652844,0.008187343157788905,446.0,931,485.0,0.9951298470905631,0.9967239542182313,0.96549050850807,1.4651455338483008,True,global_mean_delta,0.9905690156730211,0.9961570906926298,0.0,
held_out_context,held_out_context/A549,no_change,direction_acc_de,absolute,replicate_half,0.9954268330855456,0.009452785829585428,4460.0,931,4850.0,0.9951400959415496,0.9956904511728992,0.8848470823027933,1.4905916187436885,True,global_mean_delta,0.9898154571353766,0.9961570906926298,0.0,
held_out_context,held_out_context/A549,no_change,direction_acc_de,delta,full_pseudobulk,0.0,0.0,446.0,931,485.0,0.0,0.0,-1.8149856358308973,0.0,True,global_mean_delta,0.6335700877953026,0.9826472789793833,0.0,
held_out_context,held_out_context/A549,no_change,direction_acc_de,delta,replicate_half,0.00027393093499969337,0.0012086615295899426,4460.0,931,4850.0,0.00023790654106222545,0.00030910576262285967,-1.8171117709220894,0.003466029110873934,True,global_mean_delta,0.6339307821103806,0.9826472789793833,0.0,
held_out_context,held_out_context/A549,no_change,mae,absolute,full_pseudobulk,0.02292600755012066,0.01161791361288911,931.0,931,0.0,0.022176509731885938,0.02373241402747841,,,False,no_change,0.02292600755012066,0.02783782190950799,0.0,
held_out_context,held_out_context/A549,no_change,mae,absolute,replicate_half,0.027176196264395297,0.01146863599289087,9310.0,931,0.0,0.02693905980973681,0.027403157521993824,,,False,no_change,0.027176196264395297,0.02783782190950799,0.0,
held_out_context,held_out_context/A549,no_change,mae,delta,full_pseudobulk,0.02292600755012066,0.01161791361288911,931.0,931,0.0,0.022253704444509116,0.023647931982782616,,,False,no_change,0.02292600755012066,0.02783782190950799,0.0,
held_out_context,held_out_context/A549,no_change,mae,delta,replicate_half,0.027176196264395297,0.01146863599289087,9310.0,931,0.0,0.026942378176545115,0.027433172204915184,,,False,no_change,0.027176196264395297,0.02783782190950799,0.0,
held_out_context,held_out_context/A549,no_change,pearson_r,absolute,full_pseudobulk,0.983782341695807,0.027055926667312748,931.0,931,0.0,0.9820966802836405,0.9855702272956047,-0.04463768800252499,21.005031756007135,True,global_mean_delta,0.9838398381103435,0.9851279069398312,0.0,
held_out_context,held_out_context/A549,no_change,pearson_r,absolute,replicate_half,0.9801711369733301,0.027677534059370033,9310.0,931,0.0,0.9795833857293025,0.9807100917564032,-0.01181649644010701,5.649765014578967,True,global_mean_delta,0.9802290245990702,0.9851279069398312,0.0,
held_out_context,held_out_context/A549,no_change,pearson_r,delta,full_pseudobulk,,,0.0,931,931.0,,,,,True,global_mean_delta,0.0909635729651576,0.43916957722366495,0.0,
held_out_context,held_out_context/A549,no_change,pearson_r,delta,replicate_half,,,0.0,931,9310.0,,,,,True,global_mean_delta,0.08279111979394035,0.43916957722366495,0.0,
held_out_context,held_out_context/A549,no_change,pearson_r_de,absolute,full_pseudobulk,0.9391598772366183,0.15986140052890777,446.0,931,485.0,0.9233675145370367,0.9523067190731648,-0.036713662392597914,3.397508820767167,True,global_mean_delta,0.9408873480978421,0.9879398824582417,0.0,
held_out_context,held_out_context/A549,no_change,pearson_r_de,absolute,replicate_half,0.9399074350454534,0.14365832931918876,4460.0,931,4850.0,0.9356522587170364,0.9437337051623114,-0.036975111146362365,3.1014474597270705,True,global_mean_delta,0.9416201136455755,0.9879398824582417,0.0,
held_out_context,held_out_context/A549,no_change,pearson_r_de,delta,full_pseudobulk,,,0.0,931,931.0,,,,,True,global_mean_delta,0.2632979334495251,0.8312273480476944,0.0,
held_out_context,held_out_context/A549,no_change,pearson_r_de,delta,replicate_half,,,0.0,931,9310.0,,,,,True,global_mean_delta,0.25818748199596825,0.8312273480476944,0.0,
held_out_context,held_out_context/A549,no_change,pert_discrimination,absolute,full_pseudobulk,0.2920850513380225,0.2866019534894989,931.0,931,0.0,0.27359288197452153,0.31150745527413004,-0.0,1.1722954465628743,True,no_change,0.2920850513380225,0.0476057655659887,0.0,
held_out_context,held_out_context/A549,no_change,pert_discrimination,absolute,replicate_half,0.30525461118233366,0.2848521638969969,9310.0,931,0.0,0.29953335816499777,0.31069994109698207,-0.0,1.105582923205328,True,no_change,0.30525461118233366,0.0476057655659887,0.0,
held_out_context,held_out_context/A549,no_change,pert_discrimination,delta,full_pseudobulk,0.5,0.2891406979969082,931.0,931,0.0,0.4803538800919349,0.5186000138595336,-0.0,0.6117148560995095,True,no_change,0.5,0.02732765092454639,0.0,
held_out_context,held_out_context/A549,no_change,pert_discrimination,delta,replicate_half,0.5,0.28900089267098317,9310.0,931,0.0,0.4942397612695332,0.5059458640841735,-0.0,0.6114190796992218,True,no_change,0.5,0.02732765092454639,0.0,
held_out_context,held_out_context/A549,per_drug_mean_delta,direction_acc_de,absolute,full_pseudobulk,0.973425290620286,0.04236064881865208,446.0,931,485.0,0.9694200483841867,0.9771665029264832,-3.0679124730032075,7.5805440460279545,True,global_mean_delta,0.9905690156730211,0.9961570906926298,0.0,0.0021482277121374865
held_out_context,held_out_context/A549,per_drug_mean_delta,direction_acc_de,absolute,replicate_half,0.9729677470698636,0.04273440512506356,4460.0,931,4850.0,0.9716271962945434,0.9742285837272496,-2.6566830002726025,6.7387061613148544,True,global_mean_delta,0.9898154571353766,0.9961570906926298,0.0,0.0021482277121374865
held_out_context,held_out_context/A549,per_drug_mean_delta,direction_acc_de,delta,full_pseudobulk,0.7120514015471656,0.18758912167496133,446.0,931,485.0,0.6943239353812493,0.7296110322235382,0.22482509809836615,0.5373857886235797,True,global_mean_delta,0.6335700877953026,0.9826472789793833,0.0,0.0021482277121374865
held_out_context,held_out_context/A549,per_drug_mean_delta,direction_acc_de,delta,replicate_half,0.7106719700736217,0.18762848817561487,4460.0,931,4850.0,0.7049743433799939,0.7160911616967995,0.22006755818056234,0.538054522399319,True,global_mean_delta,0.6339307821103806,0.9826472789793833,0.0,0.0021482277121374865
held_out_context,held_out_context/A549,per_drug_mean_delta,mae,absolute,full_pseudobulk,0.029314105185693905,0.01291946349729818,931.0,931,0.0,0.028543930117049462,0.03010991706610678,,,False,no_change,0.02292600755012066,0.02783782190950799,0.0,0.0021482277121374865
held_out_context,held_out_context/A549,per_drug_mean_delta,mae,absolute,replicate_half,0.032875986431022755,0.012719358342466028,9310.0,931,0.0,0.03260867572096872,0.03313874858124412,,,False,no_change,0.027176196264395297,0.02783782190950799,0.0,0.0021482277121374865
held_out_context,held_out_context/A549,per_drug_mean_delta,mae,delta,full_pseudobulk,0.029314105185693905,0.01291946349729818,931.0,931,0.0,0.028449789455108083,0.030113144401302642,,,False,no_change,0.02292600755012066,0.02783782190950799,0.0,0.0021482277121374865
held_out_context,held_out_context/A549,per_drug_mean_delta,mae,delta,replicate_half,0.032875986431022755,0.012719358342466028,9310.0,931,0.0,0.032608804615089804,0.03311701332685456,,,False,no_change,0.027176196264395297,0.02783782190950799,0.0,0.0021482277121374865
held_out_context,held_out_context/A549,per_drug_mean_delta,pearson_r,absolute,full_pseudobulk,0.9815176416709668,0.02054835905626905,931.0,931,0.0,0.9801181833259106,0.9828605322293553,-1.8028512034564517,15.952842414827462,True,global_mean_delta,0.9838398381103435,0.9851279069398312,0.0,0.0021482277121374865
held_out_context,held_out_context/A549,per_drug_mean_delta,pearson_r,absolute,replicate_half,0.977916755561443,0.021274028422081585,9310.0,931,0.0,0.9774742424070717,0.978387260011215,-0.47199930040942595,4.342628979894418,True,global_mean_delta,0.9802290245990702,0.9851279069398312,0.0,0.0021482277121374865
held_out_context,held_out_context/A549,per_drug_mean_delta,pearson_r,delta,full_pseudobulk,0.13144693077085318,0.16245043375519794,931.0,931,0.0,0.1210041589488366,0.14207414719524777,0.11626266437278555,0.466535418023967,True,global_mean_delta,0.0909635729651576,0.43916957722366495,0.0,0.0021482277121374865
held_out_context,held_out_context/A549,per_drug_mean_delta,pearson_r,delta,replicate_half,0.11831086275884972,0.15352770400615537,9310.0,931,0.0,0.11504672191388354,0.12128662823837685,0.09966860292590389,0.430799619913698,True,global_mean_delta,0.08279111979394035,0.43916957722366495,0.0,0.0021482277121374865
held_out_context,held_out_context/A549,per_drug_mean_delta,pearson_r_de,absolute,full_pseudobulk,0.9578350273003999,0.12094793015908545,446.0,931,485.0,0.9452476470448208,0.9672787900163908,0.3601863200980164,2.570487048214725,True,global_mean_delta,0.9408873480978421,0.9879398824582417,0.0,0.0021482277121374865
held_out_context,held_out_context/A549,per_drug_mean_delta,pearson_r_de,absolute,replicate_half,0.9585641070807734,0.09757768230550239,4460.0,931,4850.0,0.9553899222630363,0.9611556108986402,0.36580479284612855,2.1066098732086,True,global_mean_delta,0.9416201136455755,0.9879398824582417,0.0,0.0021482277121374865
held_out_context,held_out_context/A549,per_drug_mean_delta,pearson_r_de,delta,full_pseudobulk,0.4184640377704908,0.41185491996448553,446.0,931,485.0,0.3800656080401099,0.4567391056472196,0.273213713416748,0.7251868090964929,True,global_mean_delta,0.2632979334495251,0.8312273480476944,0.0,0.0021482277121374865
held_out_context,held_out_context/A549,per_drug_mean_delta,pearson_r_de,delta,replicate_half,0.4001172878824122,0.4184229252323385,4460.0,931,4850.0,0.38756037297939616,0.4121964377069858,0.24767876424435792,0.7301811793920966,True,global_mean_delta,0.25818748199596825,0.8312273480476944,0.0,0.0021482277121374865
held_out_context,held_out_context/A549,per_drug_mean_delta,pert_discrimination,absolute,full_pseudobulk,0.20428375085178382,0.2209142301447129,931.0,931,0.0,0.19045485256921102,0.21788474642828268,0.35913594973485613,0.9036112382572392,True,no_change,0.2920850513380225,0.0476057655659887,0.0,0.0021482277121374865
held_out_context,held_out_context/A549,per_drug_mean_delta,pert_discrimination,absolute,replicate_half,0.22397733966252034,0.22649737670636738,9310.0,931,0.0,0.21936618331543148,0.22883104939768772,0.31545754193224756,0.8790933107600101,True,no_change,0.30525461118233366,0.0476057655659887,0.0,0.0021482277121374865
held_out_context,held_out_context/A549,per_drug_mean_delta,pert_discrimination,delta,full_pseudobulk,0.3920042040585334,0.2783589687771455,931.0,931,0.0,0.37536320640310455,0.41083252486053845,0.22847919103519845,0.5889047017910297,True,no_change,0.5,0.02732765092454639,0.0,0.0021482277121374865
held_out_context,held_out_context/A549,per_drug_mean_delta,pert_discrimination,delta,replicate_half,0.4057709943060416,0.2749926527614567,9310.0,931,0.0,0.40048242149151686,0.41157855179423214,0.19935375081337042,0.5817828212277318,True,no_change,0.5,0.02732765092454639,0.0,0.0021482277121374865
held_out_context,held_out_context/A549,ridge,direction_acc_de,absolute,full_pseudobulk,0.9595369466317866,0.045951009694511956,446.0,931,485.0,0.9551795924625658,0.9638118706737521,-5.553266363164843,8.22304810391215,True,global_mean_delta,0.9905690156730211,0.9961570906926298,0.0,
held_out_context,held_out_context/A549,ridge,direction_acc_de,absolute,replicate_half,0.958823744291667,0.046683916906371414,4460.0,931,4850.0,0.9574232508430003,0.9602182510830759,-4.887023597928135,7.361497078773431,True,global_mean_delta,0.9898154571353766,0.9961570906926298,0.0,
held_out_context,held_out_context/A549,ridge,direction_acc_de,delta,full_pseudobulk,0.6277636067692083,0.20899277430659166,446.0,931,485.0,0.6090975175359009,0.6482090790478481,-0.01663380241601722,0.5987007446624675,True,global_mean_delta,0.6335700877953026,0.9826472789793833,0.0,
held_out_context,held_out_context/A549,ridge,direction_acc_de,delta,replicate_half,0.6257733165200827,0.20878157124532898,4460.0,931,4850.0,0.6197336108780545,0.6318586197464012,-0.023392829600953,0.5987143513997817,True,global_mean_delta,0.6339307821103806,0.9826472789793833,0.0,
held_out_context,held_out_context/A549,ridge,mae,absolute,full_pseudobulk,0.06759536084001573,0.006975811170987676,931.0,931,0.0,0.06716396131633977,0.06804568405592952,,,False,no_change,0.02292600755012066,0.02783782190950799,0.0,
held_out_context,held_out_context/A549,ridge,mae,absolute,replicate_half,0.06943702003576425,0.006975979791535178,9310.0,931,0.0,0.06928774338336001,0.06957868941175942,,,False,no_change,0.027176196264395297,0.02783782190950799,0.0,
held_out_context,held_out_context/A549,ridge,mae,delta,full_pseudobulk,0.06759536084001573,0.006975811170987676,931.0,931,0.0,0.0671527249366439,0.0680507042953884,,,False,no_change,0.02292600755012066,0.02783782190950799,0.0,
held_out_context,held_out_context/A549,ridge,mae,delta,replicate_half,0.06943702003576425,0.006975979791535178,9310.0,931,0.0,0.06930001189088034,0.0695851599788299,,,False,no_change,0.027176196264395297,0.02783782190950799,0.0,
held_out_context,held_out_context/A549,ridge,pearson_r,absolute,full_pseudobulk,0.9287046921735566,0.02193924043700424,931.0,931,0.0,0.9272254141223627,0.9300090765002064,-42.80450289191014,17.032661558722396,True,global_mean_delta,0.9838398381103435,0.9851279069398312,0.0,
held_out_context,held_out_context/A549,ridge,pearson_r,absolute,replicate_half,0.9252977658142766,0.02242355695867214,9310.0,931,0.0,0.9248072955530882,0.9257441076396219,-11.213018595637655,4.577280162884862,True,global_mean_delta,0.9802290245990702,0.9851279069398312,0.0,
held_out_context,held_out_context/A549,ridge,pearson_r,delta,full_pseudobulk,0.018887562583836347,0.05650753838072798,931.0,931,0.0,0.015534734629750229,0.02240196190289717,-0.20699243981965396,0.16228191843233383,True,global_mean_delta,0.0909635729651576,0.43916957722366495,0.0,
held_out_context,held_out_context/A549,ridge,pearson_r,delta,replicate_half,0.017093746350893866,0.05235627875973479,9310.0,931,0.0,0.01609448480935734,0.018162482889014533,-0.1843472075076299,0.14691201914206356,True,global_mean_delta,0.08279111979394035,0.43916957722366495,0.0,
held_out_context,held_out_context/A549,ridge,pearson_r_de,absolute,full_pseudobulk,0.9134042542393003,0.16529991752114526,446.0,931,485.0,0.8969023398757585,0.9277762784460007,-0.5840938056180928,3.5130927540486576,True,global_mean_delta,0.9408873480978421,0.9879398824582417,0.0,
held_out_context,held_out_context/A549,ridge,pearson_r_de,absolute,replicate_half,0.9143673075228471,0.15035898055660946,4460.0,931,4850.0,0.9101795509814792,0.9187883339745744,-0.5883623088221479,3.2461081825497717,True,global_mean_delta,0.9416201136455755,0.9879398824582417,0.0,
held_out_context,held_out_context/A549,ridge,pearson_r_de,delta,full_pseudobulk,-0.00017407897056769748,0.46843398048546986,446.0,931,485.0,-0.04162147682884889,0.04003000746659148,-0.46391682777429105,0.824810211348014,True,global_mean_delta,0.2632979334495251,0.8312273480476944,0.0,
held_out_context,held_out_context/A549,ridge,pearson_r_de,delta,replicate_half,-0.0030672629374751586,0.462594739476492,4460.0,931,4850.0,-0.01602887766082428,0.010218500467133455,-0.455910243616211,0.8072644974315544,True,global_mean_delta,0.25818748199596825,0.8312273480476944,0.0,
held_out_context,held_out_context/A549,ridge,pert_discrimination,absolute,full_pseudobulk,0.3088135084254415,0.2679972070365656,931.0,931,0.0,0.29144791702759204,0.3257023896145894,-0.0684248443977276,1.096195966829113,True,no_change,0.2920850513380225,0.0476057655659887,0.0,
held_out_context,held_out_context/A549,ridge,pert_discrimination,absolute,replicate_half,0.31659575205294344,0.2689373730683789,9310.0,931,0.0,0.3111383758936512,0.32176524837439224,-0.04401782140137138,1.0438136154851758,True,no_change,0.30525461118233366,0.0476057655659887,0.0,
held_out_context,held_out_context/A549,ridge,pert_discrimination,delta,full_pseudobulk,0.48228982594735686,0.2896857391283759,931.0,931,0.0,0.46337730847856967,0.4996133190118152,0.0374681829543958,0.612867961696936,True,no_change,0.5,0.02732765092454639,0.0,
held_out_context,held_out_context/A549,ridge,pert_discrimination,delta,replicate_half,0.4834730836307359,0.2890297100932431,9310.0,931,0.0,0.477506288763383,0.4890626191053671,0.03496484700573398,0.6114800467143566,True,no_change,0.5,0.02732765092454639,0.0,
held_out_context,held_out_context/K562,ceiling,direction_acc_de,absolute,full_pseudobulk,0.9950140183090497,0.026637795807075697,2720.0,749,4770.0,0.993934216636622,0.9959037425591918,1.0,2.8458152626199906,True,global_mean_delta,0.9856536792325941,0.9950140183090497,,
held_out_context,held_out_context/K562,ceiling,direction_acc_de,absolute,replicate_half,0.9950140183090497,0.026637795807075697,2720.0,749,4770.0,0.9939421190988404,0.9959399533208813,1.0,2.5137213790875093,True,global_mean_delta,0.984417061928488,0.9950140183090497,,
held_out_context,held_out_context/K562,ceiling,direction_acc_de,delta,full_pseudobulk,0.9927894407841864,0.02931813481525931,2720.0,749,4770.0,0.9917165534772494,0.9937969936937854,1.0,0.08740066142037588,True,global_mean_delta,0.6573442125810928,0.9927894407841864,,
held_out_context,held_out_context/K562,ceiling,direction_acc_de,delta,replicate_half,0.9927894407841864,0.02931813481525931,2720.0,749,4770.0,0.9915826709400578,0.9937952144660154,1.0,0.08732305631041984,True,global_mean_delta,0.6570460981435221,0.9927894407841864,,
held_out_context,held_out_context/K562,ceiling,mae,absolute,full_pseudobulk,0.02982475493669551,0.005580117294068086,7490.0,749,0.0,0.029700527749509813,0.029957278989493807,,,False,no_change,0.02224793165811289,0.02982475493669551,,
held_out_context,held_out_context/K562,ceiling,mae,absolute,replicate_half,0.02982475493669551,0.005580117294068086,7490.0,749,0.0,0.029695633652161185,0.029952486956517237,,,False,no_change,0.026981150539899218,0.02982475493669551,,
held_out_context,held_out_context/K562,ceiling,mae,delta,full_pseudobulk,0.02982475493669551,0.005580117294068086,7490.0,749,0.0,0.029695959669292053,0.029947877696468853,,,False,no_change,0.02224793165811289,0.02982475493669551,,
held_out_context,held_out_context/K562,ceiling,mae,delta,replicate_half,0.02982475493669551,0.005580117294068086,7490.0,749,0.0,0.029701675508790826,0.029947759217062712,,,False,no_change,0.026981150539899218,0.02982475493669551,,
held_out_context,held_out_context/K562,ceiling,pearson_r,absolute,full_pseudobulk,0.9787368707858173,0.009504545868803211,7490.0,749,0.0,0.9785353154345572,0.9789571652023605,,,False,global_mean_delta,0.9836523880324474,0.9787368707858173,,
held_out_context,held_out_context/K562,ceiling,pearson_r,absolute,replicate_half,0.9787368707858173,0.009504545868803211,7490.0,749,0.0,0.9785299453835155,0.9789446571979138,1.0,33.94890643909208,True,global_mean_delta,0.9784569045993996,0.9787368707858173,,
held_out_context,held_out_context/K562,ceiling,pearson_r,delta,full_pseudobulk,0.36905652678986767,0.17520111077213188,7490.0,749,0.0,0.3648800385368321,0.3729737206138919,1.0,0.5550829015843602,True,global_mean_delta,0.053425996157309114,0.36905652678986767,,
held_out_context,held_out_context/K562,ceiling,pearson_r,delta,replicate_half,0.36905652678986767,0.17520111077213188,7490.0,749,0.0,0.3652145006973955,0.3727477385522434,1.0,0.5436904328402398,True,global_mean_delta,0.04681228596907376,0.36905652678986767,,
held_out_context,held_out_context/K562,ceiling,pearson_r_de,absolute,full_pseudobulk,0.9706864496480916,0.07030685591231357,2720.0,749,4770.0,0.9677971846953688,0.9730138431403214,1.0,1.0902548782261636,True,global_mean_delta,0.9061998260920454,0.9706864496480916,,
held_out_context,held_out_context/K562,ceiling,pearson_r_de,absolute,replicate_half,0.9706864496480916,0.07030685591231357,2720.0,749,4770.0,0.9676249465135108,0.9729813614145509,1.0,0.965870305792747,True,global_mean_delta,0.897895252433877,0.9706864496480916,,
held_out_context,held_out_context/K562,ceiling,pearson_r_de,delta,full_pseudobulk,0.7224490578057059,0.43354357217092826,2720.0,749,4770.0,0.7063511905913763,0.7386656167639404,1.0,0.7225838626101428,True,global_mean_delta,0.12245839290922318,0.7224490578057059,,
held_out_context,held_out_context/K562,ceiling,pearson_r_de,delta,replicate_half,0.7224490578057059,0.43354357217092826,2720.0,749,4770.0,0.7053445099735464,0.7393023095621754,1.0,0.7335704924153488,True,global_mean_delta,0.13144440773663632,0.7224490578057059,,
held_out_context,held_out_context/K562,ceiling,pert_discrimination,absolute,full_pseudobulk,0.12586229054068526,0.17078181409966653,7490.0,749,0.0,0.12192388425208656,0.12964167910154714,1.0,0.5133853130236364,True,no_change,0.4585204515111057,0.12586229054068526,,
held_out_context,held_out_context/K562,ceiling,pert_discrimination,absolute,replicate_half,0.12586229054068526,0.17078181409966653,7490.0,749,0.0,0.1219960214332122,0.1296689703918951,1.0,0.4985927850232065,True,no_change,0.46838993881324836,0.12586229054068526,,
held_out_context,held_out_context/K562,ceiling,pert_discrimination,delta,full_pseudobulk,0.02660838337034049,0.09497362278910487,7490.0,749,0.0,0.024592384319913185,0.028805733848339673,1.0,0.20062379529505692,True,no_change,0.5,0.02660838337034049,,
held_out_context,held_out_context/K562,ceiling,pert_discrimination,delta,replicate_half,0.02660838337034049,0.09497362278910487,7490.0,749,0.0,0.02448959129106188,0.028817179590612797,1.0,0.20062379529505692,True,no_change,0.5,0.02660838337034049,,
held_out_context,held_out_context/K562,global_mean_delta,direction_acc_de,absolute,full_pseudobulk,0.9856536792325941,0.05284434207652708,272.0,749,477.0,0.9789161910183651,0.9910958215815652,0.0,5.645558525700023,True,global_mean_delta,0.9856536792325941,0.9950140183090497,0.0,
held_out_context,held_out_context/K562,global_mean_delta,direction_acc_de,absolute,replicate_half,0.984417061928488,0.054419708181401,2720.0,749,4770.0,0.9824034258954688,0.9863946260792589,0.0,5.135409284237945,True,global_mean_delta,0.984417061928488,0.9950140183090497,0.0,
held_out_context,held_out_context/K562,global_mean_delta,direction_acc_de,delta,full_pseudobulk,0.6573442125810928,0.25637423779524315,272.0,749,477.0,0.6245575743011311,0.6854395609767463,0.0,0.7642804733535296,True,global_mean_delta,0.6573442125810928,0.9927894407841864,0.0,
held_out_context,held_out_context/K562,global_mean_delta,direction_acc_de,delta,replicate_half,0.6570460981435221,0.2559560365990169,2720.0,749,4770.0,0.6478051046699361,0.6671387491488842,0.0,0.7623562528027806,True,global_mean_delta,0.6570460981435221,0.9927894407841864,0.0,
held_out_context,held_out_context/K562,global_mean_delta,mae,absolute,full_pseudobulk,0.023496375282569436,0.008774479402361098,749.0,749,0.0,0.022883605734383694,0.024166761348928634,,,False,no_change,0.02224793165811289,0.02982475493669551,0.0,
held_out_context,held_out_context/K562,global_mean_delta,mae,absolute,replicate_half,0.028009385710441998,0.008966078953817486,7490.0,749,0.0,0.027812135175657948,0.028220804519041697,,,False,no_change,0.026981150539899218,0.02982475493669551,0.0,
held_out_context,held_out_context/K562,global_mean_delta,mae,delta,full_pseudobulk,0.023496375282569436,0.008774479402361098,749.0,749,0.0,0.022888834689126097,0.024168850997894658,,,False,no_change,0.02224793165811289,0.02982475493669551,0.0,
held_out_context,held_out_context/K562,global_mean_delta,mae,delta,replicate_half,0.028009385710441998,0.008966078953817486,7490.0,749,0.0,0.027804126243689983,0.02820567452733827,,,False,no_change,0.026981150539899218,0.02982475493669551,0.0,
held_out_context,held_out_context/K562,global_mean_delta,pearson_r,absolute,full_pseudobulk,0.9836523880324474,0.01848551815724406,749.0,749,0.0,0.9823508063870858,0.984979979336838,,,False,global_mean_delta,0.9836523880324474,0.9787368707858173,0.0,
held_out_context,held_out_context/K562,global_mean_delta,pearson_r,absolute,replicate_half,0.9784569045993996,0.020162544570740324,7490.0,749,0.0,0.9780092990962768,0.9788977770036735,0.0,72.0177848215569,True,global_mean_delta,0.9784569045993996,0.9787368707858173,0.0,
held_out_context,held_out_context/K562,global_mean_delta,pearson_r,delta,full_pseudobulk,0.053425996157309114,0.13167199734417126,749.0,749,0.0,0.044088584732592966,0.0628465334953166,0.0,0.41717129543927833,True,global_mean_delta,0.053425996157309114,0.36905652678986767,0.0,
held_out_context,held_out_context/K562,global_mean_delta,pearson_r,delta,replicate_half,0.04681228596907376,0.12060989307830633,7490.0,749,0.0,0.04422002275004233,0.04955047348340985,0.0,0.374280988765226,True,global_mean_delta,0.04681228596907376,0.36905652678986767,0.0,
held_out_context,held_out_context/K562,global_mean_delta,pearson_r_de,absolute,full_pseudobulk,0.9061998260920454,0.1328406691854789,272.0,749,477.0,0.8901069226252164,0.9210576962664428,0.0,2.0599724696397748,True,global_mean_delta,0.9061998260920454,0.9706864496480916,0.0,
held_out_context,held_out_context/K562,global_mean_delta,pearson_r_de,absolute,replicate_half,0.897895252433877,0.14927317624001513,2720.0,749,4770.0,0.8923278521405418,0.9033137199860376,0.0,2.0507036833138566,True,global_mean_delta,0.897895252433877,0.9706864496480916,0.0,
held_out_context,held_out_context/K562,global_mean_delta,pearson_r_de,delta,full_pseudobulk,0.12245839290922318,0.5236239520740766,272.0,749,477.0,0.06256104853619729,0.18441496180878345,0.0,0.8727201650119312,True,global_mean_delta,0.12245839290922318,0.7224490578057059,0.0,
held_out_context,held_out_context/K562,global_mean_delta,pearson_r_de,delta,replicate_half,0.13144440773663632,0.514529526840719,2720.0,749,4770.0,0.11157775227345512,0.14995338211041798,0.0,0.8706014864359982,True,global_mean_delta,0.13144440773663632,0.7224490578057059,0.0,
held_out_context,held_out_context/K562,global_mean_delta,pert_discrimination,absolute,full_pseudobulk,0.4632433262174878,0.30279585604562914,749.0,749,0.0,0.43968789937385316,0.4859252175806601,-0.014197381157295762,0.9102312571028534,True,no_change,0.4585204515111057,0.12586229054068526,0.0,
held_out_context,held_out_context/K562,global_mean_delta,pert_discrimination,absolute,replicate_half,0.4709862704640055,0.29803030343625947,7490.0,749,0.0,0.46437075637391745,0.4774402947245168,-0.0075799184791387,0.8700912318736521,True,no_change,0.46838993881324836,0.12586229054068526,0.0,
held_out_context,held_out_context/K562,global_mean_delta,pert_discrimination,delta,full_pseudobulk,0.5,0.289253964216829,749.0,749,0.0,0.4797386711694024,0.5194761910711608,-0.0,0.6110246866562408,True,no_change,0.5,0.02660838337034049,0.0,
held_out_context,held_out_context/K562,global_mean_delta,pert_discrimination,delta,replicate_half,0.49999999999999994,0.28908010467075435,7490.0,749,0.0,0.4936239228061658,0.5068418185031022,1.1726264108028119e-16,0.6106574229786277,True,no_change,0.5,0.02660838337034049,0.0,
held_out_context,held_out_context/K562,nearest_context,direction_acc_de,absolute,full_pseudobulk,0.9594578883138415,0.09139337411784881,272.0,749,477.0,0.9479042983548356,0.9699026389676988,-2.7985942287757237,9.763895663537845,True,global_mean_delta,0.9856536792325941,0.9950140183090497,0.0,0.0026702269692923898
held_out_context,held_out_context/K562,nearest_context,direction_acc_de,absolute,replicate_half,0.9585105654682837,0.09260404168397773,2720.0,749,4770.0,0.9547522180467715,0.9618869283739407,-2.444711059462822,8.738739535990176,True,global_mean_delta,0.984417061928488,0.9950140183090497,0.0,0.0026702269692923898
held_out_context,held_out_context/K562,nearest_context,direction_acc_de,delta,full_pseudobulk,0.684110749358427,0.21996944109215874,272.0,749,477.0,0.6564417482847322,0.7085144956487537,0.07979406033204485,0.6557536748114936,True,global_mean_delta,0.6573442125810928,0.9927894407841864,0.0,0.0026702269692923898
held_out_context,held_out_context/K562,nearest_context,direction_acc_de,delta,replicate_half,0.683507896919906,0.2200753419027467,2720.0,749,4770.0,0.6747083700362393,0.6914665166267703,0.07881555764667872,0.6554868375701094,True,global_mean_delta,0.6570460981435221,0.9927894407841864,0.0,0.0026702269692923898
held_out_context,held_out_context/K562,nearest_context,mae,absolute,full_pseudobulk,0.035097386130960403,0.015021765977133467,749.0,749,0.0,0.034081568687842234,0.036245928621901916,,,False,no_change,0.02224793165811289,0.02982475493669551,0.0,0.0026702269692923898
held_out_context,held_out_context/K562,nearest_context,mae,absolute,replicate_half,0.038675814237568634,0.015093450729476222,7490.0,749,0.0,0.03833121249994213,0.03903121271787502,,,False,no_change,0.026981150539899218,0.02982475493669551,0.0,0.0026702269692923898
held_out_context,held_out_context/K562,nearest_context,mae,delta,full_pseudobulk,0.035097386130960403,0.015021765977133467,749.0,749,0.0,0.03405115917134714,0.036229907672648685,,,False,no_change,0.02224793165811289,0.02982475493669551,0.0,0.0026702269692923898
held_out_context,held_out_context/K562,nearest_context,mae,delta,replicate_half,0.038675814237568634,0.015093450729476222,7490.0,749,0.0,0.03833774536932845,0.039021231955045706,,,False,no_change,0.026981150539899218,0.02982475493669551,0.0,0.0026702269692923898
held_out_context,held_out_context/K562,nearest_context,pearson_r,absolute,full_pseudobulk,0.9690307368603912,0.032300167225395644,749.0,749,0.0,0.9667209256452527,0.971266361194636,,,False,global_mean_delta,0.9836523880324474,0.9787368707858173,0.0,0.0026702269692923898
held_out_context,held_out_context/K562,nearest_context,pearson_r,absolute,replicate_half,0.9639437807053762,0.03369821826321259,7490.0,749,0.0,0.963162081774179,0.9647144078581734,-51.83884553962296,120.36531516323359,True,global_mean_delta,0.9784569045993996,0.9787368707858173,0.0,0.0026702269692923898
held_out_context,held_out_context/K562,nearest_context,pearson_r,delta,full_pseudobulk,0.08025669370986178,0.11801420088782207,749.0,749,0.0,0.07241851935820963,0.0893558459592665,0.08500666110715266,0.37389982728004334,True,global_mean_delta,0.053425996157309114,0.36905652678986767,0.0,0.0026702269692923898
held_out_context,held_out_context/K562,nearest_context,pearson_r,delta,replicate_half,0.06992088441070939,0.1087133569454013,7490.0,749,0.0,0.06754352664087887,0.0723400367036102,0.07171143969175466,0.3373632269377278,True,global_mean_delta,0.04681228596907376,0.36905652678986767,0.0,0.0026702269692923898
held_out_context,held_out_context/K562,nearest_context,pearson_r_de,absolute,full_pseudobulk,0.887742899344966,0.2403173654740868,272.0,749,477.0,0.8563328748867429,0.9133442071170433,-0.28621325988696367,3.7266234797550504,True,global_mean_delta,0.9061998260920454,0.9706864496480916,0.0,0.0026702269692923898
held_out_context,held_out_context/K562,nearest_context,pearson_r_de,absolute,replicate_half,0.8825680569965514,0.23766427900737372,2720.0,749,4770.0,0.8737750938780264,0.8911880157881035,-0.21056385969610844,3.2650140140978885,True,global_mean_delta,0.897895252433877,0.9706864496480916,0.0,0.0026702269692923898
held_out_context,held_out_context/K562,nearest_context,pearson_r_de,delta,full_pseudobulk,0.2604390252834796,0.5129897419867177,272.0,749,477.0,0.1982517088699917,0.31808140826338915,0.2299712986335587,0.8549962057746758,True,global_mean_delta,0.12245839290922318,0.7224490578057059,0.0,0.0026702269692923898
held_out_context,held_out_context/K562,nearest_context,pearson_r_de,delta,replicate_half,0.2551349222899149,0.5019330838796648,2720.0,749,4770.0,0.23795757189193353,0.2749840768009414,0.20928856403891766,0.8492878758585146,True,global_mean_delta,0.13144440773663632,0.7224490578057059,0.0,0.0026702269692923898
held_out_context,held_out_context/K562,nearest_context,pert_discrimination,absolute,full_pseudobulk,0.3424619635449762,0.2890346237803802,749.0,749,0.0,0.32121598851945193,0.364860634143207,0.34888213061590656,0.8688637697545644,True,no_change,0.4585204515111057,0.12586229054068526,0.0,0.0026702269692923898
held_out_context,held_out_context/K562,nearest_context,pert_discrimination,absolute,replicate_half,0.3660741951835959,0.287420387932962,7490.0,749,0.0,0.35917100697543247,0.3724267650985628,0.29870798502150603,0.8391158768714926,True,no_change,0.46838993881324836,0.12586229054068526,0.0,0.0026702269692923898
held_out_context,held_out_context/K562,nearest_context,pert_discrimination,delta,full_pseudobulk,0.3615605120552894,0.2860881267334586,749.0,749,0.0,0.3399766087403526,0.38190278660317145,0.29244178198663295,0.604337121071726,True,no_change,0.5,0.02660838337034049,0.0,0.0026702269692923898
held_out_context,held_out_context/K562,nearest_context,pert_discrimination,delta,replicate_half,0.38043737460999694,0.2857592491839776,7490.0,749,0.0,0.37423291215381643,0.386856428000257,0.2525659965025077,0.6036423948916925,True,no_change,0.5,0.02660838337034049,0.0,0.0026702269692923898
held_out_context,held_out_context/K562,no_change,direction_acc_de,absolute,full_pseudobulk,0.9884862668267005,0.04895713008514974,272.0,749,477.0,0.981580180043062,0.9935129459808467,0.30261591711258984,5.230273143447689,True,global_mean_delta,0.9856536792325941,0.9950140183090497,0.0,
held_out_context,held_out_context/K562,no_change,direction_acc_de,absolute,replicate_half,0.9882669138248723,0.04575935850156775,2720.0,749,4770.0,0.9864831194445067,0.9899335452672691,0.36329789027406156,4.318160503661742,True,global_mean_delta,0.984417061928488,0.9950140183090497,0.0,
held_out_context,held_out_context/K562,no_change,direction_acc_de,delta,full_pseudobulk,0.0,0.0,272.0,749,477.0,0.0,0.0,-1.9596171217052072,0.0,True,global_mean_delta,0.6573442125810928,0.9927894407841864,0.0,
held_out_context,held_out_context/K562,no_change,direction_acc_de,delta,replicate_half,0.0008332366234630023,0.011790265921429312,2720.0,749,4770.0,0.0004509009101278328,0.0012903842497009222,-1.9545074411866548,0.0351169015852924,True,global_mean_delta,0.6570460981435221,0.9927894407841864,0.0,
held_out_context,held_out_context/K562,no_change,mae,absolute,full_pseudobulk,0.02224793165811289,0.009367337302076315,749.0,749,0.0,0.021562291666781183,0.022931961936152236,,,False,no_change,0.02224793165811289,0.02982475493669551,0.0,
held_out_context,held_out_context/K562,no_change,mae,absolute,replicate_half,0.026981150539899218,0.00948564638179057,7490.0,749,0.0,0.02676651037185676,0.027216822912076947,,,False,no_change,0.026981150539899218,0.02982475493669551,0.0,
held_out_context,held_out_context/K562,no_change,mae,delta,full_pseudobulk,0.02224793165811289,0.009367337302076315,749.0,749,0.0,0.021521663134401132,0.022945247445289193,,,False,no_change,0.02224793165811289,0.02982475493669551,0.0,
held_out_context,held_out_context/K562,no_change,mae,delta,replicate_half,0.026981150539899218,0.00948564638179057,7490.0,749,0.0,0.026765380937655445,0.027202089462301113,,,False,no_change,0.026981150539899218,0.02982475493669551,0.0,
held_out_context,held_out_context/K562,no_change,pearson_r,absolute,full_pseudobulk,0.9840015103461404,0.019891873198597226,749.0,749,0.0,0.9825765183472545,0.9853395142762166,,,False,global_mean_delta,0.9836523880324474,0.9787368707858173,0.0,
held_out_context,held_out_context/K562,no_change,pearson_r,absolute,replicate_half,0.978806724634745,0.021524686560685055,7490.0,749,0.0,0.9783492816069923,0.9793057338646781,1.2495081631878058,76.88316519971643,True,global_mean_delta,0.9784569045993996,0.9787368707858173,0.0,
held_out_context,held_out_context/K562,no_change,pearson_r,delta,full_pseudobulk,,,0.0,749,749.0,,,,,True,global_mean_delta,0.053425996157309114,0.36905652678986767,0.0,
held_out_context,held_out_context/K562,no_change,pearson_r,delta,replicate_half,,,0.0,749,7490.0,,,,,True,global_mean_delta,0.04681228596907376,0.36905652678986767,0.0,
held_out_context,held_out_context/K562,no_change,pearson_r_de,absolute,full_pseudobulk,0.9022959640464318,0.13589258741502608,272.0,749,477.0,0.8847335151044713,0.9178053463728816,-0.06053754763917453,2.1072988462005617,True,global_mean_delta,0.9061998260920454,0.9706864496480916,0.0,
held_out_context,held_out_context/K562,no_change,pearson_r_de,absolute,replicate_half,0.8941032398611454,0.1521041770036481,2720.0,749,4770.0,0.8884575745126285,0.8996969945372932,-0.05209438390705782,2.0895957591688763,True,global_mean_delta,0.897895252433877,0.9706864496480916,0.0,
held_out_context,held_out_context/K562,no_change,pearson_r_de,delta,full_pseudobulk,,,0.0,749,749.0,,,,,True,global_mean_delta,0.12245839290922318,0.7224490578057059,0.0,
held_out_context,held_out_context/K562,no_change,pearson_r_de,delta,replicate_half,,,0.0,749,7490.0,,,,,True,global_mean_delta,0.13144440773663632,0.7224490578057059,0.0,
held_out_context,held_out_context/K562,no_change,pert_discrimination,absolute,full_pseudobulk,0.4585204515111057,0.30704340167487615,749.0,749,0.0,0.4371158425137259,0.48147222142892837,-0.0,0.9229997568049385,True,no_change,0.4585204515111057,0.12586229054068526,0.0,
held_out_context,held_out_context/K562,no_change,pert_discrimination,absolute,replicate_half,0.46838993881324836,0.3004290079424977,7490.0,749,0.0,0.46157474672111837,0.4749785275197589,-0.0,0.8770941833677444,True,no_change,0.46838993881324836,0.12586229054068526,0.0,
held_out_context,held_out_context/K562,no_change,pert_discrimination,delta,full_pseudobulk,0.5,0.2892539642168289,749.0,749,0.0,0.47957771681314837,0.5195404032471101,-0.0,0.6110246866562407,True,no_change,0.5,0.02660838337034049,0.0,
held_out_context,held_out_context/K562,no_change,pert_discrimination,delta,replicate_half,0.5,0.28908010467075435,7490.0,749,0.0,0.49385470288370237,0.5066025020883459,-0.0,0.6106574229786277,True,no_change,0.5,0.02660838337034049,0.0,
held_out_context,held_out_context/K562,per_drug_mean_delta,direction_acc_de,absolute,full_pseudobulk,0.9645696279893172,0.07105598400281708,272.0,749,477.0,0.9561221899133865,0.9722382070784127,-2.2524879783800014,7.591176283511637,True,global_mean_delta,0.9856536792325941,0.9950140183090497,0.0,0.0026702269692923898
held_out_context,held_out_context/K562,per_drug_mean_delta,direction_acc_de,absolute,replicate_half,0.9636231381302098,0.07260624449873075,2720.0,749,4770.0,0.960890195087943,0.9661945177687636,-1.9622543541295572,6.851613037863832,True,global_mean_delta,0.984417061928488,0.9950140183090497,0.0,0.0026702269692923898
held_out_context,held_out_context/K562,per_drug_mean_delta,direction_acc_de,delta,full_pseudobulk,0.7299667002195189,0.21055359721264627,272.0,749,477.0,0.7036536211527504,0.7549674404782204,0.21649581372031693,0.6276839838817669,True,global_mean_delta,0.6573442125810928,0.9927894407841864,0.0,0.0026702269692923898
held_out_context,held_out_context/K562,per_drug_mean_delta,direction_acc_de,delta,replicate_half,0.7295763229330887,0.21046360489907068,2720.0,749,4770.0,0.7218184222155422,0.7369723849188932,0.21602878025549851,0.6268586094477631,True,global_mean_delta,0.6570460981435221,0.9927894407841864,0.0,0.0026702269692923898
held_out_context,held_out_context/K562,per_drug_mean_delta,mae,absolute,full_pseudobulk,0.02979852225844902,0.013919528074554653,749.0,749,0.0,0.028780228936780956,0.030881447188280516,,,False,no_change,0.02224793165811289,0.02982475493669551,0.0,0.0026702269692923898
held_out_context,held_out_context/K562,per_drug_mean_delta,mae,absolute,replicate_half,0.03376367633991751,0.013940938449069467,7490.0,749,0.0,0.03344857184149841,0.0341062747718308,,,False,no_change,0.026981150539899218,0.02982475493669551,0.0,0.0026702269692923898
held_out_context,held_out_context/K562,per_drug_mean_delta,mae,delta,full_pseudobulk,0.02979852225844902,0.013919528074554653,749.0,749,0.0,0.028786539040259095,0.030788793701188397,,,False,no_change,0.02224793165811289,0.02982475493669551,0.0,0.0026702269692923898
held_out_context,held_out_context/K562,per_drug_mean_delta,mae,delta,replicate_half,0.03376367633991751,0.013940938449069467,7490.0,749,0.0,0.03344946951137983,0.0340806548598486,,,False,no_change,0.026981150539899218,0.02982475493669551,0.0,0.0026702269692923898
held_out_context,held_out_context/K562,per_drug_mean_delta,pearson_r,absolute,full_pseudobulk,0.9772649542825218,0.02581618401878209,749.0,749,0.0,0.9755271322183485,0.9791201894212407,,,False,global_mean_delta,0.9836523880324474,0.9787368707858173,0.0,0.0026702269692923898
held_out_context,held_out_context/K562,per_drug_mean_delta,pearson_r,absolute,replicate_half,0.9721250741831488,0.027316673254128995,7490.0,749,0.0,0.9715144380073455,0.9727576390598872,-22.616411279055107,97.57133032263923,True,global_mean_delta,0.9784569045993996,0.9787368707858173,0.0,0.0026702269692923898
held_out_context,held_out_context/K562,per_drug_mean_delta,pearson_r,delta,full_pseudobulk,0.09451751833843493,0.13750998878221082,749.0,749,0.0,0.08420742462893945,0.10457344837835714,0.13018868009623105,0.43566757786905336,True,global_mean_delta,0.053425996157309114,0.36905652678986767,0.0,0.0026702269692923898
held_out_context,held_out_context/K562,per_drug_mean_delta,pearson_r,delta,replicate_half,0.08235187091625329,0.12604240471742112,7490.0,749,0.0,0.0796687160684006,0.08527244102205729,0.1102877272737475,0.3911393556526451,True,global_mean_delta,0.04681228596907376,0.36905652678986767,0.0,0.0026702269692923898
held_out_context,held_out_context/K562,per_drug_mean_delta,pearson_r_de,absolute,full_pseudobulk,0.8982631484591552,0.23377838298826317,272.0,749,477.0,0.867237666063658,0.9229795003810273,-0.12307478970413634,3.625222877192249,True,global_mean_delta,0.9061998260920454,0.9706864496480916,0.0,0.0026702269692923898
held_out_context,held_out_context/K562,per_drug_mean_delta,pearson_r_de,absolute,replicate_half,0.8926936361088765,0.23154943550318885,2720.0,749,4770.0,0.8839413092808285,0.9009795457506721,-0.07145941438073677,3.181008753321785,True,global_mean_delta,0.897895252433877,0.9706864496480916,0.0,0.0026702269692923898
held_out_context,held_out_context/K562,per_drug_mean_delta,pearson_r_de,delta,full_pseudobulk,0.3300341088319732,0.4872105653880626,272.0,749,477.0,0.2706110307487646,0.3832873681097397,0.3459649092349852,0.8120302429573997,True,global_mean_delta,0.12245839290922318,0.7224490578057059,0.0,0.0026702269692923898
held_out_context,held_out_context/K562,per_drug_mean_delta,pearson_r_de,delta,replicate_half,0.32690339618505415,0.4773892845327911,2720.0,749,4770.0,0.30842706740422826,0.3448750763771629,0.3307232666030207,0.80775893129944,True,global_mean_delta,0.13144440773663632,0.7224490578057059,0.0,0.0026702269692923898
held_out_context,held_out_context/K562,per_drug_mean_delta,pert_discrimination,absolute,full_pseudobulk,0.3401451489686784,0.2855488510330718,749.0,749,0.0,0.32056449597681047,0.36057149282822737,0.3558466811609443,0.8583852270453165,True,no_change,0.4585204515111057,0.12586229054068526,0.0,0.0026702269692923898
held_out_context,held_out_context/K562,per_drug_mean_delta,pert_discrimination,absolute,replicate_half,0.36657914652692,0.28411085986672685,7490.0,749,0.0,0.3603468796184574,0.3729946657932502,0.2972337935339848,0.8294538011735869,True,no_change,0.46838993881324836,0.12586229054068526,0.0,0.0026702269692923898
held_out_context,held_out_context/K562,per_drug_mean_delta,pert_discrimination,delta,full_pseudobulk,0.37988083933658423,0.2803183519416125,749.0,749,0.0,0.3604827381249866,0.3994452496376631,0.25374163048896275,0.592148956792594,True,no_change,0.5,0.02660838337034049,0.0,0.0026702269692923898
held_out_context,held_out_context/K562,per_drug_mean_delta,pert_discrimination,delta,replicate_half,0.3971839457958205,0.28050788830337436,7490.0,749,0.0,0.3905997524328338,0.40311412542927116,0.21719027247711878,0.5925493364256583,True,no_change,0.5,0.02660838337034049,0.0,0.0026702269692923898
held_out_context,held_out_context/K562,ridge,direction_acc_de,absolute,full_pseudobulk,0.9372336113056194,0.08478365317669047,272.0,749,477.0,0.9267974936518679,0.946935268083796,-5.17289678626785,9.057754477073349,True,global_mean_delta,0.9856536792325941,0.9950140183090497,0.0,
held_out_context,held_out_context/K562,ridge,direction_acc_de,absolute,replicate_half,0.9361828391918827,0.08503958723142685,2720.0,749,4770.0,0.932911827236318,0.9392746680026696,-4.551705320320347,8.024906791861248,True,global_mean_delta,0.984417061928488,0.9950140183090497,0.0,
held_out_context,held_out_context/K562,ridge,direction_acc_de,delta,full_pseudobulk,0.6028418598764828,0.21201615191664774,272.0,749,477.0,0.5785349928924898,0.6293726882874325,-0.16247765096128253,0.6320440241537245,True,global_mean_delta,0.6573442125810928,0.9927894407841864,0.0,
held_out_context,held_out_context/K562,ridge,direction_acc_de,delta,replicate_half,0.6026003533720967,0.21143273360143192,2720.0,749,4770.0,0.594869278736775,0.6098039794876701,-0.16216477843820415,0.629745125959867,True,global_mean_delta,0.6570460981435221,0.9927894407841864,0.0,
held_out_context,held_out_context/K562,ridge,mae,absolute,full_pseudobulk,0.07186636503353734,0.005619147231668809,749.0,749,0.0,0.07148183831317027,0.07223692176558223,,,False,no_change,0.02224793165811289,0.02982475493669551,0.0,
held_out_context,held_out_context/K562,ridge,mae,absolute,replicate_half,0.07387919554186229,0.00604157507902416,7490.0,749,0.0,0.07374300235592221,0.07401105537339392,,,False,no_change,0.026981150539899218,0.02982475493669551,0.0,
held_out_context,held_out_context/K562,ridge,mae,delta,full_pseudobulk,0.07186636503353734,0.005619147231668809,749.0,749,0.0,0.07147133364328098,0.07226076951634038,,,False,no_change,0.02224793165811289,0.02982475493669551,0.0,
held_out_context,held_out_context/K562,ridge,mae,delta,replicate_half,0.07387919554186229,0.00604157507902416,7490.0,749,0.0,0.07374321167145698,0.07401174308695824,,,False,no_change,0.026981150539899218,0.02982475493669551,0.0,
held_out_context,held_out_context/K562,ridge,pearson_r,absolute,full_pseudobulk,0.903176401630973,0.01633751104104332,749.0,749,0.0,0.9020561616304676,0.904310078673813,,,False,global_mean_delta,0.9836523880324474,0.9787368707858173,0.0,
held_out_context,held_out_context/K562,ridge,pearson_r,absolute,replicate_half,0.8984066180320942,0.01804332275597049,7490.0,749,0.0,0.8980001882945735,0.8988173999811356,-285.92841011120885,64.4482213614604,True,global_mean_delta,0.9784569045993996,0.9787368707858173,0.0,
held_out_context,held_out_context/K562,ridge,pearson_r,delta,full_pseudobulk,0.024817920380670235,0.07942242870256642,749.0,749,0.0,0.018707103785574396,0.03010435824596473,-0.09063785977644535,0.2516310083926136,True,global_mean_delta,0.053425996157309114,0.36905652678986767,0.0,
held_out_context,held_out_context/K562,ridge,pearson_r,delta,replicate_half,0.02195491189483321,0.07388982114833706,7490.0,749,0.0,0.020271583383187422,0.023614132739917172,-0.07713830357658495,0.2292975693223594,True,global_mean_delta,0.04681228596907376,0.36905652678986767,0.0,
held_out_context,held_out_context/K562,ridge,pearson_r_de,absolute,full_pseudobulk,0.8479693943518912,0.2275822379012384,272.0,749,477.0,0.8188887152213836,0.874531591857985,-0.9029846583539197,3.5291386856910516,True,global_mean_delta,0.9061998260920454,0.9706864496480916,0.0,
held_out_context,held_out_context/K562,ridge,pearson_r_de,absolute,replicate_half,0.8406996488428137,0.23791819795890334,2720.0,749,4770.0,0.8313850847843727,0.8492545117490885,-0.7857489061863413,3.2685023335822123,True,global_mean_delta,0.897895252433877,0.9706864496480916,0.0,
held_out_context,held_out_context/K562,ridge,pearson_r_de,delta,full_pseudobulk,0.05854059685918229,0.4950714965679736,272.0,749,477.0,0.0027637856093537094,0.11884447972942094,-0.10653131755153011,0.8251319987676626,True,global_mean_delta,0.12245839290922318,0.7224490578057059,0.0,
held_out_context,held_out_context/K562,ridge,pearson_r_de,delta,replicate_half,0.0639259161516516,0.4899480115211392,2720.0,749,4770.0,0.044965053799694316,0.0832131199316472,-0.11424358772319977,0.8290087251663416,True,global_mean_delta,0.13144440773663632,0.7224490578057059,0.0,
held_out_context,held_out_context/K562,ridge,pert_discrimination,absolute,full_pseudobulk,0.43825100133511347,0.2922433499494427,749.0,749,0.0,0.4190255456473159,0.45973972426693704,0.06093176886706404,0.8785094858244845,True,no_change,0.4585204515111057,0.12586229054068526,0.0,
held_out_context,held_out_context/K562,ridge,pert_discrimination,absolute,replicate_half,0.4458208092072853,0.2915480685644618,7490.0,749,0.0,0.4392947146998137,0.45196828391509536,0.06588994996399213,0.8511665263659686,True,no_change,0.46838993881324836,0.12586229054068526,0.0,
held_out_context,held_out_context/K562,ridge,pert_discrimination,delta,full_pseudobulk,0.4481786767383249,0.2921908919313341,749.0,749,0.0,0.42850565459828793,0.46797646416255545,0.1094681896367751,0.6172286995946505,True,no_change,0.5,0.02660838337034049,0.0,
held_out_context,held_out_context/K562,ridge,pert_discrimination,delta,replicate_half,0.454915645102561,0.29111192386673296,7490.0,749,0.0,0.4484286981572578,0.46220656061915,0.09523691023178615,0.614949470249013,True,no_change,0.5,0.02660838337034049,0.0,
held_out_context,held_out_context/MCF7,ceiling,direction_acc_de,absolute,full_pseudobulk,0.999243963893356,0.0026244366166927207,4320.0,744,3120.0,0.9991603431687823,0.999321539095773,1.0,0.48768275997111615,True,global_mean_delta,0.9938625216277976,0.999243963893356,,
held_out_context,held_out_context/MCF7,ceiling,direction_acc_de,absolute,replicate_half,0.999243963893356,0.0026244366166927207,4320.0,744,3120.0,0.9991646307153205,0.9993226366754997,1.0,0.47248885454370965,True,global_mean_delta,0.9936894696625298,0.999243963893356,,
held_out_context,held_out_context/MCF7,ceiling,direction_acc_de,delta,full_pseudobulk,0.9956797873149039,0.011053921694261929,4320.0,744,3120.0,0.9953513637837269,0.9959932396503306,1.0,0.033503362834116146,True,global_mean_delta,0.6657450954156827,0.9956797873149039,,
held_out_context,held_out_context/MCF7,ceiling,direction_acc_de,delta,replicate_half,0.9956797873149039,0.011053921694261929,4320.0,744,3120.0,0.9953586754585452,0.9960022214124669,1.0,0.033487400109853266,True,global_mean_delta,0.665587822635644,0.9956797873149039,,
held_out_context,held_out_context/MCF7,ceiling,mae,absolute,full_pseudobulk,0.017828310611369726,0.002648496969479829,7440.0,744,0.0,0.01776921085800254,0.01789300177050595,,,False,no_change,0.0173481885167352,0.017828310611369726,,
held_out_context,held_out_context/MCF7,ceiling,mae,absolute,replicate_half,0.017828310611369726,0.002648496969479829,7440.0,744,0.0,0.017769014093187045,0.0178878590673555,1.0,1.267785067274812,True,no_change,0.01991738472798868,0.017828310611369726,,
held_out_context,held_out_context/MCF7,ceiling,mae,delta,full_pseudobulk,0.017828310611369726,0.002648496969479829,7440.0,744,0.0,0.01777221243790104,0.01789374691505652,,,False,no_change,0.0173481885167352,0.017828310611369726,,
held_out_context,held_out_context/MCF7,ceiling,mae,delta,replicate_half,0.017828310611369726,0.002648496969479829,7440.0,744,0.0,0.017762745471739574,0.017889199233656054,1.0,1.267785067274812,True,no_change,0.01991738472798868,0.017828310611369726,,
held_out_context,held_out_context/MCF7,ceiling,pearson_r,absolute,full_pseudobulk,0.9946624296290616,0.0019636333595407485,7440.0,744,0.0,0.994618564424719,0.9947109443547469,1.0,0.31311269405680064,True,global_mean_delta,0.9883910985817661,0.9946624296290616,,
held_out_context,held_out_context/MCF7,ceiling,pearson_r,absolute,replicate_half,0.9946624296290616,0.0019636333595407485,7440.0,744,0.0,0.9946175050541916,0.9947074740314542,1.0,0.25857915668778886,True,global_mean_delta,0.9870684944306741,0.9946624296290616,,
held_out_context,held_out_context/MCF7,ceiling,pearson_r,delta,full_pseudobulk,0.5055004421242828,0.22510404117954338,7440.0,744,0.0,0.500472448867282,0.5103836066143977,1.0,0.5891355002811797,True,global_mean_delta,0.12340830700068754,0.5055004421242828,,
held_out_context,held_out_context/MCF7,ceiling,pearson_r,delta,replicate_half,0.5055004421242828,0.22510404117954338,7440.0,744,0.0,0.5005448287314078,0.5105956463100179,1.0,0.5726787213349184,True,global_mean_delta,0.11242831844763528,0.5055004421242828,,
held_out_context,held_out_context/MCF7,ceiling,pearson_r_de,absolute,full_pseudobulk,0.9964139658176873,0.005191216909977681,4320.0,744,3120.0,0.996267235864997,0.9965688246902151,1.0,0.17987170828564955,True,global_mean_delta,0.9675533019620149,0.9964139658176873,,
held_out_context,held_out_context/MCF7,ceiling,pearson_r_de,absolute,replicate_half,0.9964139658176873,0.005191216909977681,4320.0,744,3120.0,0.9962524329906786,0.9965564713274264,1.0,0.17465533683725887,True,global_mean_delta,0.9666913303461198,0.9964139658176873,,
held_out_context,held_out_context/MCF7,ceiling,pearson_r_de,delta,full_pseudobulk,0.8630693659245641,0.2912803327843176,4320.0,744,3120.0,0.8547639807074136,0.871410867923375,1.0,0.6232020545739024,True,global_mean_delta,0.39567627784581466,0.8630693659245641,,
held_out_context,held_out_context/MCF7,ceiling,pearson_r_de,delta,replicate_half,0.8630693659245641,0.2912803327843176,4320.0,744,3120.0,0.8540381251313457,0.8714306712548903,1.0,0.6121465237340566,True,global_mean_delta,0.38723503298165163,0.8630693659245641,,
held_out_context,held_out_context/MCF7,ceiling,pert_discrimination,absolute,full_pseudobulk,0.02602823485144503,0.05754671064917649,7440.0,744,0.0,0.024712880251523177,0.02738947922545912,1.0,0.1579567952438199,True,no_change,0.39034754482698736,0.02602823485144503,,
held_out_context,held_out_context/MCF7,ceiling,pert_discrimination,absolute,replicate_half,0.02602823485144503,0.05754671064917649,7440.0,744,0.0,0.02473319078423711,0.02739894481106818,1.0,0.1531685478797564,True,no_change,0.40173663873572696,0.02602823485144503,,
held_out_context,held_out_context/MCF7,ceiling,pert_discrimination,delta,full_pseudobulk,0.007395910215777363,0.027511152985603683,7440.0,744,0.0,0.00680562942300178,0.008107696927596638,1.0,0.055848405557604085,True,no_change,0.5,0.007395910215777363,,
held_out_context,held_out_context/MCF7,ceiling,pert_discrimination,delta,replicate_half,0.007395910215777363,0.027511152985603683,7440.0,744,0.0,0.006751468002431295,0.008041094118583484,1.0,0.055848405557604085,True,no_change,0.5,0.007395910215777363,,
held_out_context,held_out_context/MCF7,global_mean_delta,direction_acc_de,absolute,full_pseudobulk,0.9938625216277976,0.011612032324219097,432.0,744,312.0,0.992742388919293,0.9949210928174034,0.0,2.1577918615864324,True,global_mean_delta,0.9938625216277976,0.999243963893356,0.0,
held_out_context,held_out_context/MCF7,global_mean_delta,direction_acc_de,absolute,replicate_half,0.9936894696625298,0.011732454221152096,4320.0,744,3120.0,0.9933524385623658,0.9940352872796797,0.0,2.112245279874372,True,global_mean_delta,0.9936894696625298,0.999243963893356,0.0,
held_out_context,held_out_context/MCF7,global_mean_delta,direction_acc_de,delta,full_pseudobulk,0.6657450954156827,0.2179714627493378,432.0,744,312.0,0.6451149681748549,0.6870579348595605,0.0,0.660650328992737,True,global_mean_delta,0.6657450954156827,0.9956797873149039,0.0,
held_out_context,held_out_context/MCF7,global_mean_delta,direction_acc_de,delta,replicate_half,0.665587822635644,0.2176493177161619,4320.0,744,3120.0,0.6590927156362959,0.6719512098869346,0.0,0.6593596361173012,True,global_mean_delta,0.665587822635644,0.9956797873149039,0.0,
held_out_context,held_out_context/MCF7,global_mean_delta,mae,absolute,full_pseudobulk,0.01869632830233099,0.011826868452535827,744.0,744,0.0,0.017830322713140254,0.019560061817321367,,,False,no_change,0.0173481885167352,0.017828310611369726,0.0,
held_out_context,held_out_context/MCF7,global_mean_delta,mae,absolute,replicate_half,0.021067925985438316,0.011519264666655453,7440.0,744,0.0,0.020802542893728456,0.021350074371716397,-0.5507421916230146,5.514052648978639,True,no_change,0.01991738472798868,0.017828310611369726,0.0,
held_out_context,held_out_context/MCF7,global_mean_delta,mae,delta,full_pseudobulk,0.01869632830233099,0.011826868452535827,744.0,744,0.0,0.017881541780021225,0.01953823377673724,,,False,no_change,0.0173481885167352,0.017828310611369726,0.0,
held_out_context,held_out_context/MCF7,global_mean_delta,mae,delta,replicate_half,0.021067925985438316,0.011519264666655453,7440.0,744,0.0,0.020802999575805656,0.02133962977054885,-0.5507421916230146,5.514052648978639,True,no_change,0.01991738472798868,0.017828310611369726,0.0,
held_out_context,held_out_context/MCF7,global_mean_delta,pearson_r,absolute,full_pseudobulk,0.9883910985817661,0.02815468237216333,744.0,744,0.0,0.9864711481652043,0.9903971417133426,0.0,4.48942691110287,True,global_mean_delta,0.9883910985817661,0.9946624296290616,0.0,
held_out_context,held_out_context/MCF7,global_mean_delta,pearson_r,absolute,replicate_half,0.9870684944306741,0.028199646434467596,7440.0,744,0.0,0.9864422099446117,0.987683188757102,0.0,3.7134431224084765,True,global_mean_delta,0.9870684944306741,0.9946624296290616,0.0,
held_out_context,held_out_context/MCF7,global_mean_delta,pearson_r,delta,full_pseudobulk,0.12340830700068754,0.14614379437388708,744.0,744,0.0,0.11235588296427675,0.13355509557720427,0.0,0.3824831262925995,True,global_mean_delta,0.12340830700068754,0.5055004421242828,0.0,
held_out_context,held_out_context/MCF7,global_mean_delta,pearson_r,delta,replicate_half,0.11242831844763528,0.13714036522873765,7440.0,744,0.0,0.10931065298073493,0.11552803348567342,0.0,0.34889364309526383,True,global_mean_delta,0.11242831844763528,0.5055004421242828,0.0,
held_out_context,held_out_context/MCF7,global_mean_delta,pearson_r_de,absolute,full_pseudobulk,0.9675533019620149,0.0541569971869639,432.0,744,312.0,0.9623260638424177,0.9725349500450318,0.0,1.8764986646805701,True,global_mean_delta,0.9675533019620149,0.9964139658176873,0.0,
held_out_context,held_out_context/MCF7,global_mean_delta,pearson_r_de,absolute,replicate_half,0.9666913303461198,0.05467513947858542,4320.0,744,3120.0,0.9650693535609111,0.9682840852586225,0.0,1.8395118269672732,True,global_mean_delta,0.9666913303461198,0.9964139658176873,0.0,
held_out_context,held_out_context/MCF7,global_mean_delta,pearson_r_de,delta,full_pseudobulk,0.39567627784581466,0.41998173031020275,432.0,744,312.0,0.35297818960290855,0.43304161136518493,0.0,0.8985621332924836,True,global_mean_delta,0.39567627784581466,0.8630693659245641,0.0,
held_out_context,held_out_context/MCF7,global_mean_delta,pearson_r_de,delta,replicate_half,0.38723503298165163,0.4159385055121921,4320.0,744,3120.0,0.3743052541729638,0.40005898146137847,0.0,0.8741246200956536,True,global_mean_delta,0.38723503298165163,0.8630693659245641,0.0,
held_out_context,held_out_context/MCF7,global_mean_delta,pert_discrimination,absolute,full_pseudobulk,0.3853239554841604,0.32978948854739326,744.0,744,0.0,0.3613726772456909,0.4097858236009205,0.0137889735879337,0.9052209957510428,True,no_change,0.39034754482698736,0.02602823485144503,0.0,
held_out_context,held_out_context/MCF7,global_mean_delta,pert_discrimination,absolute,replicate_half,0.39809168728925165,0.32392103494128305,7440.0,744,0.0,0.3902657328615465,0.405862711471946,0.009701543560888651,0.8621607384674063,True,no_change,0.40173663873572696,0.02602823485144503,0.0,
held_out_context,held_out_context/MCF7,global_mean_delta,pert_discrimination,delta,full_pseudobulk,0.5,0.28925785900118256,744.0,744,0.0,0.478993590717666,0.5197712702065153,-0.0,0.5872014971046776,True,no_change,0.5,0.007395910215777363,0.0,
held_out_context,held_out_context/MCF7,global_mean_delta,pert_discrimination,delta,replicate_half,0.5,0.28908282817660297,7440.0,744,0.0,0.49387989967293305,0.5058507494681543,-0.0,0.5868461796637358,True,no_change,0.5,0.007395910215777363,0.0,
held_out_context,held_out_context/MCF7,nearest_context,direction_acc_de,absolute,full_pseudobulk,0.97713745285479,0.03832401676618174,432.0,744,312.0,0.9736353318389402,0.9805946804595083,-3.1079156753291404,7.121514061659327,True,global_mean_delta,0.9938625216277976,0.999243963893356,0.0,0.0
held_out_context,held_out_context/MCF7,nearest_context,direction_acc_de,absolute,replicate_half,0.9770992434214181,0.03830490724574966,4320.0,744,3120.0,0.9760036643827086,0.9781489901171747,-2.9868113192088033,6.896200743744752,True,global_mean_delta,0.9936894696625298,0.999243963893356,0.0,0.0
held_out_context,held_out_context/MCF7,nearest_context,direction_acc_de,delta,full_pseudobulk,0.678872816438364,0.20574290665035025,432.0,744,312.0,0.658417661866521,0.6977878734364542,0.039788847141576426,0.6235867633864782,True,global_mean_delta,0.6657450954156827,0.9956797873149039,0.0,0.0
held_out_context,held_out_context/MCF7,nearest_context,direction_acc_de,delta,replicate_half,0.6782539858410311,0.20532886647629156,4320.0,744,3120.0,0.6720923070427041,0.6844382952714408,0.03837161930825694,0.6220353369576966,True,global_mean_delta,0.665587822635644,0.9956797873149039,0.0,0.0
held_out_context,held_out_context/MCF7,nearest_context,mae,absolute,full_pseudobulk,0.029736097404647017,0.01354959775276501,744.0,744,0.0,0.028773507998543994,0.030672273327694864,,,False,no_change,0.0173481885167352,0.017828310611369726,0.0,0.0
held_out_context,held_out_context/MCF7,nearest_context,mae,absolute,replicate_half,0.031376671018190805,0.013378948962459458,7440.0,744,0.0,0.031077027317347072,0.03168683521303502,-5.485342142263636,6.4042481097379715,True,no_change,0.01991738472798868,0.017828310611369726,0.0,0.0
held_out_context,held_out_context/MCF7,nearest_context,mae,delta,full_pseudobulk,0.029736097404647017,0.01354959775276501,744.0,744,0.0,0.028727782106044306,0.030765430313508934,,,False,no_change,0.0173481885167352,0.017828310611369726,0.0,0.0
held_out_context,held_out_context/MCF7,nearest_context,mae,delta,replicate_half,0.031376671018190805,0.013378948962459458,7440.0,744,0.0,0.03108536560380938,0.03166416904562793,-5.485342142263636,6.4042481097379715,True,no_change,0.01991738472798868,0.017828310611369726,0.0,0.0
held_out_context,held_out_context/MCF7,nearest_context,pearson_r,absolute,full_pseudobulk,0.9815267305392825,0.02315938036527928,744.0,744,0.0,0.9799945204147744,0.9830953422975568,-1.0945631781699416,3.692897120343655,True,global_mean_delta,0.9883910985817661,0.9946624296290616,0.0,0.0
held_out_context,held_out_context/MCF7,nearest_context,pearson_r,absolute,replicate_half,0.9802229162255315,0.02327487563413273,7440.0,744,0.0,0.9797018779098409,0.9807551706293183,-0.9014533343129219,3.0649294504218343,True,global_mean_delta,0.9870684944306741,0.9946624296290616,0.0,0.0
held_out_context,held_out_context/MCF7,nearest_context,pearson_r,delta,full_pseudobulk,0.13721294766424355,0.16374607190974635,744.0,744,0.0,0.12615498565804723,0.1486948041759689,0.03612908875784796,0.42855127561518497,True,global_mean_delta,0.12340830700068754,0.5055004421242828,0.0,0.0
held_out_context,held_out_context/MCF7,nearest_context,pearson_r,delta,replicate_half,0.12547232200319947,0.15630717031763094,7440.0,744,0.0,0.12206624795569847,0.12890377548979762,0.0331847586482489,0.3976551907461485,True,global_mean_delta,0.11242831844763528,0.5055004421242828,0.0,0.0
held_out_context,held_out_context/MCF7,nearest_context,pearson_r_de,absolute,full_pseudobulk,0.9714992548642746,0.03706586827308892,432.0,744,312.0,0.9678864573241921,0.9747898914832808,0.13672425977422856,1.284304077634858,True,global_mean_delta,0.9675533019620149,0.9964139658176873,0.0,0.0
held_out_context,held_out_context/MCF7,nearest_context,pearson_r_de,absolute,replicate_half,0.9707146976506406,0.03755073843363805,4320.0,744,3120.0,0.9696262757103581,0.971902181814104,0.1353637468780158,1.2633717649149538,True,global_mean_delta,0.9666913303461198,0.9964139658176873,0.0,0.0
held_out_context,held_out_context/MCF7,nearest_context,pearson_r_de,delta,full_pseudobulk,0.40081958111724664,0.4172764414523284,432.0,744,312.0,0.3604498674002098,0.44048470648526783,0.011004234770723436,0.8927740954997241,True,global_mean_delta,0.39567627784581466,0.8630693659245641,0.0,0.0
held_out_context,held_out_context/MCF7,nearest_context,pearson_r_de,delta,replicate_half,0.4040437410854353,0.40445447596124073,4320.0,744,3120.0,0.3924364166951274,0.4166494329795145,0.035324706394820514,0.8499901078171351,True,global_mean_delta,0.38723503298165163,0.8630693659245641,0.0,0.0
held_out_context,held_out_context/MCF7,nearest_context,pert_discrimination,absolute,full_pseudobulk,0.23434673439557738,0.26652646959542026,744.0,744,0.0,0.21511893261841708,0.25290104596303853,0.4281980289265554,0.7315738208148035,True,no_change,0.39034754482698736,0.02602823485144503,0.0,0.0
held_out_context,held_out_context/MCF7,nearest_context,pert_discrimination,absolute,replicate_half,0.25531176283303664,0.2678837590527672,7440.0,744,0.0,0.24924902585420916,0.2612880161073242,0.3897301055522546,0.7130097604504883,True,no_change,0.40173663873572696,0.02602823485144503,0.0,0.0
held_out_context,held_out_context/MCF7,nearest_context,pert_discrimination,delta,full_pseudobulk,0.31155660718678996,0.2704269506650137,744.0,744,0.0,0.2927489453537678,0.3305905747550616,0.38254532741649516,0.5489742295551584,True,no_change,0.5,0.007395910215777363,0.0,0.0
held_out_context,held_out_context/MCF7,nearest_context,pert_discrimination,delta,replicate_half,0.32566155081839104,0.2695320146726125,7440.0,744,0.0,0.3197542249164243,0.33174690932574996,0.3539118996311523,0.5471574846052876,True,no_change,0.5,0.007395910215777363,0.0,0.0
held_out_context,held_out_context/MCF7,no_change,direction_acc_de,absolute,full_pseudobulk,0.9990556941878751,0.0035001526338912263,432.0,744,312.0,0.9987115777593332,0.9993355049061923,0.9650150096962195,0.6504116296652414,True,global_mean_delta,0.9938625216277976,0.999243963893356,0.0,
held_out_context,held_out_context/MCF7,no_change,direction_acc_de,absolute,replicate_half,0.9989082220511252,0.0037671342080127304,4320.0,744,3120.0,0.9987831252848471,0.9990178645535747,0.9395549210641811,0.6782137223414456,True,global_mean_delta,0.9936894696625298,0.999243963893356,0.0,
held_out_context,held_out_context/MCF7,no_change,direction_acc_de,delta,full_pseudobulk,0.0,0.0,432.0,744,312.0,0.0,0.0,-2.0178087111222456,0.0,True,global_mean_delta,0.6657450954156827,0.9956797873149039,0.0,
held_out_context,held_out_context/MCF7,no_change,direction_acc_de,delta,replicate_half,3.870475470457331e-05,0.00046307120910322753,4320.0,744,3120.0,2.6102417025413068e-05,5.231819968480489e-05,-2.016253617465765,0.0014028551393342136,True,global_mean_delta,0.665587822635644,0.9956797873149039,0.0,
held_out_context,held_out_context/MCF7,no_change,mae,absolute,full_pseudobulk,0.0173481885167352,0.01269179017831428,744.0,744,0.0,0.01644513372059967,0.018303075232270698,,,False,no_change,0.0173481885167352,0.017828310611369726,0.0,
held_out_context,held_out_context/MCF7,no_change,mae,absolute,replicate_half,0.01991738472798868,0.012302566270523523,7440.0,744,0.0,0.01963344791470063,0.02020916682732791,-0.0,5.889004211317556,True,no_change,0.01991738472798868,0.017828310611369726,0.0,
held_out_context,held_out_context/MCF7,no_change,mae,delta,full_pseudobulk,0.0173481885167352,0.01269179017831428,744.0,744,0.0,0.016441312533769875,0.01829277874342497,,,False,no_change,0.0173481885167352,0.017828310611369726,0.0,
held_out_context,held_out_context/MCF7,no_change,mae,delta,replicate_half,0.01991738472798868,0.012302566270523523,7440.0,744,0.0,0.019645716959690952,0.020201094776866223,-0.0,5.889004211317556,True,no_change,0.01991738472798868,0.017828310611369726,0.0,
held_out_context,held_out_context/MCF7,no_change,pearson_r,absolute,full_pseudobulk,0.9882592705642559,0.029618255328607797,744.0,744,0.0,0.9860081511325696,0.9902036511675002,-0.02102073969880234,4.722802082243873,True,global_mean_delta,0.9883910985817661,0.9946624296290616,0.0,
held_out_context,held_out_context/MCF7,no_change,pearson_r,absolute,replicate_half,0.9869367271880245,0.0296584990882997,7440.0,744,0.0,0.9862829356877895,0.9876196675326018,-0.017351641699234876,3.9055507208696643,True,global_mean_delta,0.9870684944306741,0.9946624296290616,0.0,
held_out_context,held_out_context/MCF7,no_change,pearson_r,delta,full_pseudobulk,,,0.0,744,744.0,,,,,True,global_mean_delta,0.12340830700068754,0.5055004421242828,0.0,
held_out_context,held_out_context/MCF7,no_change,pearson_r,delta,replicate_half,,,0.0,744,7440.0,,,,,True,global_mean_delta,0.11242831844763528,0.5055004421242828,0.0,
held_out_context,held_out_context/MCF7,no_change,pearson_r_de,absolute,full_pseudobulk,0.960383571360971,0.1102118395330962,432.0,744,312.0,0.948115923242006,0.9686517537122576,-0.2484256993151191,3.818756217259881,True,global_mean_delta,0.9675533019620149,0.9964139658176873,0.0,
held_out_context,held_out_context/MCF7,no_change,pearson_r_de,absolute,replicate_half,0.9595010425931239,0.11034431464301242,4320.0,744,3120.0,0.955868663892589,0.9625994906338294,-0.2419128599775108,3.712467380241807,True,global_mean_delta,0.9666913303461198,0.9964139658176873,0.0,
held_out_context,held_out_context/MCF7,no_change,pearson_r_de,delta,full_pseudobulk,,,0.0,744,744.0,,,,,True,global_mean_delta,0.39567627784581466,0.8630693659245641,0.0,
held_out_context,held_out_context/MCF7,no_change,pearson_r_de,delta,replicate_half,,,0.0,744,7440.0,,,,,True,global_mean_delta,0.38723503298165163,0.8630693659245641,0.0,
held_out_context,held_out_context/MCF7,no_change,pert_discrimination,absolute,full_pseudobulk,0.39034754482698736,0.33252851873307254,744.0,744,0.0,0.3664411297558575,0.4127519935165487,-0.0,0.9127392087874673,True,no_change,0.39034754482698736,0.02602823485144503,0.0,
held_out_context,held_out_context/MCF7,no_change,pert_discrimination,absolute,replicate_half,0.40173663873572696,0.3268564375004877,7440.0,744,0.0,0.394228656529038,0.4088325626998943,-0.0,0.8699737193026945,True,no_change,0.40173663873572696,0.02602823485144503,0.0,
held_out_context,held_out_context/MCF7,no_change,pert_discrimination,delta,full_pseudobulk,0.5,0.28925785900118256,744.0,744,0.0,0.477589219815048,0.5209313810619546,-0.0,0.5872014971046776,True,no_change,0.5,0.007395910215777363,0.0,
held_out_context,held_out_context/MCF7,no_change,pert_discrimination,delta,replicate_half,0.5,0.28908282817660297,7440.0,744,0.0,0.4931629663598605,0.5070113216182578,-0.0,0.5868461796637358,True,no_change,0.5,0.007395910215777363,0.0,
held_out_context,held_out_context/MCF7,per_drug_mean_delta,direction_acc_de,absolute,full_pseudobulk,0.9772998507371692,0.04107467020270726,432.0,744,312.0,0.973309504196462,0.9808596029065143,-3.0777382852605877,7.632650909513277,True,global_mean_delta,0.9938625216277976,0.999243963893356,0.0,0.0
held_out_context,held_out_context/MCF7,per_drug_mean_delta,direction_acc_de,absolute,replicate_half,0.9773381205377253,0.04091910545884861,4320.0,744,3120.0,0.9761239837137442,0.9785392603054619,-2.943805222455386,7.366846333507134,True,global_mean_delta,0.9936894696625298,0.999243963893356,0.0,0.0
held_out_context,held_out_context/MCF7,per_drug_mean_delta,direction_acc_de,delta,full_pseudobulk,0.684887885485964,0.2184623520760433,432.0,744,312.0,0.6634526396580331,0.7054460969692693,0.0580199370975165,0.662138166855072,True,global_mean_delta,0.6657450954156827,0.9956797873149039,0.0,0.0
held_out_context,held_out_context/MCF7,per_drug_mean_delta,direction_acc_de,delta,replicate_half,0.6841848137592882,0.21790284548264216,4320.0,744,3120.0,0.6774685960968779,0.6906122031484209,0.056338818007019134,0.660127688034974,True,global_mean_delta,0.665587822635644,0.9956797873149039,0.0,0.0
held_out_context,held_out_context/MCF7,per_drug_mean_delta,mae,absolute,full_pseudobulk,0.025931970578575686,0.011957735148778913,744.0,744,0.0,0.025057133411653516,0.02684550239142322,,,False,no_change,0.0173481885167352,0.017828310611369726,0.0,0.0
held_out_context,held_out_context/MCF7,per_drug_mean_delta,mae,absolute,replicate_half,0.027739558369261574,0.011763852716589291,7440.0,744,0.0,0.027453105712491915,0.028012732343499318,-3.744325574208268,5.631132291097651,True,no_change,0.01991738472798868,0.017828310611369726,0.0,0.0
held_out_context,held_out_context/MCF7,per_drug_mean_delta,mae,delta,full_pseudobulk,0.025931970578575686,0.011957735148778913,744.0,744,0.0,0.025144089353340157,0.026808398500364136,,,False,no_change,0.0173481885167352,0.017828310611369726,0.0,0.0
held_out_context,held_out_context/MCF7,per_drug_mean_delta,mae,delta,replicate_half,0.027739558369261574,0.011763852716589291,7440.0,744,0.0,0.02748092471275616,0.02800158210755062,-3.744325574208268,5.631132291097651,True,no_change,0.01991738472798868,0.017828310611369726,0.0,0.0
held_out_context,held_out_context/MCF7,per_drug_mean_delta,pearson_r,absolute,full_pseudobulk,0.9864848079143427,0.018545698685776112,744.0,744,0.0,0.9851699475341942,0.9877502419337577,-0.30396907020966685,2.9572188975375386,True,global_mean_delta,0.9883910985817661,0.9946624296290616,0.0,0.0
held_out_context,held_out_context/MCF7,per_drug_mean_delta,pearson_r,absolute,replicate_half,0.9851719673140876,0.018662518048606285,7440.0,744,0.0,0.9847549458598469,0.9856187586123681,-0.24974233609330992,2.4575556099779687,True,global_mean_delta,0.9870684944306741,0.9946624296290616,0.0,0.0
held_out_context,held_out_context/MCF7,per_drug_mean_delta,pearson_r,delta,full_pseudobulk,0.13948242118223927,0.17486555239934382,744.0,744,0.0,0.12709524945919254,0.15137707501466904,0.04206868632967869,0.4576528442355405,True,global_mean_delta,0.12340830700068754,0.5055004421242828,0.0,0.0
held_out_context,held_out_context/MCF7,per_drug_mean_delta,pearson_r,delta,replicate_half,0.12759676875670392,0.16707196844455183,7440.0,744,0.0,0.12382911817134612,0.1310388774051203,0.03858948369878972,0.42504150862143064,True,global_mean_delta,0.11242831844763528,0.5055004421242828,0.0,0.0
held_out_context,held_out_context/MCF7,per_drug_mean_delta,pearson_r_de,absolute,full_pseudobulk,0.9752359339955047,0.03347835112055828,432.0,744,312.0,0.9717689980957457,0.9780916193113623,0.26619734292701575,1.1599993433268998,True,global_mean_delta,0.9675533019620149,0.9964139658176873,0.0,0.0
held_out_context,held_out_context/MCF7,per_drug_mean_delta,pearson_r_de,absolute,replicate_half,0.9744088948682881,0.034022053665378436,4320.0,744,3120.0,0.9734138389822943,0.9754270067086172,0.2596527663083879,1.1446513112178,True,global_mean_delta,0.9666913303461198,0.9964139658176873,0.0,0.0
held_out_context,held_out_context/MCF7,per_drug_mean_delta,pearson_r_de,delta,full_pseudobulk,0.4256037282620892,0.3922598967461311,432.0,744,312.0,0.39108036029055954,0.46251453348646426,0.0640305797830544,0.8392505296955538,True,global_mean_delta,0.39567627784581466,0.8630693659245641,0.0,0.0
held_out_context,held_out_context/MCF7,per_drug_mean_delta,pearson_r_de,delta,replicate_half,0.41911289794983353,0.3936568677858249,4320.0,744,3120.0,0.40752955930743484,0.4306522050562752,0.0669936210172678,0.8272981593218776,True,global_mean_delta,0.38723503298165163,0.8630693659245641,0.0,0.0
held_out_context,held_out_context/MCF7,per_drug_mean_delta,pert_discrimination,absolute,full_pseudobulk,0.27607309801878466,0.2881505906465681,744.0,744,0.0,0.25497791212607995,0.2964219815047975,0.313665632535026,0.790928679201529,True,no_change,0.39034754482698736,0.02602823485144503,0.0,0.0
held_out_context,held_out_context/MCF7,per_drug_mean_delta,pert_discrimination,absolute,replicate_half,0.2960764627563351,0.28664613876633055,7440.0,744,0.0,0.28920170244866056,0.30202559009537044,0.2812292056473008,0.7629484350172201,True,no_change,0.40173663873572696,0.02602823485144503,0.0,0.0
held_out_context,held_out_context/MCF7,per_drug_mean_delta,pert_discrimination,delta,full_pseudobulk,0.3727297066527736,0.2820692179807576,744.0,744,0.0,0.35257298405186765,0.39176127729779014,0.2583622344730737,0.5726083559401903,True,no_change,0.5,0.007395910215777363,0.0,0.0
held_out_context,held_out_context/MCF7,per_drug_mean_delta,pert_discrimination,delta,replicate_half,0.3842139538922416,0.27865132040190993,7440.0,744,0.0,0.3783442370728954,0.39046570862096414,0.23504889323691286,0.5656699288143724,True,no_change,0.5,0.007395910215777363,0.0,0.0
held_out_context,held_out_context/MCF7,ridge,direction_acc_de,absolute,full_pseudobulk,0.9438512384233642,0.06414137288600834,432.0,744,312.0,0.9370988637403315,0.9495331750696557,-9.293286211488217,11.918993035848015,True,global_mean_delta,0.9938625216277976,0.999243963893356,0.0,
held_out_context,held_out_context/MCF7,ridge,direction_acc_de,absolute,replicate_half,0.943836645857486,0.06406832222234926,4320.0,744,3120.0,0.9419943406504911,0.9458838213023983,-8.97522289759016,11.534501533332103,True,global_mean_delta,0.9936894696625298,0.999243963893356,0.0,
held_out_context,held_out_context/MCF7,ridge,direction_acc_de,delta,full_pseudobulk,0.4972454766481947,0.27039174564973056,432.0,744,312.0,0.4714181784608197,0.5216150122417224,-0.5107059757721882,0.8195311141525,True,global_mean_delta,0.6657450954156827,0.9956797873149039,0.0,
held_out_context,held_out_context/MCF7,ridge,direction_acc_de,delta,replicate_half,0.4969569466176777,0.26994855921705385,4320.0,744,3120.0,0.4892525193994241,0.5048410029812193,-0.5108602876226316,0.8177980323736582,True,global_mean_delta,0.665587822635644,0.9956797873149039,0.0,
held_out_context,held_out_context/MCF7,ridge,mae,absolute,full_pseudobulk,0.07670352894971169,0.006721083296505204,744.0,744,0.0,0.07620737971765133,0.07722109896585554,,,False,no_change,0.0173481885167352,0.017828310611369726,0.0,
held_out_context,held_out_context/MCF7,ridge,mae,absolute,replicate_half,0.07738328389072473,0.006728557095279934,7440.0,744,0.0,0.07722092411081032,0.07753721066101209,-27.507831677959466,3.220832158013482,True,no_change,0.01991738472798868,0.017828310611369726,0.0,
held_out_context,held_out_context/MCF7,ridge,mae,delta,full_pseudobulk,0.07670352894971169,0.006721083296505204,744.0,744,0.0,0.07621457367520958,0.07717616218605451,,,False,no_change,0.0173481885167352,0.017828310611369726,0.0,
held_out_context,held_out_context/MCF7,ridge,mae,delta,replicate_half,0.07738328389072473,0.006728557095279934,7440.0,744,0.0,0.07722419381827039,0.07754957062400185,-27.507831677959466,3.220832158013482,True,no_change,0.01991738472798868,0.017828310611369726,0.0,
held_out_context,held_out_context/MCF7,ridge,pearson_r,absolute,full_pseudobulk,0.8897353349770039,0.02324391782841274,744.0,744,0.0,0.8880057660337767,0.8913105073681525,-15.731231992179314,3.706377107685404,True,global_mean_delta,0.9883910985817661,0.9946624296290616,0.0,
held_out_context,held_out_context/MCF7,ridge,pearson_r,absolute,replicate_half,0.8886024182773742,0.023287110811553522,7440.0,744,0.0,0.8880592230423456,0.8891583974368346,-12.966409849561092,3.066540627907704,True,global_mean_delta,0.9870684944306741,0.9946624296290616,0.0,
held_out_context,held_out_context/MCF7,ridge,pearson_r,delta,full_pseudobulk,-0.02544194840472087,0.21647225267177667,744.0,744,0.0,-0.04115871552680765,-0.008138220127957955,-0.3895663943913943,0.5665446440077979,True,global_mean_delta,0.12340830700068754,0.5055004421242828,0.0,
held_out_context,held_out_context/MCF7,ridge,pearson_r,delta,replicate_half,-0.01878657675686937,0.19586940365194777,7440.0,744,0.0,-0.023214592603524566,-0.014345440534287315,-0.33381887776006675,0.49830397999191517,True,global_mean_delta,0.11242831844763528,0.5055004421242828,0.0,
held_out_context,held_out_context/MCF7,ridge,pearson_r_de,absolute,full_pseudobulk,0.904054889062585,0.1764246469496694,432.0,744,312.0,0.8876209772158228,0.9193775827395602,-2.2001715974717557,6.112979515368792,True,global_mean_delta,0.9675533019620149,0.9964139658176873,0.0,
held_out_context,held_out_context/MCF7,ridge,pearson_r_de,absolute,replicate_half,0.9033267489075223,0.17647828027461837,4320.0,744,3120.0,0.8976050308876682,0.9084293963768816,-2.131862818800562,5.937504446516408,True,global_mean_delta,0.9666913303461198,0.9964139658176873,0.0,
held_out_context,held_out_context/MCF7,ridge,pearson_r_de,delta,full_pseudobulk,-0.007493323407528347,0.5610289273876602,432.0,744,312.0,-0.05820379547986806,0.04253565911249915,-0.8625921339799838,1.20033638001325,True,global_mean_delta,0.39567627784581466,0.8630693659245641,0.0,
held_out_context,held_out_context/MCF7,ridge,pearson_r_de,delta,replicate_half,-0.0025378955555829218,0.5506596743449638,4320.0,744,3120.0,-0.019452938111002304,0.013232040382510335,-0.8191357822513345,1.1572508249652267,True,global_mean_delta,0.38723503298165163,0.8630693659245641,0.0,
held_out_context,held_out_context/MCF7,ridge,pert_discrimination,absolute,full_pseudobulk,0.47162585565637705,0.28971720372350873,744.0,744,0.0,0.4496025629893341,0.49319463740430397,-0.22309635697006042,0.7952287891162237,True,no_change,0.39034754482698736,0.02602823485144503,0.0,
held_out_context,held_out_context/MCF7,ridge,pert_discrimination,absolute,replicate_half,0.4721070493060681,0.28984699274669906,7440.0,744,0.0,0.4661330798926178,0.4790294857740343,-0.18730060292187453,0.7714679516084816,True,no_change,0.40173663873572696,0.02602823485144503,0.0,
held_out_context,held_out_context/MCF7,ridge,pert_discrimination,delta,full_pseudobulk,0.48505767087801566,0.289142839179043,744.0,744,0.0,0.4654546375490239,0.5066260003762716,0.03033334361582258,0.5869680036674023,True,no_change,0.5,0.007395910215777363,0.0,
held_out_context,held_out_context/MCF7,ridge,pert_discrimination,delta,replicate_half,0.48549906655667957,0.2888344355267318,7440.0,744,0.0,0.47878309110840966,0.4919064449196081,0.029437298114338296,0.5863419356774954,True,no_change,0.5,0.007395910215777363,0.0,
held_out_drug,held_out_drug/fold0,ceiling,direction_acc_de,absolute,full_pseudobulk,0.9981164820298034,0.00611261455971836,3040.0,458,1540.0,0.9978587680848352,0.9983230779055468,1.0,3.0471479452693706,True,global_mean_delta,0.9961104702871809,0.9981164820298034,,
held_out_drug,held_out_drug/fold0,ceiling,direction_acc_de,absolute,replicate_half,0.9981164820298034,0.00611261455971836,3040.0,458,1540.0,0.9979002147028586,0.9983251050992329,1.0,2.4953268895558063,True,global_mean_delta,0.9956668572590759,0.9981164820298034,,
held_out_drug,held_out_drug/fold0,ceiling,direction_acc_de,delta,full_pseudobulk,0.9798059564591669,0.03957361569711407,3040.0,458,1540.0,0.9783680629916792,0.9811576973311495,1.0,0.1387377379994887,True,global_mean_delta,0.6945655001295422,0.9798059564591669,,
held_out_drug,held_out_drug/fold0,ceiling,direction_acc_de,delta,replicate_half,0.9798059564591669,0.03957361569711407,3040.0,458,1540.0,0.978407850657192,0.981207843494754,1.0,0.13871497618868847,True,global_mean_delta,0.6945186948783867,0.9798059564591669,,
held_out_drug,held_out_drug/fold0,ceiling,mae,absolute,full_pseudobulk,0.02943901507729283,0.007712808728225277,4580.0,458,0.0,0.029226272181119537,0.029661157190417974,,,False,no_change,0.025502993331209114,0.02943901507729283,,
held_out_drug,held_out_drug/fold0,ceiling,mae,absolute,replicate_half,0.02943901507729283,0.007712808728225277,4580.0,458,0.0,0.02921150476947942,0.0296543162557522,1.0,22.219898135914086,True,no_change,0.029786127772456768,0.02943901507729283,,
held_out_drug,held_out_drug/fold0,ceiling,mae,delta,full_pseudobulk,0.02943901507729283,0.007712808728225277,4580.0,458,0.0,0.029220167155365344,0.029662235292961227,,,False,no_change,0.025502993331209114,0.02943901507729283,,
held_out_drug,held_out_drug/fold0,ceiling,mae,delta,replicate_half,0.02943901507729283,0.007712808728225277,4580.0,458,0.0,0.029206230579423894,0.029663635310928495,1.0,22.219898135914086,True,no_change,0.029786127772456768,0.02943901507729283,,
held_out_drug,held_out_drug/fold0,ceiling,pearson_r,absolute,full_pseudobulk,0.9843621802658739,0.009569377804453816,4580.0,458,0.0,0.9840916602295304,0.984638088430514,,,False,global_mean_delta,0.98451123205728,0.9843621802658739,,
held_out_drug,held_out_drug/fold0,ceiling,pearson_r,absolute,replicate_half,0.9843621802658739,0.009569377804453816,4580.0,458,0.0,0.9840901425166079,0.984641174199307,1.0,2.6269179269988303,True,global_mean_delta,0.9807193645897151,0.9843621802658739,,
held_out_drug,held_out_drug/fold0,ceiling,pearson_r,delta,full_pseudobulk,0.4941732376427949,0.21420639358176988,4580.0,458,0.0,0.4882335981901759,0.5003054054640014,1.0,0.6745572450876596,True,global_mean_delta,0.17662214002774596,0.4941732376427949,,
held_out_drug,held_out_drug/fold0,ceiling,pearson_r,delta,replicate_half,0.4941732376427949,0.21420639358176988,4580.0,458,0.0,0.48784721856278906,0.5003926494933417,1.0,0.6364001806260839,True,global_mean_delta,0.15758251987927097,0.4941732376427949,,
held_out_drug,held_out_drug/fold0,ceiling,pearson_r_de,absolute,full_pseudobulk,0.977295304502398,0.1169061152832147,3040.0,458,1540.0,0.9723775468871017,0.9809852380819266,1.0,4.107356183766322,True,global_mean_delta,0.9488326852279197,0.977295304502398,,
held_out_drug,held_out_drug/fold0,ceiling,pearson_r_de,absolute,replicate_half,0.977295304502398,0.1169061152832147,3040.0,458,1540.0,0.972969016025327,0.9809737314593049,1.0,3.03119860119391,True,global_mean_delta,0.938727684671362,0.977295304502398,,
held_out_drug,held_out_drug/fold0,ceiling,pearson_r_de,delta,full_pseudobulk,0.7838525294620936,0.31057506875827184,3040.0,458,1540.0,0.7724083476024032,0.7945575469999803,1.0,0.7911071789391135,True,global_mean_delta,0.3912697328115088,0.7838525294620936,,
held_out_drug,held_out_drug/fold0,ceiling,pearson_r_de,delta,replicate_half,0.7838525294620936,0.31057506875827184,3040.0,458,1540.0,0.7722865014852759,0.795425331231273,1.0,0.7854008320296851,True,global_mean_delta,0.38841741392285606,0.7838525294620936,,
held_out_drug,held_out_drug/fold0,ceiling,pert_discrimination,absolute,full_pseudobulk,0.012801353042913247,0.02646181185789812,4580.0,458,0.0,0.0120702464334515,0.013532973254469532,1.0,0.23774353307904258,True,no_change,0.12410537681671811,0.012801353042913247,,
held_out_drug,held_out_drug/fold0,ceiling,pert_discrimination,absolute,replicate_half,0.012801353042913247,0.02646181185789812,4580.0,458,0.0,0.012045354648218399,0.013569343449303889,1.0,0.23347227109486335,True,no_change,0.12614162995805184,0.012801353042913247,,
held_out_drug,held_out_drug/fold0,ceiling,pert_discrimination,delta,full_pseudobulk,0.035272758544905546,0.06700226203290156,4580.0,458,0.0,0.03338270283699464,0.037279234708990666,1.0,0.144175456173201,True,no_change,0.5,0.035272758544905546,,
held_out_drug,held_out_drug/fold0,ceiling,pert_discrimination,delta,replicate_half,0.035272758544905546,0.06700226203290156,4580.0,458,0.0,0.033335248392306,0.03730118821247361,1.0,0.144175456173201,True,no_change,0.5,0.035272758544905546,,
held_out_drug,held_out_drug/fold0,global_mean_delta,direction_acc_de,absolute,full_pseudobulk,0.9961104702871809,0.0067605671811375905,304.0,458,154.0,0.9953333806828222,0.9967989754978126,0.0,3.370153343319609,True,global_mean_delta,0.9961104702871809,0.9981164820298034,0.0,
held_out_drug,held_out_drug/fold0,global_mean_delta,direction_acc_de,absolute,replicate_half,0.9956668572590759,0.0071927969356590385,3040.0,458,1540.0,0.9954026202130951,0.9959138729273902,0.0,2.9362851901284577,True,global_mean_delta,0.9956668572590759,0.9981164820298034,0.0,
held_out_drug,held_out_drug/fold0,global_mean_delta,direction_acc_de,delta,full_pseudobulk,0.6945655001295422,0.16594759800684916,304.0,458,154.0,0.6757885787491368,0.7133416831992284,0.0,0.5817814209884717,True,global_mean_delta,0.6945655001295422,0.9798059564591669,0.0,
held_out_drug,held_out_drug/fold0,global_mean_delta,direction_acc_de,delta,replicate_half,0.6945186948783867,0.16552117269391847,3040.0,458,1540.0,0.6888429957710696,0.7001469699968347,0.0,0.580191249257901,True,global_mean_delta,0.6945186948783867,0.9798059564591669,0.0,
held_out_drug,held_out_drug/fold0,global_mean_delta,mae,absolute,full_pseudobulk,0.025807529511187068,0.010308555345810507,458.0,458,0.0,0.02492417635566225,0.026722564242368182,,,False,no_change,0.025502993331209114,0.02943901507729283,0.0,
held_out_drug,held_out_drug/fold0,global_mean_delta,mae,absolute,replicate_half,0.03000809756272858,0.010502658123382271,4580.0,458,0.0,0.029705483528279664,0.03031082130907388,-0.6394747105604383,30.257199663705755,True,no_change,0.029786127772456768,0.02943901507729283,0.0,
held_out_drug,held_out_drug/fold0,global_mean_delta,mae,delta,full_pseudobulk,0.025807529511187068,0.010308555345810507,458.0,458,0.0,0.02489800924777964,0.026723628862136157,,,False,no_change,0.025502993331209114,0.02943901507729283,0.0,
held_out_drug,held_out_drug/fold0,global_mean_delta,mae,delta,replicate_half,0.03000809756272858,0.010502658123382271,4580.0,458,0.0,0.029679565966594778,0.030321113540452076,-0.6394747105604383,30.257199663705755,True,no_change,0.029786127772456768,0.02943901507729283,0.0,
held_out_drug,held_out_drug/fold0,global_mean_delta,pearson_r,absolute,full_pseudobulk,0.98451123205728,0.017748651182010848,458.0,458,0.0,0.9828736756338298,0.9859578456378768,,,False,global_mean_delta,0.98451123205728,0.9843621802658739,0.0,
held_out_drug,held_out_drug/fold0,global_mean_delta,pearson_r,absolute,replicate_half,0.9807193645897151,0.018892741178466888,4580.0,458,0.0,0.980114143233397,0.9812678937716305,0.0,5.18630171219333,True,global_mean_delta,0.9807193645897151,0.9843621802658739,0.0,
held_out_drug,held_out_drug/fold0,global_mean_delta,pearson_r,delta,full_pseudobulk,0.17662214002774596,0.13069399288807612,458.0,458,0.0,0.16441035899946851,0.1884568326727592,0.0,0.411568386535731,True,global_mean_delta,0.17662214002774596,0.4941732376427949,0.0,
held_out_drug,held_out_drug/fold0,global_mean_delta,pearson_r,delta,replicate_half,0.15758251987927097,0.1243611319767904,4580.0,458,0.0,0.1539709866702968,0.16112900674336555,0.0,0.36947285059762663,True,global_mean_delta,0.15758251987927097,0.4941732376427949,0.0,
held_out_drug,held_out_drug/fold0,global_mean_delta,pearson_r_de,absolute,full_pseudobulk,0.9488326852279197,0.08878181424320329,304.0,458,154.0,0.938710524624279,0.9577389321480229,0.0,3.1192425892725852,True,global_mean_delta,0.9488326852279197,0.977295304502398,0.0,
held_out_drug,held_out_drug/fold0,global_mean_delta,pearson_r_de,absolute,replicate_half,0.938727684671362,0.14322670636933305,3040.0,458,1540.0,0.9332183937089809,0.9432243816251258,0.0,3.7136516849317287,True,global_mean_delta,0.938727684671362,0.977295304502398,0.0,
held_out_drug,held_out_drug/fold0,global_mean_delta,pearson_r_de,delta,full_pseudobulk,0.3912697328115088,0.3743138913653095,304.0,458,154.0,0.34879557175488174,0.4336046858115307,0.0,0.9534648348293892,True,global_mean_delta,0.3912697328115088,0.7838525294620936,0.0,
held_out_drug,held_out_drug/fold0,global_mean_delta,pearson_r_de,delta,replicate_half,0.38841741392285606,0.3567725050217431,3040.0,458,1540.0,0.37549071780558424,0.40052056952699694,0.0,0.9022276752918822,True,global_mean_delta,0.38841741392285606,0.7838525294620936,0.0,
held_out_drug,held_out_drug/fold0,global_mean_delta,pert_discrimination,absolute,full_pseudobulk,0.12140597976168861,0.09792482567059861,458.0,458,0.0,0.11296188355804421,0.12972454205803943,0.024252466025085406,0.8797959170784712,True,no_change,0.12410537681671811,0.012801353042913247,0.0,
held_out_drug,held_out_drug/fold0,global_mean_delta,pert_discrimination,absolute,replicate_half,0.12383209272548326,0.09648820929108705,4580.0,458,0.0,0.12107273561197479,0.12655085138505345,0.020377021262245536,0.8513143951759601,True,no_change,0.12614162995805184,0.012801353042913247,0.0,
held_out_drug,held_out_drug/fold0,global_mean_delta,pert_discrimination,delta,full_pseudobulk,0.5,0.28962247376528377,458.0,458,0.0,0.47401412286317646,0.5260160960507583,-0.0,0.6232095903361614,True,no_change,0.5,0.035272758544905546,0.0,
held_out_drug,held_out_drug/fold0,global_mean_delta,pert_discrimination,delta,replicate_half,0.5,0.2893377080588134,4580.0,458,0.0,0.4917871083485423,0.5083770173812504,-0.0,0.6225968315368736,True,no_change,0.5,0.035272758544905546,0.0,
held_out_drug,held_out_drug/fold0,nearest_context,direction_acc_de,absolute,full_pseudobulk,0.9961104702871809,0.0067605671811375905,304.0,458,154.0,0.9953919933360689,0.9968015003015853,0.0,3.370153343319609,True,global_mean_delta,0.9961104702871809,0.9981164820298034,1.0,0.0
held_out_drug,held_out_drug/fold0,nearest_context,direction_acc_de,absolute,replicate_half,0.9956668572590759,0.0071927969356590385,3040.0,458,1540.0,0.9954152058136948,0.9959174493276682,0.0,2.9362851901284577,True,global_mean_delta,0.9956668572590759,0.9981164820298034,1.0,0.0
held_out_drug,held_out_drug/fold0,nearest_context,direction_acc_de,delta,full_pseudobulk,0.6945655001295422,0.16594759800684916,304.0,458,154.0,0.6758616035176923,0.7128001721316531,0.0,0.5817814209884717,True,global_mean_delta,0.6945655001295422,0.9798059564591669,1.0,0.0
held_out_drug,held_out_drug/fold0,nearest_context,direction_acc_de,delta,replicate_half,0.6945186948783867,0.16552117269391847,3040.0,458,1540.0,0.6885500449133681,0.7004470842925057,0.0,0.580191249257901,True,global_mean_delta,0.6945186948783867,0.9798059564591669,1.0,0.0
held_out_drug,held_out_drug/fold0,nearest_context,mae,absolute,full_pseudobulk,0.025807529511187068,0.010308555345810507,458.0,458,0.0,0.02493960445580936,0.026706265323487743,,,False,no_change,0.025502993331209114,0.02943901507729283,1.0,0.0
held_out_drug,held_out_drug/fold0,nearest_context,mae,absolute,replicate_half,0.03000809756272858,0.010502658123382271,4580.0,458,0.0,0.0296901646249429,0.030305383211625184,-0.6394747105604383,30.257199663705755,True,no_change,0.029786127772456768,0.02943901507729283,1.0,0.0
held_out_drug,held_out_drug/fold0,nearest_context,mae,delta,full_pseudobulk,0.025807529511187068,0.010308555345810507,458.0,458,0.0,0.024878045927653813,0.026719534018366096,,,False,no_change,0.025502993331209114,0.02943901507729283,1.0,0.0
held_out_drug,held_out_drug/fold0,nearest_context,mae,delta,replicate_half,0.03000809756272858,0.010502658123382271,4580.0,458,0.0,0.02970667300420539,0.030310978576068445,-0.6394747105604383,30.257199663705755,True,no_change,0.029786127772456768,0.02943901507729283,1.0,0.0
held_out_drug,held_out_drug/fold0,nearest_context,pearson_r,absolute,full_pseudobulk,0.98451123205728,0.017748651182010848,458.0,458,0.0,0.9830198778764733,0.9861398733086385,,,False,global_mean_delta,0.98451123205728,0.9843621802658739,1.0,0.0
held_out_drug,held_out_drug/fold0,nearest_context,pearson_r,absolute,replicate_half,0.9807193645897151,0.018892741178466888,4580.0,458,0.0,0.9801875752284375,0.9812454524585709,0.0,5.18630171219333,True,global_mean_delta,0.9807193645897151,0.9843621802658739,1.0,0.0
held_out_drug,held_out_drug/fold0,nearest_context,pearson_r,delta,full_pseudobulk,0.17662214002774596,0.13069399288807612,458.0,458,0.0,0.16440381941312415,0.1881538189988926,0.0,0.411568386535731,True,global_mean_delta,0.17662214002774596,0.4941732376427949,1.0,0.0
held_out_drug,held_out_drug/fold0,nearest_context,pearson_r,delta,replicate_half,0.15758251987927097,0.1243611319767904,4580.0,458,0.0,0.15386312076993425,0.16107505988965,0.0,0.36947285059762663,True,global_mean_delta,0.15758251987927097,0.4941732376427949,1.0,0.0
held_out_drug,held_out_drug/fold0,nearest_context,pearson_r_de,absolute,full_pseudobulk,0.9488326852279197,0.08878181424320329,304.0,458,154.0,0.938114001674096,0.9578699148000056,0.0,3.1192425892725852,True,global_mean_delta,0.9488326852279197,0.977295304502398,1.0,0.0
held_out_drug,held_out_drug/fold0,nearest_context,pearson_r_de,absolute,replicate_half,0.938727684671362,0.14322670636933305,3040.0,458,1540.0,0.9337088582554904,0.9435750060743887,0.0,3.7136516849317287,True,global_mean_delta,0.938727684671362,0.977295304502398,1.0,0.0
held_out_drug,held_out_drug/fold0,nearest_context,pearson_r_de,delta,full_pseudobulk,0.3912697328115088,0.3743138913653095,304.0,458,154.0,0.3484775074234641,0.43347435278560814,0.0,0.9534648348293892,True,global_mean_delta,0.3912697328115088,0.7838525294620936,1.0,0.0
held_out_drug,held_out_drug/fold0,nearest_context,pearson_r_de,delta,replicate_half,0.38841741392285606,0.3567725050217431,3040.0,458,1540.0,0.37620260748514334,0.40064593366413453,0.0,0.9022276752918822,True,global_mean_delta,0.38841741392285606,0.7838525294620936,1.0,0.0
held_out_drug,held_out_drug/fold0,nearest_context,pert_discrimination,absolute,full_pseudobulk,0.12140597976168861,0.09792482567059861,458.0,458,0.0,0.11230447287703171,0.13020661137282258,0.024252466025085406,0.8797959170784712,True,no_change,0.12410537681671811,0.012801353042913247,1.0,0.0
held_out_drug,held_out_drug/fold0,nearest_context,pert_discrimination,absolute,replicate_half,0.12383209272548326,0.09648820929108705,4580.0,458,0.0,0.12105744699148616,0.1267430818992289,0.020377021262245536,0.8513143951759601,True,no_change,0.12614162995805184,0.012801353042913247,1.0,0.0
held_out_drug,held_out_drug/fold0,nearest_context,pert_discrimination,delta,full_pseudobulk,0.5,0.28962247376528377,458.0,458,0.0,0.4721397141027969,0.5274967033912071,-0.0,0.6232095903361614,True,no_change,0.5,0.035272758544905546,1.0,0.0
held_out_drug,held_out_drug/fold0,nearest_context,pert_discrimination,delta,replicate_half,0.5,0.2893377080588134,4580.0,458,0.0,0.49164149618262254,0.5084917656445587,-0.0,0.6225968315368736,True,no_change,0.5,0.035272758544905546,1.0,0.0
held_out_drug,held_out_drug/fold0,no_change,direction_acc_de,absolute,full_pseudobulk,0.9982371944463021,0.005071462840822012,304.0,458,154.0,0.9976185833675084,0.9987442327978364,1.060175328954397,2.528132180418846,True,global_mean_delta,0.9961104702871809,0.9981164820298034,0.0,
held_out_drug,held_out_drug/fold0,no_change,direction_acc_de,absolute,replicate_half,0.9979195589772437,0.005461502371640426,3040.0,458,1540.0,0.997726504979386,0.9981018521932953,0.9196109318811266,2.229526104121816,True,global_mean_delta,0.9956668572590759,0.9981164820298034,0.0,
held_out_drug,held_out_drug/fold0,no_change,direction_acc_de,delta,full_pseudobulk,0.0,0.0,304.0,458,154.0,0.0,0.0,-2.435017490390284,0.0,True,global_mean_delta,0.6945655001295422,0.9798059564591669,0.0,
held_out_drug,held_out_drug/fold0,no_change,direction_acc_de,delta,replicate_half,0.00013530161899387447,0.0013019510260561954,3040.0,458,1540.0,9.609655178658671e-05,0.000192934421232005,-2.4339796646082474,0.004563649350630199,True,global_mean_delta,0.6945186948783867,0.9798059564591669,0.0,
held_out_drug,held_out_drug/fold0,no_change,mae,absolute,full_pseudobulk,0.025502993331209114,0.0108082735875437,458.0,458,0.0,0.024602201704361667,0.026464470929836788,,,False,no_change,0.025502993331209114,0.02943901507729283,0.0,
held_out_drug,held_out_drug/fold0,no_change,mae,absolute,replicate_half,0.029786127772456768,0.0109457697698722,4580.0,458,0.0,0.02946321309943231,0.030107970459298194,-0.0,31.533763882368667,True,no_change,0.029786127772456768,0.02943901507729283,0.0,
held_out_drug,held_out_drug/fold0,no_change,mae,delta,full_pseudobulk,0.025502993331209114,0.0108082735875437,458.0,458,0.0,0.024538161548243554,0.02658906133348456,,,False,no_change,0.025502993331209114,0.02943901507729283,0.0,
held_out_drug,held_out_drug/fold0,no_change,mae,delta,replicate_half,0.029786127772456768,0.0109457697698722,4580.0,458,0.0,0.029465650771001953,0.030108085100017844,-0.0,31.533763882368667,True,no_change,0.029786127772456768,0.02943901507729283,0.0,
held_out_drug,held_out_drug/fold0,no_change,pearson_r,absolute,full_pseudobulk,0.9840235015164895,0.018561254640417364,458.0,458,0.0,0.9822506378897484,0.9856464786639038,,,False,global_mean_delta,0.98451123205728,0.9843621802658739,0.0,
held_out_drug,held_out_drug/fold0,no_change,pearson_r,absolute,replicate_half,0.9802306106109033,0.019670546299192196,4580.0,458,0.0,0.9796584699228834,0.9808052288678616,-0.1341692861405325,5.399819273846485,True,global_mean_delta,0.9807193645897151,0.9843621802658739,0.0,
held_out_drug,held_out_drug/fold0,no_change,pearson_r,delta,full_pseudobulk,,,0.0,458,458.0,,,,,True,global_mean_delta,0.17662214002774596,0.4941732376427949,0.0,
held_out_drug,held_out_drug/fold0,no_change,pearson_r,delta,replicate_half,,,0.0,458,4580.0,,,,,True,global_mean_delta,0.15758251987927097,0.4941732376427949,0.0,
held_out_drug,held_out_drug/fold0,no_change,pearson_r_de,absolute,full_pseudobulk,0.9450864144959576,0.09390826243452323,304.0,458,154.0,0.9340647073574019,0.9550894143308469,-0.131620730187727,3.299354199587968,True,global_mean_delta,0.9488326852279197,0.977295304502398,0.0,
held_out_drug,held_out_drug/fold0,no_change,pearson_r_de,absolute,replicate_half,0.9350201916119883,0.14613197326761274,3040.0,458,1540.0,0.9300402894353799,0.9400482682678107,-0.09612968276539072,3.788980857719876,True,global_mean_delta,0.938727684671362,0.977295304502398,0.0,
held_out_drug,held_out_drug/fold0,no_change,pearson_r_de,delta,full_pseudobulk,,,0.0,458,458.0,,,,,True,global_mean_delta,0.3912697328115088,0.7838525294620936,0.0,
held_out_drug,held_out_drug/fold0,no_change,pearson_r_de,delta,replicate_half,,,0.0,458,4580.0,,,,,True,global_mean_delta,0.38841741392285606,0.7838525294620936,0.0,
held_out_drug,held_out_drug/fold0,no_change,pert_discrimination,absolute,full_pseudobulk,0.12410537681671811,0.09755868998238569,458.0,458,0.0,0.11528455944884522,0.1335232864800818,-0.0,0.8765064071775803,True,no_change,0.12410537681671811,0.012801353042913247,0.0,
held_out_drug,held_out_drug/fold0,no_change,pert_discrimination,absolute,replicate_half,0.12614162995805184,0.09638195325013076,4580.0,458,0.0,0.1235385631563357,0.12883565210744077,-0.0,0.8503768993108685,True,no_change,0.12614162995805184,0.012801353042913247,0.0,
held_out_drug,held_out_drug/fold0,no_change,pert_discrimination,delta,full_pseudobulk,0.5,0.28962247376528377,458.0,458,0.0,0.4732696387107871,0.5263455180453498,-0.0,0.6232095903361614,True,no_change,0.5,0.035272758544905546,0.0,
held_out_drug,held_out_drug/fold0,no_change,pert_discrimination,delta,replicate_half,0.5,0.2893377080588134,4580.0,458,0.0,0.4910370104058173,0.5081673363400955,-0.0,0.6225968315368736,True,no_change,0.5,0.035272758544905546,0.0,
held_out_drug,held_out_drug/fold0,per_drug_mean_delta,direction_acc_de,absolute,full_pseudobulk,0.9961104702871809,0.0067605671811375905,304.0,458,154.0,0.9953475267270858,0.9968182315629085,0.0,3.370153343319609,True,global_mean_delta,0.9961104702871809,0.9981164820298034,1.0,0.0
held_out_drug,held_out_drug/fold0,per_drug_mean_delta,direction_acc_de,absolute,replicate_half,0.9956668572590759,0.0071927969356590385,3040.0,458,1540.0,0.9954168880940585,0.9959256478862958,0.0,2.9362851901284577,True,global_mean_delta,0.9956668572590759,0.9981164820298034,1.0,0.0
held_out_drug,held_out_drug/fold0,per_drug_mean_delta,direction_acc_de,delta,full_pseudobulk,0.6945655001295422,0.16594759800684916,304.0,458,154.0,0.6761387251418466,0.7132270039728071,0.0,0.5817814209884717,True,global_mean_delta,0.6945655001295422,0.9798059564591669,1.0,0.0
held_out_drug,held_out_drug/fold0,per_drug_mean_delta,direction_acc_de,delta,replicate_half,0.6945186948783867,0.16552117269391847,3040.0,458,1540.0,0.6888512078286445,0.7005683118231861,0.0,0.580191249257901,True,global_mean_delta,0.6945186948783867,0.9798059564591669,1.0,0.0
held_out_drug,held_out_drug/fold0,per_drug_mean_delta,mae,absolute,full_pseudobulk,0.025807529511187068,0.010308555345810507,458.0,458,0.0,0.02489290664558867,0.02667604475177541,,,False,no_change,0.025502993331209114,0.02943901507729283,1.0,0.0
held_out_drug,held_out_drug/fold0,per_drug_mean_delta,mae,absolute,replicate_half,0.03000809756272858,0.010502658123382271,4580.0,458,0.0,0.029707472127607423,0.03032179440681722,-0.6394747105604383,30.257199663705755,True,no_change,0.029786127772456768,0.02943901507729283,1.0,0.0
held_out_drug,held_out_drug/fold0,per_drug_mean_delta,mae,delta,full_pseudobulk,0.025807529511187068,0.010308555345810507,458.0,458,0.0,0.02494224290386023,0.026734177002430245,,,False,no_change,0.025502993331209114,0.02943901507729283,1.0,0.0
held_out_drug,held_out_drug/fold0,per_drug_mean_delta,mae,delta,replicate_half,0.03000809756272858,0.010502658123382271,4580.0,458,0.0,0.029707656862142478,0.03028175946192052,-0.6394747105604383,30.257199663705755,True,no_change,0.029786127772456768,0.02943901507729283,1.0,0.0
held_out_drug,held_out_drug/fold0,per_drug_mean_delta,pearson_r,absolute,full_pseudobulk,0.98451123205728,0.017748651182010848,458.0,458,0.0,0.9828697157129705,0.986061421617668,,,False,global_mean_delta,0.98451123205728,0.9843621802658739,1.0,0.0
held_out_drug,held_out_drug/fold0,per_drug_mean_delta,pearson_r,absolute,replicate_half,0.9807193645897151,0.018892741178466888,4580.0,458,0.0,0.9802047235992934,0.9812372967960059,0.0,5.18630171219333,True,global_mean_delta,0.9807193645897151,0.9843621802658739,1.0,0.0
held_out_drug,held_out_drug/fold0,per_drug_mean_delta,pearson_r,delta,full_pseudobulk,0.17662214002774596,0.13069399288807612,458.0,458,0.0,0.16472465326899233,0.18841496143383235,0.0,0.411568386535731,True,global_mean_delta,0.17662214002774596,0.4941732376427949,1.0,0.0
held_out_drug,held_out_drug/fold0,per_drug_mean_delta,pearson_r,delta,replicate_half,0.15758251987927097,0.1243611319767904,4580.0,458,0.0,0.1539853164441011,0.16113625911888838,0.0,0.36947285059762663,True,global_mean_delta,0.15758251987927097,0.4941732376427949,1.0,0.0
held_out_drug,held_out_drug/fold0,per_drug_mean_delta,pearson_r_de,absolute,full_pseudobulk,0.9488326852279197,0.08878181424320329,304.0,458,154.0,0.9387172377600782,0.9582201891730563,0.0,3.1192425892725852,True,global_mean_delta,0.9488326852279197,0.977295304502398,1.0,0.0
held_out_drug,held_out_drug/fold0,per_drug_mean_delta,pearson_r_de,absolute,replicate_half,0.938727684671362,0.14322670636933305,3040.0,458,1540.0,0.9331634270259989,0.9435053756684718,0.0,3.7136516849317287,True,global_mean_delta,0.938727684671362,0.977295304502398,1.0,0.0
held_out_drug,held_out_drug/fold0,per_drug_mean_delta,pearson_r_de,delta,full_pseudobulk,0.3912697328115088,0.3743138913653095,304.0,458,154.0,0.34660445217364766,0.4290602072282222,0.0,0.9534648348293892,True,global_mean_delta,0.3912697328115088,0.7838525294620936,1.0,0.0
held_out_drug,held_out_drug/fold0,per_drug_mean_delta,pearson_r_de,delta,replicate_half,0.38841741392285606,0.3567725050217431,3040.0,458,1540.0,0.3751811196569113,0.4011088226950227,0.0,0.9022276752918822,True,global_mean_delta,0.38841741392285606,0.7838525294620936,1.0,0.0
held_out_drug,held_out_drug/fold0,per_drug_mean_delta,pert_discrimination,absolute,full_pseudobulk,0.12140597976168861,0.09792482567059861,458.0,458,0.0,0.11258552072085845,0.13006531107565,0.024252466025085406,0.8797959170784712,True,no_change,0.12410537681671811,0.012801353042913247,1.0,0.0
held_out_drug,held_out_drug/fold0,per_drug_mean_delta,pert_discrimination,absolute,replicate_half,0.12383209272548326,0.09648820929108705,4580.0,458,0.0,0.12117045139651991,0.12646321653464307,0.020377021262245536,0.8513143951759601,True,no_change,0.12614162995805184,0.012801353042913247,1.0,0.0
held_out_drug,held_out_drug/fold0,per_drug_mean_delta,pert_discrimination,delta,full_pseudobulk,0.5,0.28962247376528377,458.0,458,0.0,0.4750138553123178,0.525017438582745,-0.0,0.6232095903361614,True,no_change,0.5,0.035272758544905546,1.0,0.0
held_out_drug,held_out_drug/fold0,per_drug_mean_delta,pert_discrimination,delta,replicate_half,0.5,0.2893377080588134,4580.0,458,0.0,0.49132658643326044,0.5080944526196096,-0.0,0.6225968315368736,True,no_change,0.5,0.035272758544905546,1.0,0.0
held_out_drug,held_out_drug/fold0,ridge_no_drug,direction_acc_de,absolute,full_pseudobulk,0.9994746679028909,0.002246547450320388,304.0,458,154.0,0.9992189876786255,0.9996862089563671,1.6770577879628301,1.119907427552462,True,global_mean_delta,0.9961104702871809,0.9981164820298034,0.0,
held_out_drug,held_out_drug/fold0,ridge_no_drug,direction_acc_de,absolute,replicate_half,0.9989022432856419,0.003620671545158269,3040.0,458,1540.0,0.9987667329063636,0.9990242320836825,1.320768007095694,1.4780514911608098,True,global_mean_delta,0.9956668572590759,0.9981164820298034,0.0,
held_out_drug,held_out_drug/fold0,ridge_no_drug,direction_acc_de,delta,full_pseudobulk,0.7870021174805156,0.13394546296633436,304.0,458,154.0,0.7722485670472513,0.8023159565614146,0.3240655920286195,0.4695878862693537,True,global_mean_delta,0.6945655001295422,0.9798059564591669,0.0,
held_out_drug,held_out_drug/fold0,ridge_no_drug,direction_acc_de,delta,replicate_half,0.7842905563379213,0.13507208058682918,3040.0,458,1540.0,0.7788828319848043,0.7887100683938951,0.31467181872091887,0.47345990787809145,True,global_mean_delta,0.6945186948783867,0.9798059564591669,0.0,
held_out_drug,held_out_drug/fold0,ridge_no_drug,mae,absolute,full_pseudobulk,0.024469602612111983,0.010569579948324694,458.0,458,0.0,0.0235463246589272,0.025460768632590645,,,False,no_change,0.025502993331209114,0.02943901507729283,0.0,
held_out_drug,held_out_drug/fold0,ridge_no_drug,mae,absolute,replicate_half,0.029000535597074207,0.010591472875690044,4580.0,458,0.0,0.028718683178748646,0.02932996781660486,2.263219370330248,30.51306686057053,True,no_change,0.029786127772456768,0.02943901507729283,0.0,
held_out_drug,held_out_drug/fold0,ridge_no_drug,mae,delta,full_pseudobulk,0.024469602612111983,0.010569579948324694,458.0,458,0.0,0.023495996171332106,0.02543253439513373,,,False,no_change,0.025502993331209114,0.02943901507729283,0.0,
held_out_drug,held_out_drug/fold0,ridge_no_drug,mae,delta,replicate_half,0.029000535597074207,0.010591472875690044,4580.0,458,0.0,0.028685511856911552,0.029290951580387713,2.263219370330248,30.51306686057053,True,no_change,0.029786127772456768,0.02943901507729283,0.0,
held_out_drug,held_out_drug/fold0,ridge_no_drug,pearson_r,absolute,full_pseudobulk,0.9855120349316479,0.016481286659145528,458.0,458,0.0,0.9839250613297155,0.9870342445412896,,,False,global_mean_delta,0.98451123205728,0.9843621802658739,0.0,
held_out_drug,held_out_drug/fold0,ridge_no_drug,pearson_r,absolute,replicate_half,0.981718845917181,0.01762300006288861,4580.0,458,0.0,0.9812060812270723,0.9822255780205098,0.2743705463900329,4.83774135985698,True,global_mean_delta,0.9807193645897151,0.9843621802658739,0.0,
held_out_drug,held_out_drug/fold0,ridge_no_drug,pearson_r,delta,full_pseudobulk,0.4079898199467585,0.14580090998005235,458.0,458,0.0,0.3943179375533166,0.4211604979076787,0.7285998431644151,0.4591415714670254,True,global_mean_delta,0.17662214002774596,0.4941732376427949,0.0,
held_out_drug,held_out_drug/fold0,ridge_no_drug,pearson_r,delta,replicate_half,0.35127291062433247,0.13046511227523047,4580.0,458,0.0,0.3476776656539138,0.3548359729234695,0.5754478080442526,0.387607576174725,True,global_mean_delta,0.15758251987927097,0.4941732376427949,0.0,
held_out_drug,held_out_drug/fold0,ridge_no_drug,pearson_r_de,absolute,full_pseudobulk,0.9553945132511451,0.07365391782837966,304.0,458,154.0,0.9470786073360784,0.9631797718894088,0.23054195961188978,2.587742087897841,True,global_mean_delta,0.9488326852279197,0.977295304502398,0.0,
held_out_drug,held_out_drug/fold0,ridge_no_drug,pearson_r_de,absolute,replicate_half,0.9451821365260189,0.13505561480248715,3040.0,458,1540.0,0.9406315841008019,0.9499162900982114,0.16735416608371761,3.5017876496958675,True,global_mean_delta,0.938727684671362,0.977295304502398,0.0,
held_out_drug,held_out_drug/fold0,ridge_no_drug,pearson_r_de,delta,full_pseudobulk,0.4723270405381698,0.35014442750312563,304.0,458,154.0,0.431482600364471,0.5136133744164576,0.2064718790996984,0.8918995699517849,True,global_mean_delta,0.3912697328115088,0.7838525294620936,0.0,
held_out_drug,held_out_drug/fold0,ridge_no_drug,pearson_r_de,delta,replicate_half,0.46414910666431597,0.33581366081421093,3040.0,458,1540.0,0.4516366700626238,0.47628739644663126,0.19151483964237198,0.8492256949822895,True,global_mean_delta,0.38841741392285606,0.7838525294620936,0.0,
held_out_drug,held_out_drug/fold0,ridge_no_drug,pert_discrimination,absolute,full_pseudobulk,0.11693405826875483,0.09751957347057587,458.0,458,0.0,0.10804133660764623,0.12663779346984796,0.06443000266133267,0.8761549687436085,True,no_change,0.12410537681671811,0.012801353042913247,0.0,
held_out_drug,held_out_drug/fold0,ridge_no_drug,pert_discrimination,absolute,replicate_half,0.11969126542000708,0.09616275121613106,4580.0,458,0.0,0.11702170506340002,0.1225383768262735,0.056911494427301874,0.8484428822079826,True,no_change,0.12614162995805184,0.012801353042913247,0.0,
held_out_drug,held_out_drug/fold0,ridge_no_drug,pert_discrimination,delta,full_pseudobulk,0.32986154243069954,0.3422101169344409,458.0,458,0.0,0.29928800416614904,0.36081395182173465,0.3661039043818148,0.7363676720627704,True,no_change,0.5,0.035272758544905546,0.0,
held_out_drug,held_out_drug/fold0,ridge_no_drug,pert_discrimination,delta,replicate_half,0.36837787736615296,0.31768511523113196,4580.0,458,0.0,0.359163425797636,0.37848016779260985,0.283224461345818,0.6835947775224818,True,no_change,0.5,0.035272758544905546,0.0,
held_out_drug,held_out_drug/fold1,ceiling,direction_acc_de,absolute,full_pseudobulk,0.9960337871725871,0.028844583251002382,1830.0,356,1730.0,0.9946086919509509,0.9972264737622863,1.0,5.465704954738771,True,global_mean_delta,0.9907564106054538,0.9960337871725871,,
held_out_drug,held_out_drug/fold1,ceiling,direction_acc_de,absolute,replicate_half,0.9960337871725871,0.028844583251002382,1830.0,356,1730.0,0.9946013457888295,0.9972345944261948,1.0,4.7655327589455085,True,global_mean_delta,0.9899810361560596,0.9960337871725871,,
held_out_drug,held_out_drug/fold1,ceiling,direction_acc_de,delta,full_pseudobulk,0.99393680432852,0.030669238059334282,1830.0,356,1730.0,0.9924650374553396,0.9952363930480469,1.0,0.1131088853923501,True,global_mean_delta,0.7227888927126521,0.99393680432852,,
held_out_drug,held_out_drug/fold1,ceiling,direction_acc_de,delta,replicate_half,0.99393680432852,0.030669238059334282,1830.0,356,1730.0,0.9923170544978068,0.9952150534536399,1.0,0.11295390651148707,True,global_mean_delta,0.7224168630840327,0.99393680432852,,
held_out_drug,held_out_drug/fold1,ceiling,mae,absolute,full_pseudobulk,0.030242236227395483,0.00957801222496935,3560.0,356,0.0,0.02993113924787248,0.030554170403425895,,,False,no_change,0.024691337017928847,0.030242236227395483,,
held_out_drug,held_out_drug/fold1,ceiling,mae,absolute,replicate_half,0.030242236227395483,0.00957801222496935,3560.0,356,0.0,0.0299211020907159,0.030589787133022496,,,False,no_change,0.029308912246472654,0.030242236227395483,,
held_out_drug,held_out_drug/fold1,ceiling,mae,delta,full_pseudobulk,0.030242236227395483,0.00957801222496935,3560.0,356,0.0,0.02993147918373671,0.03057953568221806,,,False,no_change,0.024691337017928847,0.030242236227395483,,
held_out_drug,held_out_drug/fold1,ceiling,mae,delta,replicate_half,0.030242236227395483,0.00957801222496935,3560.0,356,0.0,0.029941918622498523,0.030552962079739426,,,False,no_change,0.029308912246472654,0.030242236227395483,,
held_out_drug,held_out_drug/fold1,ceiling,pearson_r,absolute,full_pseudobulk,0.9826284389101688,0.013448340800057561,3560.0,356,0.0,0.982171726903077,0.9830839354956106,,,False,global_mean_delta,0.9840209907734361,0.9826284389101688,,
held_out_drug,held_out_drug/fold1,ceiling,pearson_r,absolute,replicate_half,0.9826284389101688,0.013448340800057561,3560.0,356,0.0,0.9821779348060412,0.9830752558101666,1.0,4.74293388595922,True,global_mean_delta,0.9797929912477273,0.9826284389101688,,
held_out_drug,held_out_drug/fold1,ceiling,pearson_r,delta,full_pseudobulk,0.431146346939079,0.20324309357999537,3560.0,356,0.0,0.4242752669526116,0.4383772831968658,1.0,0.7009896157634283,True,global_mean_delta,0.1412089655434232,0.431146346939079,,
held_out_drug,held_out_drug/fold1,ceiling,pearson_r,delta,replicate_half,0.431146346939079,0.20324309357999537,3560.0,356,0.0,0.42420383468426776,0.4378313068960979,1.0,0.6664213831907224,True,global_mean_delta,0.12616949789666246,0.431146346939079,,
held_out_drug,held_out_drug/fold1,ceiling,pearson_r_de,absolute,full_pseudobulk,0.984879675663911,0.07290560869613372,1830.0,356,1730.0,0.9810520915243601,0.9876635648018307,1.0,1.6276482251757398,True,global_mean_delta,0.9400876821800229,0.984879675663911,,
held_out_drug,held_out_drug/fold1,ceiling,pearson_r_de,absolute,replicate_half,0.984879675663911,0.07290560869613372,1830.0,356,1730.0,0.981081010839108,0.9875814586179189,1.0,1.4585625110017746,True,global_mean_delta,0.9348951133662962,0.984879675663911,,
held_out_drug,held_out_drug/fold1,ceiling,pearson_r_de,delta,full_pseudobulk,0.8046688971275343,0.3504986869509987,1830.0,356,1730.0,0.7893464141705732,0.8206522375925892,1.0,0.8942893287688125,True,global_mean_delta,0.4127390421291102,0.8046688971275343,,
held_out_drug,held_out_drug/fold1,ceiling,pearson_r_de,delta,replicate_half,0.8046688971275343,0.3504986869509987,1830.0,356,1730.0,0.7872391540874323,0.8193358195995158,1.0,0.8832995299734553,True,global_mean_delta,0.40786274580813786,0.8046688971275343,,
held_out_drug,held_out_drug/fold1,ceiling,pert_discrimination,absolute,full_pseudobulk,0.029450862478240226,0.053220932274878154,3560.0,356,0.0,0.027604783193543283,0.031253501345149544,1.0,0.4974161677931592,True,no_change,0.13644564013293245,0.029450862478240226,,
held_out_drug,held_out_drug/fold1,ceiling,pert_discrimination,absolute,replicate_half,0.029450862478240226,0.053220932274878154,3560.0,356,0.0,0.027721890330748535,0.03131361766102231,1.0,0.4842830085536516,True,no_change,0.13934720683652477,0.029450862478240226,,
held_out_drug,held_out_drug/fold1,ceiling,pert_discrimination,delta,full_pseudobulk,0.071836524766577,0.12793720530732078,3560.0,356,0.0,0.067645612438677,0.07624806140212058,1.0,0.29880457513937386,True,no_change,0.5,0.071836524766577,,
held_out_drug,held_out_drug/fold1,ceiling,pert_discrimination,delta,replicate_half,0.071836524766577,0.12793720530732078,3560.0,356,0.0,0.06777383684127235,0.07588785804715936,1.0,0.29880457513937386,True,no_change,0.5,0.071836524766577,,
held_out_drug,held_out_drug/fold1,global_mean_delta,direction_acc_de,absolute,full_pseudobulk,0.9907564106054538,0.04298844383483351,183.0,356,173.0,0.9834278449602805,0.9956251653389229,0.0,8.145798066137555,True,global_mean_delta,0.9907564106054538,0.9960337871725871,0.0,
held_out_drug,held_out_drug/fold1,global_mean_delta,direction_acc_de,absolute,replicate_half,0.9899810361560596,0.04457445323209447,1830.0,356,1730.0,0.9880227457588818,0.9919651677870127,0.0,7.3643295602909715,True,global_mean_delta,0.9899810361560596,0.9960337871725871,0.0,
held_out_drug,held_out_drug/fold1,global_mean_delta,direction_acc_de,delta,full_pseudobulk,0.7227888927126521,0.2466733524219583,183.0,356,173.0,0.6864196849726143,0.7606715539126385,0.0,0.9097372388079372,True,global_mean_delta,0.7227888927126521,0.99393680432852,0.0,
held_out_drug,held_out_drug/fold1,global_mean_delta,direction_acc_de,delta,replicate_half,0.7224168630840327,0.24614774217527832,1830.0,356,1730.0,0.7110033082446813,0.7333371011158466,0.0,0.9065549331186586,True,global_mean_delta,0.7224168630840327,0.99393680432852,0.0,
held_out_drug,held_out_drug/fold1,global_mean_delta,mae,absolute,full_pseudobulk,0.02509072348690671,0.01268794902359523,356.0,356,0.0,0.02390564137600779,0.026373838361954175,,,False,no_change,0.024691337017928847,0.030242236227395483,0.0,
held_out_drug,held_out_drug/fold1,global_mean_delta,mae,absolute,replicate_half,0.029621649804483136,0.013120876369445698,3560.0,356,0.0,0.02921683811567205,0.030078221093880066,,,False,no_change,0.029308912246472654,0.030242236227395483,0.0,
held_out_drug,held_out_drug/fold1,global_mean_delta,mae,delta,full_pseudobulk,0.02509072348690671,0.01268794902359523,356.0,356,0.0,0.023806799533371184,0.026472315978340086,,,False,no_change,0.024691337017928847,0.030242236227395483,0.0,
held_out_drug,held_out_drug/fold1,global_mean_delta,mae,delta,replicate_half,0.029621649804483136,0.013120876369445698,3560.0,356,0.0,0.029193501519912585,0.030036216369788274,,,False,no_change,0.029308912246472654,0.030242236227395483,0.0,
held_out_drug,held_out_drug/fold1,global_mean_delta,pearson_r,absolute,full_pseudobulk,0.9840209907734361,0.02595088515300169,356.0,356,0.0,0.9811368302457871,0.9865090545562681,,,False,global_mean_delta,0.9840209907734361,0.9826284389101688,0.0,
held_out_drug,held_out_drug/fold1,global_mean_delta,pearson_r,absolute,replicate_half,0.9797929912477273,0.027311720244717636,3560.0,356,0.0,0.9789426524721416,0.9806342036846032,0.0,9.632242769454152,True,global_mean_delta,0.9797929912477273,0.9826284389101688,0.0,
held_out_drug,held_out_drug/fold1,global_mean_delta,pearson_r,delta,full_pseudobulk,0.1412089655434232,0.16600562472417418,356.0,356,0.0,0.12491614816949652,0.1573871392765536,0.0,0.5725568187347279,True,global_mean_delta,0.1412089655434232,0.431146346939079,0.0,
held_out_drug,held_out_drug/fold1,global_mean_delta,pearson_r,delta,replicate_half,0.12616949789666246,0.1539793110993462,3560.0,356,0.0,0.1208280419363508,0.1307358919974741,0.0,0.5048885237775231,True,global_mean_delta,0.12616949789666246,0.431146346939079,0.0,
held_out_drug,held_out_drug/fold1,global_mean_delta,pearson_r_de,absolute,full_pseudobulk,0.9400876821800229,0.11250607588344995,183.0,356,173.0,0.9228678576183542,0.9556836079092075,0.0,2.511745227948361,True,global_mean_delta,0.9400876821800229,0.984879675663911,0.0,
held_out_drug,held_out_drug/fold1,global_mean_delta,pearson_r_de,absolute,replicate_half,0.9348951133662962,0.13426419362452668,1830.0,356,1730.0,0.9285851032812426,0.9410606490014327,0.0,2.6861132208200513,True,global_mean_delta,0.9348951133662962,0.984879675663911,0.0,
held_out_drug,held_out_drug/fold1,global_mean_delta,pearson_r_de,delta,full_pseudobulk,0.4127390421291102,0.4472615468716485,183.0,356,173.0,0.3482010437901391,0.4743345882699176,0.0,1.1411775376832338,True,global_mean_delta,0.4127390421291102,0.8046688971275343,0.0,
held_out_drug,held_out_drug/fold1,global_mean_delta,pearson_r_de,delta,replicate_half,0.40786274580813786,0.4420252244186945,1830.0,356,1730.0,0.3857896838942312,0.42815528911350537,0.0,1.1139575910024146,True,global_mean_delta,0.40786274580813786,0.8046688971275343,0.0,
held_out_drug,held_out_drug/fold1,global_mean_delta,pert_discrimination,absolute,full_pseudobulk,0.13603418262383288,0.10479133659626705,356.0,356,0.0,0.1258401250197816,0.14633644564013293,0.003845584972637472,0.9794060877855514,True,no_change,0.13644564013293245,0.029450862478240226,0.0,
held_out_drug,held_out_drug/fold1,global_mean_delta,pert_discrimination,absolute,replicate_half,0.13898559898718152,0.10333751990078764,3560.0,356,0.0,0.1354854605159044,0.14244601598354167,0.0032904447500485814,0.9403180834103654,True,no_change,0.13934720683652477,0.029450862478240226,0.0,
held_out_drug,held_out_drug/fold1,global_mean_delta,pert_discrimination,delta,full_pseudobulk,0.5,0.28989460356200175,356.0,356,0.0,0.471541185314132,0.5305384554518121,-0.0,0.6770652340299675,True,no_change,0.5,0.071836524766577,0.0,
held_out_drug,held_out_drug/fold1,global_mean_delta,pert_discrimination,delta,replicate_half,0.5,0.28952782877085576,3560.0,356,0.0,0.49067087355594236,0.5092771601519228,-0.0,0.6762086107718859,True,no_change,0.5,0.071836524766577,0.0,
held_out_drug,held_out_drug/fold1,nearest_context,direction_acc_de,absolute,full_pseudobulk,0.9907564106054538,0.04298844383483351,183.0,356,173.0,0.9833330012716088,0.9956344458203136,0.0,8.145798066137555,True,global_mean_delta,0.9907564106054538,0.9960337871725871,1.0,0.0
held_out_drug,held_out_drug/fold1,nearest_context,direction_acc_de,absolute,replicate_half,0.9899810361560596,0.04457445323209447,1830.0,356,1730.0,0.9878740709614148,0.9918224729167185,0.0,7.3643295602909715,True,global_mean_delta,0.9899810361560596,0.9960337871725871,1.0,0.0
held_out_drug,held_out_drug/fold1,nearest_context,direction_acc_de,delta,full_pseudobulk,0.7227888927126521,0.2466733524219583,183.0,356,173.0,0.6874203912530845,0.7570126838844974,0.0,0.9097372388079372,True,global_mean_delta,0.7227888927126521,0.99393680432852,1.0,0.0
held_out_drug,held_out_drug/fold1,nearest_context,direction_acc_de,delta,replicate_half,0.7224168630840327,0.24614774217527832,1830.0,356,1730.0,0.710956987012895,0.7327354026749969,0.0,0.9065549331186586,True,global_mean_delta,0.7224168630840327,0.99393680432852,1.0,0.0
held_out_drug,held_out_drug/fold1,nearest_context,mae,absolute,full_pseudobulk,0.02509072348690671,0.01268794902359523,356.0,356,0.0,0.0237038134825619,0.02647157594482516,,,False,no_change,0.024691337017928847,0.030242236227395483,1.0,0.0
held_out_drug,held_out_drug/fold1,nearest_context,mae,absolute,replicate_half,0.029621649804483136,0.013120876369445698,3560.0,356,0.0,0.029165413522186334,0.030059592894123882,,,False,no_change,0.029308912246472654,0.030242236227395483,1.0,0.0
held_out_drug,held_out_drug/fold1,nearest_context,mae,delta,full_pseudobulk,0.02509072348690671,0.01268794902359523,356.0,356,0.0,0.023742354928774034,0.02640888748890132,,,False,no_change,0.024691337017928847,0.030242236227395483,1.0,0.0
held_out_drug,held_out_drug/fold1,nearest_context,mae,delta,replicate_half,0.029621649804483136,0.013120876369445698,3560.0,356,0.0,0.02920723629899329,0.030066642093608615,,,False,no_change,0.029308912246472654,0.030242236227395483,1.0,0.0
held_out_drug,held_out_drug/fold1,nearest_context,pearson_r,absolute,full_pseudobulk,0.9840209907734361,0.02595088515300169,356.0,356,0.0,0.9810597752313293,0.9863828032209857,,,False,global_mean_delta,0.9840209907734361,0.9826284389101688,1.0,0.0
held_out_drug,held_out_drug/fold1,nearest_context,pearson_r,absolute,replicate_half,0.9797929912477273,0.027311720244717636,3560.0,356,0.0,0.9789248341310197,0.9806974678345001,0.0,9.632242769454152,True,global_mean_delta,0.9797929912477273,0.9826284389101688,1.0,0.0
held_out_drug,held_out_drug/fold1,nearest_context,pearson_r,delta,full_pseudobulk,0.1412089655434232,0.16600562472417418,356.0,356,0.0,0.12466513372553648,0.15994259751823656,0.0,0.5725568187347279,True,global_mean_delta,0.1412089655434232,0.431146346939079,1.0,0.0
held_out_drug,held_out_drug/fold1,nearest_context,pearson_r,delta,replicate_half,0.12616949789666246,0.1539793110993462,3560.0,356,0.0,0.12131983537228655,0.13117448797040573,0.0,0.5048885237775231,True,global_mean_delta,0.12616949789666246,0.431146346939079,1.0,0.0
held_out_drug,held_out_drug/fold1,nearest_context,pearson_r_de,absolute,full_pseudobulk,0.9400876821800229,0.11250607588344995,183.0,356,173.0,0.9239145890693988,0.9551008179477692,0.0,2.511745227948361,True,global_mean_delta,0.9400876821800229,0.984879675663911,1.0,0.0
held_out_drug,held_out_drug/fold1,nearest_context,pearson_r_de,absolute,replicate_half,0.9348951133662962,0.13426419362452668,1830.0,356,1730.0,0.9288422128789998,0.9409479956953459,0.0,2.6861132208200513,True,global_mean_delta,0.9348951133662962,0.984879675663911,1.0,0.0
held_out_drug,held_out_drug/fold1,nearest_context,pearson_r_de,delta,full_pseudobulk,0.4127390421291102,0.4472615468716485,183.0,356,173.0,0.3445100059964051,0.47750619387941956,0.0,1.1411775376832338,True,global_mean_delta,0.4127390421291102,0.8046688971275343,1.0,0.0
held_out_drug,held_out_drug/fold1,nearest_context,pearson_r_de,delta,replicate_half,0.40786274580813786,0.4420252244186945,1830.0,356,1730.0,0.387826225848924,0.4290034515384655,0.0,1.1139575910024146,True,global_mean_delta,0.40786274580813786,0.8046688971275343,1.0,0.0
held_out_drug,held_out_drug/fold1,nearest_context,pert_discrimination,absolute,full_pseudobulk,0.13603418262383288,0.10479133659626705,356.0,356,0.0,0.12556338028169015,0.14626523184048107,0.003845584972637472,0.9794060877855514,True,no_change,0.13644564013293245,0.029450862478240226,1.0,0.0
held_out_drug,held_out_drug/fold1,nearest_context,pert_discrimination,absolute,replicate_half,0.13898559898718152,0.10333751990078764,3560.0,356,0.0,0.1357875059344833,0.14234384396265232,0.0032904447500485814,0.9403180834103654,True,no_change,0.13934720683652477,0.029450862478240226,1.0,0.0
held_out_drug,held_out_drug/fold1,nearest_context,pert_discrimination,delta,full_pseudobulk,0.5,0.28989460356200175,356.0,356,0.0,0.4710025320462098,0.5303815872764678,-0.0,0.6770652340299675,True,no_change,0.5,0.071836524766577,1.0,0.0
held_out_drug,held_out_drug/fold1,nearest_context,pert_discrimination,delta,replicate_half,0.5,0.28952782877085576,3560.0,356,0.0,0.49084578256053174,0.5090307999683495,-0.0,0.6762086107718859,True,no_change,0.5,0.071836524766577,1.0,0.0
held_out_drug,held_out_drug/fold1,no_change,direction_acc_de,absolute,full_pseudobulk,0.9927743217914916,0.052300089552488674,183.0,356,173.0,0.9844477655958777,0.9986233791973083,0.38237013416951354,9.910244017492781,True,global_mean_delta,0.9907564106054538,0.9960337871725871,0.0,
held_out_drug,held_out_drug/fold1,no_change,direction_acc_de,absolute,replicate_half,0.9927956481170129,0.048441307517459134,1830.0,356,1730.0,0.9906638678607244,0.9948492094062228,0.4650136695310678,8.003188531163216,True,global_mean_delta,0.9899810361560596,0.9960337871725871,0.0,
held_out_drug,held_out_drug/fold1,no_change,direction_acc_de,delta,full_pseudobulk,0.0,0.0,183.0,356,173.0,0.0,0.0,-2.6656627683587644,0.0,True,global_mean_delta,0.7227888927126521,0.99393680432852,0.0,
held_out_drug,held_out_drug/fold1,no_change,direction_acc_de,delta,replicate_half,0.0006957697944484015,0.01172240359443681,1830.0,356,1730.0,0.0002507460124128017,0.0012879474172629516,-2.658077671870583,0.043173269486978465,True,global_mean_delta,0.7224168630840327,0.99393680432852,0.0,
held_out_drug,held_out_drug/fold1,no_change,mae,absolute,full_pseudobulk,0.024691337017928847,0.013446263615856605,356.0,356,0.0,0.02333397213742638,0.026132705047187604,,,False,no_change,0.024691337017928847,0.030242236227395483,0.0,
held_out_drug,held_out_drug/fold1,no_change,mae,absolute,replicate_half,0.029308912246472654,0.013800602884830463,3560.0,356,0.0,0.028821665645168613,0.029756476599035006,,,False,no_change,0.029308912246472654,0.030242236227395483,0.0,
held_out_drug,held_out_drug/fold1,no_change,mae,delta,full_pseudobulk,0.024691337017928847,0.013446263615856605,356.0,356,0.0,0.023312313024996045,0.02606958917093048,,,False,no_change,0.024691337017928847,0.030242236227395483,0.0,
held_out_drug,held_out_drug/fold1,no_change,mae,delta,replicate_half,0.029308912246472654,0.013800602884830463,3560.0,356,0.0,0.028839072710098293,0.02976246003406785,,,False,no_change,0.029308912246472654,0.030242236227395483,0.0,
held_out_drug,held_out_drug/fold1,no_change,pearson_r,absolute,full_pseudobulk,0.9835360121903308,0.027636479142399313,356.0,356,0.0,0.9804277852201523,0.9861663945503626,,,False,global_mean_delta,0.9840209907734361,0.9826284389101688,0.0,
held_out_drug,held_out_drug/fold1,no_change,pearson_r,absolute,replicate_half,0.9793073708926737,0.028975222076603867,3560.0,356,0.0,0.9783544900570798,0.9802401933245279,-0.17126761374797192,10.218923262245848,True,global_mean_delta,0.9797929912477273,0.9826284389101688,0.0,
held_out_drug,held_out_drug/fold1,no_change,pearson_r,delta,full_pseudobulk,,,0.0,356,356.0,,,,,True,global_mean_delta,0.1412089655434232,0.431146346939079,0.0,
held_out_drug,held_out_drug/fold1,no_change,pearson_r,delta,replicate_half,,,0.0,356,3560.0,,,,,True,global_mean_delta,0.12616949789666246,0.431146346939079,0.0,
held_out_drug,held_out_drug/fold1,no_change,pearson_r_de,absolute,full_pseudobulk,0.935987041568104,0.11609415071126335,183.0,356,173.0,0.9187064833054084,0.9517128682444077,-0.09154851778128544,2.5918505000904473,True,global_mean_delta,0.9400876821800229,0.984879675663911,0.0,
held_out_drug,held_out_drug/fold1,no_change,pearson_r_de,absolute,replicate_half,0.9308234915751175,0.1372357934500808,1830.0,356,1730.0,0.924224075965031,0.9367424856079534,-0.08145758618302422,2.7455635728679657,True,global_mean_delta,0.9348951133662962,0.984879675663911,0.0,
held_out_drug,held_out_drug/fold1,no_change,pearson_r_de,delta,full_pseudobulk,,,0.0,356,356.0,,,,,True,global_mean_delta,0.4127390421291102,0.8046688971275343,0.0,
held_out_drug,held_out_drug/fold1,no_change,pearson_r_de,delta,replicate_half,,,0.0,356,3560.0,,,,,True,global_mean_delta,0.40786274580813786,0.8046688971275343,0.0,
held_out_drug,held_out_drug/fold1,no_change,pert_discrimination,absolute,full_pseudobulk,0.13644564013293245,0.10588561038833233,356.0,356,0.0,0.12576337236904572,0.14709744421585694,-0.0,0.9896334448215823,True,no_change,0.13644564013293245,0.029450862478240226,0.0,
held_out_drug,held_out_drug/fold1,no_change,pert_discrimination,absolute,replicate_half,0.13934720683652477,0.10419941606984001,3560.0,356,0.0,0.1358633486311125,0.14311285409083718,-0.0,0.9481608935974123,True,no_change,0.13934720683652477,0.029450862478240226,0.0,
held_out_drug,held_out_drug/fold1,no_change,pert_discrimination,delta,full_pseudobulk,0.5,0.28989460356200175,356.0,356,0.0,0.47165097325526184,0.530049454027536,-0.0,0.6770652340299675,True,no_change,0.5,0.071836524766577,0.0,
held_out_drug,held_out_drug/fold1,no_change,pert_discrimination,delta,replicate_half,0.5,0.28952782877085576,3560.0,356,0.0,0.49088851084032287,0.5095683059028328,-0.0,0.6762086107718859,True,no_change,0.5,0.071836524766577,0.0,
held_out_drug,held_out_drug/fold1,per_drug_mean_delta,direction_acc_de,absolute,full_pseudobulk,0.9907564106054538,0.04298844383483351,183.0,356,173.0,0.9835915297337608,0.9957622758045943,0.0,8.145798066137555,True,global_mean_delta,0.9907564106054538,0.9960337871725871,1.0,0.0
held_out_drug,held_out_drug/fold1,per_drug_mean_delta,direction_acc_de,absolute,replicate_half,0.9899810361560596,0.04457445323209447,1830.0,356,1730.0,0.9878319090340574,0.9919523055811228,0.0,7.3643295602909715,True,global_mean_delta,0.9899810361560596,0.9960337871725871,1.0,0.0
held_out_drug,held_out_drug/fold1,per_drug_mean_delta,direction_acc_de,delta,full_pseudobulk,0.7227888927126521,0.2466733524219583,183.0,356,173.0,0.6853552215686757,0.7582701024641462,0.0,0.9097372388079372,True,global_mean_delta,0.7227888927126521,0.99393680432852,1.0,0.0
held_out_drug,held_out_drug/fold1,per_drug_mean_delta,direction_acc_de,delta,replicate_half,0.7224168630840327,0.24614774217527832,1830.0,356,1730.0,0.7114562287673107,0.7335576311320212,0.0,0.9065549331186586,True,global_mean_delta,0.7224168630840327,0.99393680432852,1.0,0.0
held_out_drug,held_out_drug/fold1,per_drug_mean_delta,mae,absolute,full_pseudobulk,0.02509072348690671,0.01268794902359523,356.0,356,0.0,0.02388571846019727,0.0264313703844198,,,False,no_change,0.024691337017928847,0.030242236227395483,1.0,0.0
held_out_drug,held_out_drug/fold1,per_drug_mean_delta,mae,absolute,replicate_half,0.029621649804483136,0.013120876369445698,3560.0,356,0.0,0.02920542733845556,0.03004249831907188,,,False,no_change,0.029308912246472654,0.030242236227395483,1.0,0.0
held_out_drug,held_out_drug/fold1,per_drug_mean_delta,mae,delta,full_pseudobulk,0.02509072348690671,0.01268794902359523,356.0,356,0.0,0.023883947374688155,0.026441230981671282,,,False,no_change,0.024691337017928847,0.030242236227395483,1.0,0.0
held_out_drug,held_out_drug/fold1,per_drug_mean_delta,mae,delta,replicate_half,0.029621649804483136,0.013120876369445698,3560.0,356,0.0,0.02917044592056103,0.030082823768657625,,,False,no_change,0.029308912246472654,0.030242236227395483,1.0,0.0
held_out_drug,held_out_drug/fold1,per_drug_mean_delta,pearson_r,absolute,full_pseudobulk,0.9840209907734361,0.02595088515300169,356.0,356,0.0,0.9810475731463422,0.9866599429900608,,,False,global_mean_delta,0.9840209907734361,0.9826284389101688,1.0,0.0
held_out_drug,held_out_drug/fold1,per_drug_mean_delta,pearson_r,absolute,replicate_half,0.9797929912477273,0.027311720244717636,3560.0,356,0.0,0.9789191556075216,0.9806581503139006,0.0,9.632242769454152,True,global_mean_delta,0.9797929912477273,0.9826284389101688,1.0,0.0
held_out_drug,held_out_drug/fold1,per_drug_mean_delta,pearson_r,delta,full_pseudobulk,0.1412089655434232,0.16600562472417418,356.0,356,0.0,0.1245511854038285,0.15943376560593378,0.0,0.5725568187347279,True,global_mean_delta,0.1412089655434232,0.431146346939079,1.0,0.0
held_out_drug,held_out_drug/fold1,per_drug_mean_delta,pearson_r,delta,replicate_half,0.12616949789666246,0.1539793110993462,3560.0,356,0.0,0.1211082480367946,0.131175066492304,0.0,0.5048885237775231,True,global_mean_delta,0.12616949789666246,0.431146346939079,1.0,0.0
held_out_drug,held_out_drug/fold1,per_drug_mean_delta,pearson_r_de,absolute,full_pseudobulk,0.9400876821800229,0.11250607588344995,183.0,356,173.0,0.9221529088988711,0.9551073221943834,0.0,2.511745227948361,True,global_mean_delta,0.9400876821800229,0.984879675663911,1.0,0.0
held_out_drug,held_out_drug/fold1,per_drug_mean_delta,pearson_r_de,absolute,replicate_half,0.9348951133662962,0.13426419362452668,1830.0,356,1730.0,0.9285188982440379,0.9407876627106021,0.0,2.6861132208200513,True,global_mean_delta,0.9348951133662962,0.984879675663911,1.0,0.0
held_out_drug,held_out_drug/fold1,per_drug_mean_delta,pearson_r_de,delta,full_pseudobulk,0.4127390421291102,0.4472615468716485,183.0,356,173.0,0.3500807004549715,0.4768210224964763,0.0,1.1411775376832338,True,global_mean_delta,0.4127390421291102,0.8046688971275343,1.0,0.0
held_out_drug,held_out_drug/fold1,per_drug_mean_delta,pearson_r_de,delta,replicate_half,0.40786274580813786,0.4420252244186945,1830.0,356,1730.0,0.38855935154711296,0.4292233594047869,0.0,1.1139575910024146,True,global_mean_delta,0.40786274580813786,0.8046688971275343,1.0,0.0
held_out_drug,held_out_drug/fold1,per_drug_mean_delta,pert_discrimination,absolute,full_pseudobulk,0.13603418262383288,0.10479133659626705,356.0,356,0.0,0.12563123120746955,0.14710713720525398,0.003845584972637472,0.9794060877855514,True,no_change,0.13644564013293245,0.029450862478240226,1.0,0.0
held_out_drug,held_out_drug/fold1,per_drug_mean_delta,pert_discrimination,absolute,replicate_half,0.13898559898718152,0.10333751990078764,3560.0,356,0.0,0.13570515508783038,0.1422909479347998,0.0032904447500485814,0.9403180834103654,True,no_change,0.13934720683652477,0.029450862478240226,1.0,0.0
held_out_drug,held_out_drug/fold1,per_drug_mean_delta,pert_discrimination,delta,full_pseudobulk,0.5,0.28989460356200175,356.0,356,0.0,0.46983324101914864,0.5288043994302896,-0.0,0.6770652340299675,True,no_change,0.5,0.071836524766577,1.0,0.0
held_out_drug,held_out_drug/fold1,per_drug_mean_delta,pert_discrimination,delta,replicate_half,0.5,0.28952782877085576,3560.0,356,0.0,0.4903146660864061,0.5091281848393734,-0.0,0.6762086107718859,True,no_change,0.5,0.071836524766577,1.0,0.0
held_out_drug,held_out_drug/fold1,ridge_no_drug,direction_acc_de,absolute,full_pseudobulk,0.9994031856061979,0.002982399363476903,183.0,356,173.0,0.9989387363848958,0.9997769740416146,1.6384608698562433,0.5651291556586796,True,global_mean_delta,0.9907564106054538,0.9960337871725871,0.0,
held_out_drug,held_out_drug/fold1,ridge_no_drug,direction_acc_de,absolute,replicate_half,0.9980431649560846,0.013325395513522515,1830.0,356,1730.0,0.9973564320843037,0.9986129540850396,1.3319776045653908,2.2015436414180214,True,global_mean_delta,0.9899810361560596,0.9960337871725871,0.0,
held_out_drug,held_out_drug/fold1,ridge_no_drug,direction_acc_de,delta,full_pseudobulk,0.8072236842822562,0.19975796235040089,183.0,356,173.0,0.7781633664100326,0.8372328179070455,0.31139753600323455,0.7367121552217435,True,global_mean_delta,0.7227888927126521,0.99393680432852,0.0,
held_out_drug,held_out_drug/fold1,ridge_no_drug,direction_acc_de,delta,replicate_half,0.8054571914840095,0.19986668281836747,1830.0,356,1730.0,0.7961461200971088,0.814232503319658,0.30583510006435943,0.7361031455085636,True,global_mean_delta,0.7224168630840327,0.99393680432852,0.0,
held_out_drug,held_out_drug/fold1,ridge_no_drug,mae,absolute,full_pseudobulk,0.022613314155699973,0.012524175402548719,356.0,356,0.0,0.0213230574239335,0.023953575872561892,,,False,no_change,0.024691337017928847,0.030242236227395483,0.0,
held_out_drug,held_out_drug/fold1,ridge_no_drug,mae,absolute,replicate_half,0.027662089717970406,0.012849298183950855,3560.0,356,0.0,0.0272371732939424,0.028074603338131592,,,False,no_change,0.029308912246472654,0.030242236227395483,0.0,
held_out_drug,held_out_drug/fold1,ridge_no_drug,mae,delta,full_pseudobulk,0.022613314155699973,0.012524175402548719,356.0,356,0.0,0.021333744724145426,0.02400552189114278,,,False,no_change,0.024691337017928847,0.030242236227395483,0.0,
held_out_drug,held_out_drug/fold1,ridge_no_drug,mae,delta,replicate_half,0.027662089717970406,0.012849298183950855,3560.0,356,0.0,0.027255108478273372,0.028089691482167313,,,False,no_change,0.029308912246472654,0.030242236227395483,0.0,
held_out_drug,held_out_drug/fold1,ridge_no_drug,pearson_r,absolute,full_pseudobulk,0.9859304088827437,0.023388615645061832,356.0,356,0.0,0.9834348329648491,0.988216450838057,,,False,global_mean_delta,0.9840209907734361,0.9826284389101688,0.0,
held_out_drug,held_out_drug/fold1,ridge_no_drug,pearson_r,absolute,replicate_half,0.9816916023953386,0.024811126460784788,3560.0,356,0.0,0.9808506142477107,0.9824451375230093,0.6695983751561964,8.750338364355843,True,global_mean_delta,0.9797929912477273,0.9826284389101688,0.0,
held_out_drug,held_out_drug/fold1,ridge_no_drug,pearson_r,delta,full_pseudobulk,0.44169903466128035,0.1549371772654794,356.0,356,0.0,0.4250462130565053,0.4567096408727629,1.0363964372976138,0.534381515483332,True,global_mean_delta,0.1412089655434232,0.431146346939079,0.0,
held_out_drug,held_out_drug/fold1,ridge_no_drug,pearson_r,delta,replicate_half,0.37298797050142807,0.13961642838503058,3560.0,356,0.0,0.3684989655868748,0.37756413754460216,0.8093023237001109,0.4577935303069925,True,global_mean_delta,0.12616949789666246,0.431146346939079,0.0,
held_out_drug,held_out_drug/fold1,ridge_no_drug,pearson_r_de,absolute,full_pseudobulk,0.9471844368578267,0.10235023548919157,183.0,356,173.0,0.9301124252771009,0.961132060247612,0.15843801817743472,2.28501184092214,True,global_mean_delta,0.9400876821800229,0.984879675663911,0.0,
held_out_drug,held_out_drug/fold1,ridge_no_drug,pearson_r_de,absolute,replicate_half,0.9419079285115153,0.1262001261102395,1830.0,356,1730.0,0.9359662074862959,0.947503779191216,0.1402996209802513,2.5247820588850396,True,global_mean_delta,0.9348951133662962,0.984879675663911,0.0,
held_out_drug,held_out_drug/fold1,ridge_no_drug,pearson_r_de,delta,full_pseudobulk,0.5235630267137389,0.4147709603582835,183.0,356,173.0,0.4631731964251374,0.5799702390069956,0.28276484470690366,1.0582785543600683,True,global_mean_delta,0.4127390421291102,0.8046688971275343,0.0,
held_out_drug,held_out_drug/fold1,ridge_no_drug,pearson_r_de,delta,replicate_half,0.5055381154946423,0.4140710645249599,1830.0,356,1730.0,0.48520014877620116,0.5242086504090191,0.24615386974654987,1.0435096914404096,True,global_mean_delta,0.40786274580813786,0.8046688971275343,0.0,
held_out_drug,held_out_drug/fold1,ridge_no_drug,pert_discrimination,absolute,full_pseudobulk,0.1305111568286121,0.10511476133634332,356.0,356,0.0,0.11992028010761195,0.1417099224560848,0.05546516787457506,0.9824288964418773,True,no_change,0.13644564013293245,0.029450862478240226,0.0,
held_out_drug,held_out_drug/fold1,ridge_no_drug,pert_discrimination,absolute,replicate_half,0.13476736825447064,0.10326582029133888,3560.0,356,0.0,0.13141764915334705,0.13817016141794586,0.04167416676866812,0.9396656539790914,True,no_change,0.13934720683652477,0.029450862478240226,0.0,
held_out_drug,held_out_drug/fold1,ridge_no_drug,pert_discrimination,delta,full_pseudobulk,0.2805348947618294,0.3330387616788887,356.0,356,0.0,0.24653920715303057,0.31358225193859784,0.5125731593955422,0.7778308542019495,True,no_change,0.5,0.071836524766577,0.0,
held_out_drug,held_out_drug/fold1,ridge_no_drug,pert_discrimination,delta,replicate_half,0.33622329482513064,0.30804626669994994,3560.0,356,0.0,0.3265244500712138,0.34671654929577467,0.3825097530460364,0.7194594693814356,True,no_change,0.5,0.071836524766577,0.0,
held_out_drug,held_out_drug/fold2,ceiling,direction_acc_de,absolute,full_pseudobulk,0.9954579529666479,0.011680555167985135,2960.0,587,2910.0,0.99503314662676,0.9958645175885236,1.0,36.852738589945524,True,global_mean_delta,0.9951410008047488,0.9954579529666479,,
held_out_drug,held_out_drug/fold2,ceiling,direction_acc_de,absolute,replicate_half,0.9954579529666479,0.011680555167985135,2960.0,587,2910.0,0.9950217257428919,0.9958820619818538,1.0,6.874628140574505,True,global_mean_delta,0.9937588712230048,0.9954579529666479,,
held_out_drug,held_out_drug/fold2,ceiling,direction_acc_de,delta,full_pseudobulk,0.9966984122776043,0.007843053622835069,2960.0,587,2910.0,0.9964272088823068,0.9969576676513265,1.0,0.027574946386464984,True,global_mean_delta,0.7122716172835516,0.9966984122776043,,
held_out_drug,held_out_drug/fold2,ceiling,direction_acc_de,delta,replicate_half,0.9966984122776043,0.007843053622835069,2960.0,587,2910.0,0.9964117065918103,0.9969674964968029,1.0,0.027552159368546887,True,global_mean_delta,0.7120363820561699,0.9966984122776043,,
held_out_drug,held_out_drug/fold2,ceiling,mae,absolute,full_pseudobulk,0.02909297535666388,0.008489750580109104,5870.0,587,0.0,0.028884322127191903,0.029310547346090853,1.0,5.632839172664256,True,no_change,0.030600163884486442,0.02909297535666388,,
held_out_drug,held_out_drug/fold2,ceiling,mae,absolute,replicate_half,0.02909297535666388,0.008489750580109104,5870.0,587,0.0,0.02887676302820385,0.02932924443886799,1.0,1.5171365699130512,True,no_change,0.03468887934347217,0.02909297535666388,,
held_out_drug,held_out_drug/fold2,ceiling,mae,delta,full_pseudobulk,0.02909297535666388,0.008489750580109104,5870.0,587,0.0,0.028879985321370847,0.029306788093250824,1.0,5.632839172664256,True,no_change,0.030600163884486442,0.02909297535666388,,
held_out_drug,held_out_drug/fold2,ceiling,mae,delta,replicate_half,0.02909297535666388,0.008489750580109104,5870.0,587,0.0,0.028888148661103164,0.029309165947979533,1.0,1.5171365699130512,True,no_change,0.03468887934347217,0.02909297535666388,,
held_out_drug,held_out_drug/fold2,ceiling,pearson_r,absolute,full_pseudobulk,0.9840184336163373,0.011155889021779379,5870.0,587,0.0,0.9837055370844072,0.9842809035327165,1.0,0.7588128688964857,True,global_mean_delta,0.9693166678990492,0.9840184336163373,,
held_out_drug,held_out_drug/fold2,ceiling,pearson_r,absolute,replicate_half,0.9840184336163373,0.011155889021779379,5870.0,587,0.0,0.9837266707401346,0.9842919088886478,1.0,0.6013607629069876,True,global_mean_delta,0.9654673579394814,0.9840184336163373,,
held_out_drug,held_out_drug/fold2,ceiling,pearson_r,delta,full_pseudobulk,0.49375356181749974,0.2663085730410146,5870.0,587,0.0,0.4869714238645969,0.5003016949184916,1.0,0.8056996260802063,True,global_mean_delta,0.1632227232509892,0.49375356181749974,,
held_out_drug,held_out_drug/fold2,ceiling,pearson_r,delta,replicate_half,0.49375356181749974,0.2663085730410146,5870.0,587,0.0,0.4866259604100787,0.5006128299684387,1.0,0.7715431310401349,True,global_mean_delta,0.1485900028055779,0.49375356181749974,,
held_out_drug,held_out_drug/fold2,ceiling,pearson_r_de,absolute,full_pseudobulk,0.9852307935232695,0.064483947183118,2960.0,587,2910.0,0.982607543963177,0.987214302126407,1.0,0.6024274204235079,True,global_mean_delta,0.8781906008013219,0.9852307935232695,,
held_out_drug,held_out_drug/fold2,ceiling,pearson_r_de,absolute,replicate_half,0.9852307935232695,0.064483947183118,2960.0,587,2910.0,0.982632530679935,0.9872014790727143,1.0,0.5798469794170855,True,global_mean_delta,0.8740222342445041,0.9852307935232695,,
held_out_drug,held_out_drug/fold2,ceiling,pearson_r_de,delta,full_pseudobulk,0.8649863074836076,0.33446266445568107,2960.0,587,2910.0,0.8527604230400873,0.8766648050860588,1.0,0.7363331198921873,True,global_mean_delta,0.41075892666899405,0.8649863074836076,,
held_out_drug,held_out_drug/fold2,ceiling,pearson_r_de,delta,replicate_half,0.8649863074836076,0.33446266445568107,2960.0,587,2910.0,0.8525470469837975,0.8762553646352056,1.0,0.7136339823932986,True,global_mean_delta,0.3963109462935463,0.8649863074836076,,
held_out_drug,held_out_drug/fold2,ceiling,pert_discrimination,absolute,full_pseudobulk,0.016424405928217176,0.03116166456919364,5870.0,587,0.0,0.015680304492676943,0.01725835944904094,1.0,0.2812934265945622,True,no_change,0.12720433045915194,0.016424405928217176,,
held_out_drug,held_out_drug/fold2,ceiling,pert_discrimination,absolute,replicate_half,0.016424405928217176,0.03116166456919364,5870.0,587,0.0,0.015694055212191336,0.017243067951230005,1.0,0.2714013779355559,True,no_change,0.1312420417347419,0.016424405928217176,,
held_out_drug,held_out_drug/fold2,ceiling,pert_discrimination,delta,full_pseudobulk,0.051510544156380275,0.07964165054998737,5870.0,587,0.0,0.049553341453913276,0.053621286869661784,1.0,0.17757753167280035,True,no_change,0.5,0.051510544156380275,,
held_out_drug,held_out_drug/fold2,ceiling,pert_discrimination,delta,replicate_half,0.051510544156380275,0.07964165054998737,5870.0,587,0.0,0.04955191696077121,0.05359673616642731,1.0,0.17757753167280035,True,no_change,0.5,0.051510544156380275,,
held_out_drug,held_out_drug/fold2,global_mean_delta,direction_acc_de,absolute,full_pseudobulk,0.9951410008047488,0.008716069499920924,296.0,587,291.0,0.9941980863180825,0.9960604608448588,0.0,27.499637319703794,True,global_mean_delta,0.9951410008047488,0.9954579529666479,0.0,
held_out_drug,held_out_drug/fold2,global_mean_delta,direction_acc_de,absolute,replicate_half,0.9937588712230048,0.011681484855872322,2960.0,587,2910.0,0.9933292189736916,0.9941470729935391,0.0,6.8751753113569976,True,global_mean_delta,0.9937588712230048,0.9954579529666479,0.0,
held_out_drug,held_out_drug/fold2,global_mean_delta,direction_acc_de,delta,full_pseudobulk,0.7122716172835516,0.2084136724934605,296.0,587,291.0,0.6875022741294861,0.7339069099533195,0.0,0.7327497836405266,True,global_mean_delta,0.7122716172835516,0.9966984122776043,0.0,
held_out_drug,held_out_drug/fold2,global_mean_delta,direction_acc_de,delta,replicate_half,0.7120363820561699,0.20806693054838832,2960.0,587,2910.0,0.7043553967332716,0.7192289596081508,0.0,0.7309261807292534,True,global_mean_delta,0.7120363820561699,0.9966984122776043,0.0,
held_out_drug,held_out_drug/fold2,global_mean_delta,mae,absolute,full_pseudobulk,0.03061298607900787,0.02148596209859486,587.0,587,0.0,0.02892519362465341,0.03240665115603499,-0.00850735942102319,14.255656609618475,True,no_change,0.030600163884486442,0.02909297535666388,0.0,
held_out_drug,held_out_drug/fold2,global_mean_delta,mae,absolute,replicate_half,0.03466394580404205,0.021020106565995164,5870.0,587,0.0,0.034101350143996505,0.03517936106772458,0.004455676775173657,3.756337959969948,True,no_change,0.03468887934347217,0.02909297535666388,0.0,
held_out_drug,held_out_drug/fold2,global_mean_delta,mae,delta,full_pseudobulk,0.03061298607900787,0.02148596209859486,587.0,587,0.0,0.028741348903491528,0.03230117148298555,-0.00850735942102319,14.255656609618475,True,no_change,0.030600163884486442,0.02909297535666388,0.0,
held_out_drug,held_out_drug/fold2,global_mean_delta,mae,delta,replicate_half,0.03466394580404205,0.021020106565995164,5870.0,587,0.0,0.03417643956019803,0.03522570578213677,0.004455676775173657,3.756337959969948,True,no_change,0.03468887934347217,0.02909297535666388,0.0,
held_out_drug,held_out_drug/fold2,global_mean_delta,pearson_r,absolute,full_pseudobulk,0.9693166678990492,0.05078485662335823,587.0,587,0.0,0.965233022400568,0.9731172296295595,0.0,3.454337227237904,True,global_mean_delta,0.9693166678990492,0.9840184336163373,0.0,
held_out_drug,held_out_drug/fold2,global_mean_delta,pearson_r,absolute,replicate_half,0.9654673579394814,0.051577076124301555,5870.0,587,0.0,0.9641736757127201,0.9668429783603552,0.0,2.780274148126529,True,global_mean_delta,0.9654673579394814,0.9840184336163373,0.0,
held_out_drug,held_out_drug/fold2,global_mean_delta,pearson_r,delta,full_pseudobulk,0.1632227232509892,0.15755549875187552,587.0,587,0.0,0.1509981241192734,0.17547462644504086,0.0,0.4766741264905352,True,global_mean_delta,0.1632227232509892,0.49375356181749974,0.0,
held_out_drug,held_out_drug/fold2,global_mean_delta,pearson_r,delta,replicate_half,0.1485900028055779,0.1491243452843466,5870.0,587,0.0,0.1447212283902248,0.15227261483907592,0.0,0.4320396559568326,True,global_mean_delta,0.1485900028055779,0.49375356181749974,0.0,
held_out_drug,held_out_drug/fold2,global_mean_delta,pearson_r_de,absolute,full_pseudobulk,0.8781906008013219,0.18958875600085287,296.0,587,291.0,0.8563654881589114,0.899117268745106,0.0,1.7711922146229429,True,global_mean_delta,0.8781906008013219,0.9852307935232695,0.0,
held_out_drug,held_out_drug/fold2,global_mean_delta,pearson_r_de,absolute,replicate_half,0.8740222342445041,0.19768897989746892,2960.0,587,2910.0,0.8670320319779606,0.8807852257488421,0.0,1.777641767680165,True,global_mean_delta,0.8740222342445041,0.9852307935232695,0.0,
held_out_drug,held_out_drug/fold2,global_mean_delta,pearson_r_de,delta,full_pseudobulk,0.41075892666899405,0.41408486152051677,296.0,587,291.0,0.36458230720514695,0.45651955193120103,0.0,0.911624615799019,True,global_mean_delta,0.41075892666899405,0.8649863074836076,0.0,
held_out_drug,held_out_drug/fold2,global_mean_delta,pearson_r_de,delta,replicate_half,0.3963109462935463,0.4185768948969763,2960.0,587,2910.0,0.38033137957707497,0.4109069880067474,0.0,0.8931062512740697,True,global_mean_delta,0.3963109462935463,0.8649863074836076,0.0,
held_out_drug,held_out_drug/fold2,global_mean_delta,pert_discrimination,absolute,full_pseudobulk,0.12679442528969537,0.10974368392974597,587.0,587,0.0,0.11872903233308717,0.1351846172183428,0.0037001755615216343,0.9906459531762957,True,no_change,0.12720433045915194,0.016424405928217176,0.0,
held_out_drug,held_out_drug/fold2,global_mean_delta,pert_discrimination,absolute,replicate_half,0.13092981609502824,0.10750319626651357,5870.0,587,0.0,0.12811759045531454,0.13359263711473274,0.0027193177905160053,0.9362951563265378,True,no_change,0.1312420417347419,0.016424405928217176,0.0,
held_out_drug,held_out_drug/fold2,global_mean_delta,pert_discrimination,delta,full_pseudobulk,0.5,0.2894139593075086,587.0,587,0.0,0.47612636707734707,0.5234017332302271,-0.0,0.6453082799084179,True,no_change,0.5,0.051510544156380275,0.0,
held_out_drug,held_out_drug/fold2,global_mean_delta,pert_discrimination,delta,replicate_half,0.5,0.28919196876614994,5870.0,587,0.0,0.49224835892575775,0.5073428115424644,-0.0,0.6448133060835795,True,no_change,0.5,0.051510544156380275,0.0,
held_out_drug,held_out_drug/fold2,nearest_context,direction_acc_de,absolute,full_pseudobulk,0.9951410008047488,0.008716069499920924,296.0,587,291.0,0.9941121139698372,0.9961356186731267,0.0,27.499637319703794,True,global_mean_delta,0.9951410008047488,0.9954579529666479,1.0,0.0
held_out_drug,held_out_drug/fold2,nearest_context,direction_acc_de,absolute,replicate_half,0.9937588712230048,0.011681484855872322,2960.0,587,2910.0,0.9933589347771475,0.9941560907147193,0.0,6.8751753113569976,True,global_mean_delta,0.9937588712230048,0.9954579529666479,1.0,0.0
held_out_drug,held_out_drug/fold2,nearest_context,direction_acc_de,delta,full_pseudobulk,0.7122716172835516,0.2084136724934605,296.0,587,291.0,0.6877883910417137,0.7348673267720975,0.0,0.7327497836405266,True,global_mean_delta,0.7122716172835516,0.9966984122776043,1.0,0.0
held_out_drug,held_out_drug/fold2,nearest_context,direction_acc_de,delta,replicate_half,0.7120363820561699,0.20806693054838832,2960.0,587,2910.0,0.7051495161583003,0.7200947695109674,0.0,0.7309261807292534,True,global_mean_delta,0.7120363820561699,0.9966984122776043,1.0,0.0
held_out_drug,held_out_drug/fold2,nearest_context,mae,absolute,full_pseudobulk,0.03061298607900787,0.02148596209859486,587.0,587,0.0,0.028999869289931538,0.03235544111980104,-0.00850735942102319,14.255656609618475,True,no_change,0.030600163884486442,0.02909297535666388,1.0,0.0
held_out_drug,held_out_drug/fold2,nearest_context,mae,absolute,replicate_half,0.03466394580404205,0.021020106565995164,5870.0,587,0.0,0.034114477603206676,0.035174442246932114,0.004455676775173657,3.756337959969948,True,no_change,0.03468887934347217,0.02909297535666388,1.0,0.0
held_out_drug,held_out_drug/fold2,nearest_context,mae,delta,full_pseudobulk,0.03061298607900787,0.02148596209859486,587.0,587,0.0,0.028928275560056334,0.03232736178728107,-0.00850735942102319,14.255656609618475,True,no_change,0.030600163884486442,0.02909297535666388,1.0,0.0
held_out_drug,held_out_drug/fold2,nearest_context,mae,delta,replicate_half,0.03466394580404205,0.021020106565995164,5870.0,587,0.0,0.03411793378545832,0.03523481492665734,0.004455676775173657,3.756337959969948,True,no_change,0.03468887934347217,0.02909297535666388,1.0,0.0
held_out_drug,held_out_drug/fold2,nearest_context,pearson_r,absolute,full_pseudobulk,0.9693166678990492,0.05078485662335823,587.0,587,0.0,0.9650280296998335,0.9734440236800759,0.0,3.454337227237904,True,global_mean_delta,0.9693166678990492,0.9840184336163373,1.0,0.0
held_out_drug,held_out_drug/fold2,nearest_context,pearson_r,absolute,replicate_half,0.9654673579394814,0.051577076124301555,5870.0,587,0.0,0.964143871869305,0.9667564064719166,0.0,2.780274148126529,True,global_mean_delta,0.9654673579394814,0.9840184336163373,1.0,0.0
held_out_drug,held_out_drug/fold2,nearest_context,pearson_r,delta,full_pseudobulk,0.1632227232509892,0.15755549875187552,587.0,587,0.0,0.15037208169947397,0.1758104130296505,0.0,0.4766741264905352,True,global_mean_delta,0.1632227232509892,0.49375356181749974,1.0,0.0
held_out_drug,held_out_drug/fold2,nearest_context,pearson_r,delta,replicate_half,0.1485900028055779,0.1491243452843466,5870.0,587,0.0,0.14476102133031304,0.15237195463885342,0.0,0.4320396559568326,True,global_mean_delta,0.1485900028055779,0.49375356181749974,1.0,0.0
held_out_drug,held_out_drug/fold2,nearest_context,pearson_r_de,absolute,full_pseudobulk,0.8781906008013219,0.18958875600085287,296.0,587,291.0,0.855655996385287,0.8974987846225568,0.0,1.7711922146229429,True,global_mean_delta,0.8781906008013219,0.9852307935232695,1.0,0.0
held_out_drug,held_out_drug/fold2,nearest_context,pearson_r_de,absolute,replicate_half,0.8740222342445041,0.19768897989746892,2960.0,587,2910.0,0.8663738286995719,0.8804897120188888,0.0,1.777641767680165,True,global_mean_delta,0.8740222342445041,0.9852307935232695,1.0,0.0
held_out_drug,held_out_drug/fold2,nearest_context,pearson_r_de,delta,full_pseudobulk,0.41075892666899405,0.41408486152051677,296.0,587,291.0,0.3612280820836989,0.4552880400255663,0.0,0.911624615799019,True,global_mean_delta,0.41075892666899405,0.8649863074836076,1.0,0.0
held_out_drug,held_out_drug/fold2,nearest_context,pearson_r_de,delta,replicate_half,0.3963109462935463,0.4185768948969763,2960.0,587,2910.0,0.38106083087154574,0.41089214557727616,0.0,0.8931062512740697,True,global_mean_delta,0.3963109462935463,0.8649863074836076,1.0,0.0
held_out_drug,held_out_drug/fold2,nearest_context,pert_discrimination,absolute,full_pseudobulk,0.12679442528969537,0.10974368392974597,587.0,587,0.0,0.11744771528742785,0.13513882993877588,0.0037001755615216343,0.9906459531762957,True,no_change,0.12720433045915194,0.016424405928217176,1.0,0.0
held_out_drug,held_out_drug/fold2,nearest_context,pert_discrimination,absolute,replicate_half,0.13092981609502824,0.10750319626651357,5870.0,587,0.0,0.12807237006587552,0.13392641911495368,0.0027193177905160053,0.9362951563265378,True,no_change,0.1312420417347419,0.016424405928217176,1.0,0.0
held_out_drug,held_out_drug/fold2,nearest_context,pert_discrimination,delta,full_pseudobulk,0.5,0.2894139593075086,587.0,587,0.0,0.47601749510148794,0.5234809524917001,-0.0,0.6453082799084179,True,no_change,0.5,0.051510544156380275,1.0,0.0
held_out_drug,held_out_drug/fold2,nearest_context,pert_discrimination,delta,replicate_half,0.5,0.28919196876614994,5870.0,587,0.0,0.4924528754411568,0.5075871193841538,-0.0,0.6448133060835795,True,no_change,0.5,0.051510544156380275,1.0,0.0
held_out_drug,held_out_drug/fold2,no_change,direction_acc_de,absolute,full_pseudobulk,0.997108866224281,0.007114098708262284,296.0,587,291.0,0.9962609491526144,0.9978187222870525,6.208714298527933,22.44533896104901,True,global_mean_delta,0.9951410008047488,0.9954579529666479,0.0,
held_out_drug,held_out_drug/fold2,no_change,direction_acc_de,absolute,replicate_half,0.9958664112261466,0.010048364483246917,2960.0,587,2910.0,0.9955077711496728,0.9962369364851628,1.2403994163476568,5.913997087451329,True,global_mean_delta,0.9937588712230048,0.9954579529666479,0.0,
held_out_drug,held_out_drug/fold2,no_change,direction_acc_de,delta,full_pseudobulk,0.0,0.0,296.0,587,291.0,0.0,0.0,-2.5042352894299045,0.0,True,global_mean_delta,0.7122716172835516,0.9966984122776043,0.0,
held_out_drug,held_out_drug/fold2,no_change,direction_acc_de,delta,replicate_half,0.00013557845022747587,0.0009543215942030757,2960.0,587,2910.0,0.00010500614521724051,0.00017271393140118083,-2.500863227358301,0.0033524723808817185,True,global_mean_delta,0.7120363820561699,0.9966984122776043,0.0,
held_out_drug,held_out_drug/fold2,no_change,mae,absolute,full_pseudobulk,0.030600163884486442,0.022006839620853074,587.0,587,0.0,0.02889156859048745,0.032523282677203655,-0.0,14.601252076040137,True,no_change,0.030600163884486442,0.02909297535666388,0.0,
held_out_drug,held_out_drug/fold2,no_change,mae,absolute,replicate_half,0.03468887934347217,0.021500954090104135,5870.0,587,0.0,0.03415040347355623,0.035272369062971765,-0.0,3.8422664400229496,True,no_change,0.03468887934347217,0.02909297535666388,0.0,
held_out_drug,held_out_drug/fold2,no_change,mae,delta,full_pseudobulk,0.030600163884486442,0.022006839620853074,587.0,587,0.0,0.028792414710960446,0.03250682902646306,-0.0,14.601252076040137,True,no_change,0.030600163884486442,0.02909297535666388,0.0,
held_out_drug,held_out_drug/fold2,no_change,mae,delta,replicate_half,0.03468887934347217,0.021500954090104135,5870.0,587,0.0,0.03417309271470353,0.03522349114021343,-0.0,3.8422664400229496,True,no_change,0.03468887934347217,0.02909297535666388,0.0,
held_out_drug,held_out_drug/fold2,no_change,pearson_r,absolute,full_pseudobulk,0.9683470339509102,0.05247349967250516,587.0,587,0.0,0.9638438364742051,0.9726849576977872,-0.06595357093732496,3.5691971074467976,True,global_mean_delta,0.9693166678990492,0.9840184336163373,0.0,
held_out_drug,held_out_drug/fold2,no_change,pearson_r,absolute,replicate_half,0.9645006645825399,0.05326067621112892,5870.0,587,0.0,0.9631645882078672,0.9658668662371516,-0.05210982768764562,2.871028997934392,True,global_mean_delta,0.9654673579394814,0.9840184336163373,0.0,
held_out_drug,held_out_drug/fold2,no_change,pearson_r,delta,full_pseudobulk,,,0.0,587,587.0,,,,,True,global_mean_delta,0.1632227232509892,0.49375356181749974,0.0,
held_out_drug,held_out_drug/fold2,no_change,pearson_r,delta,replicate_half,,,0.0,587,5870.0,,,,,True,global_mean_delta,0.1485900028055779,0.49375356181749974,0.0,
held_out_drug,held_out_drug/fold2,no_change,pearson_r_de,absolute,full_pseudobulk,0.8727390186879829,0.19448936321159074,296.0,587,291.0,0.8507530881007893,0.8937308689117486,-0.05093023447276807,1.8169750844601442,True,global_mean_delta,0.8781906008013219,0.9852307935232695,0.0,
held_out_drug,held_out_drug/fold2,no_change,pearson_r_de,absolute,replicate_half,0.8686488004775219,0.2023264086226334,2960.0,587,2910.0,0.8611956224414985,0.8754832721347331,-0.04831852693561698,1.819342053658512,True,global_mean_delta,0.8740222342445041,0.9852307935232695,0.0,
held_out_drug,held_out_drug/fold2,no_change,pearson_r_de,delta,full_pseudobulk,,,0.0,587,587.0,,,,,True,global_mean_delta,0.41075892666899405,0.8649863074836076,0.0,
held_out_drug,held_out_drug/fold2,no_change,pearson_r_de,delta,replicate_half,,,0.0,587,5870.0,,,,,True,global_mean_delta,0.3963109462935463,0.8649863074836076,0.0,
held_out_drug,held_out_drug/fold2,no_change,pert_discrimination,absolute,full_pseudobulk,0.12720433045915194,0.11020811400118007,587.0,587,0.0,0.11815814490293097,0.13632697350442755,-0.0,0.9948383199196437,True,no_change,0.12720433045915194,0.016424405928217176,0.0,
held_out_drug,held_out_drug/fold2,no_change,pert_discrimination,absolute,replicate_half,0.1312420417347419,0.10800567164139513,5870.0,587,0.0,0.12838528614869382,0.13405966009849354,-0.0,0.9406714472277742,True,no_change,0.1312420417347419,0.016424405928217176,0.0,
held_out_drug,held_out_drug/fold2,no_change,pert_discrimination,delta,full_pseudobulk,0.5,0.2894139593075086,587.0,587,0.0,0.47686703083300863,0.5237775523137839,-0.0,0.6453082799084179,True,no_change,0.5,0.051510544156380275,0.0,
held_out_drug,held_out_drug/fold2,no_change,pert_discrimination,delta,replicate_half,0.5,0.2891919687661499,5870.0,587,0.0,0.4925874464361507,0.5075745678552948,-0.0,0.6448133060835793,True,no_change,0.5,0.051510544156380275,0.0,
held_out_drug,held_out_drug/fold2,per_drug_mean_delta,direction_acc_de,absolute,full_pseudobulk,0.9951410008047488,0.008716069499920924,296.0,587,291.0,0.9940997249091005,0.9960987363201788,0.0,27.499637319703794,True,global_mean_delta,0.9951410008047488,0.9954579529666479,1.0,0.0
held_out_drug,held_out_drug/fold2,per_drug_mean_delta,direction_acc_de,absolute,replicate_half,0.9937588712230048,0.011681484855872322,2960.0,587,2910.0,0.9933496814019698,0.9941593646031902,0.0,6.8751753113569976,True,global_mean_delta,0.9937588712230048,0.9954579529666479,1.0,0.0
held_out_drug,held_out_drug/fold2,per_drug_mean_delta,direction_acc_de,delta,full_pseudobulk,0.7122716172835516,0.2084136724934605,296.0,587,291.0,0.6881859508528457,0.7353312636798742,0.0,0.7327497836405266,True,global_mean_delta,0.7122716172835516,0.9966984122776043,1.0,0.0
held_out_drug,held_out_drug/fold2,per_drug_mean_delta,direction_acc_de,delta,replicate_half,0.7120363820561699,0.20806693054838832,2960.0,587,2910.0,0.7044608173277467,0.7201238981675827,0.0,0.7309261807292534,True,global_mean_delta,0.7120363820561699,0.9966984122776043,1.0,0.0
held_out_drug,held_out_drug/fold2,per_drug_mean_delta,mae,absolute,full_pseudobulk,0.03061298607900787,0.02148596209859486,587.0,587,0.0,0.028821096296786076,0.03230491981008167,-0.00850735942102319,14.255656609618475,True,no_change,0.030600163884486442,0.02909297535666388,1.0,0.0
held_out_drug,held_out_drug/fold2,per_drug_mean_delta,mae,absolute,replicate_half,0.03466394580404205,0.021020106565995164,5870.0,587,0.0,0.03412064854670267,0.03519577044311459,0.004455676775173657,3.756337959969948,True,no_change,0.03468887934347217,0.02909297535666388,1.0,0.0
held_out_drug,held_out_drug/fold2,per_drug_mean_delta,mae,delta,full_pseudobulk,0.03061298607900787,0.02148596209859486,587.0,587,0.0,0.02893081655224566,0.032312696439842824,-0.00850735942102319,14.255656609618475,True,no_change,0.030600163884486442,0.02909297535666388,1.0,0.0
held_out_drug,held_out_drug/fold2,per_drug_mean_delta,mae,delta,replicate_half,0.03466394580404205,0.021020106565995164,5870.0,587,0.0,0.03416508492915768,0.03519196750196798,0.004455676775173657,3.756337959969948,True,no_change,0.03468887934347217,0.02909297535666388,1.0,0.0
held_out_drug,held_out_drug/fold2,per_drug_mean_delta,pearson_r,absolute,full_pseudobulk,0.9693166678990492,0.05078485662335823,587.0,587,0.0,0.9648248461375988,0.9733059288265281,0.0,3.454337227237904,True,global_mean_delta,0.9693166678990492,0.9840184336163373,1.0,0.0
held_out_drug,held_out_drug/fold2,per_drug_mean_delta,pearson_r,absolute,replicate_half,0.9654673579394814,0.051577076124301555,5870.0,587,0.0,0.964159460074643,0.9666573978262184,0.0,2.780274148126529,True,global_mean_delta,0.9654673579394814,0.9840184336163373,1.0,0.0
held_out_drug,held_out_drug/fold2,per_drug_mean_delta,pearson_r,delta,full_pseudobulk,0.1632227232509892,0.15755549875187552,587.0,587,0.0,0.1503138672814094,0.17613144079101184,0.0,0.4766741264905352,True,global_mean_delta,0.1632227232509892,0.49375356181749974,1.0,0.0
held_out_drug,held_out_drug/fold2,per_drug_mean_delta,pearson_r,delta,replicate_half,0.1485900028055779,0.1491243452843466,5870.0,587,0.0,0.14455023572749276,0.15228868015879404,0.0,0.4320396559568326,True,global_mean_delta,0.1485900028055779,0.49375356181749974,1.0,0.0
held_out_drug,held_out_drug/fold2,per_drug_mean_delta,pearson_r_de,absolute,full_pseudobulk,0.8781906008013219,0.18958875600085287,296.0,587,291.0,0.8566849727524629,0.8979885883306783,0.0,1.7711922146229429,True,global_mean_delta,0.8781906008013219,0.9852307935232695,1.0,0.0
held_out_drug,held_out_drug/fold2,per_drug_mean_delta,pearson_r_de,absolute,replicate_half,0.8740222342445041,0.19768897989746892,2960.0,587,2910.0,0.8664250714633023,0.8814204545393202,0.0,1.777641767680165,True,global_mean_delta,0.8740222342445041,0.9852307935232695,1.0,0.0
held_out_drug,held_out_drug/fold2,per_drug_mean_delta,pearson_r_de,delta,full_pseudobulk,0.41075892666899405,0.41408486152051677,296.0,587,291.0,0.3632372462197148,0.45837235231390877,0.0,0.911624615799019,True,global_mean_delta,0.41075892666899405,0.8649863074836076,1.0,0.0
held_out_drug,held_out_drug/fold2,per_drug_mean_delta,pearson_r_de,delta,replicate_half,0.3963109462935463,0.4185768948969763,2960.0,587,2910.0,0.38056005410118904,0.4104605067774062,0.0,0.8931062512740697,True,global_mean_delta,0.3963109462935463,0.8649863074836076,1.0,0.0
held_out_drug,held_out_drug/fold2,per_drug_mean_delta,pert_discrimination,absolute,full_pseudobulk,0.12679442528969537,0.10974368392974597,587.0,587,0.0,0.117577373234646,0.13558289387235378,0.0037001755615216343,0.9906459531762957,True,no_change,0.12720433045915194,0.016424405928217176,1.0,0.0
held_out_drug,held_out_drug/fold2,per_drug_mean_delta,pert_discrimination,absolute,replicate_half,0.13092981609502824,0.10750319626651357,5870.0,587,0.0,0.12817936694361914,0.13367194359007156,0.0027193177905160053,0.9362951563265378,True,no_change,0.1312420417347419,0.016424405928217176,1.0,0.0
held_out_drug,held_out_drug/fold2,per_drug_mean_delta,pert_discrimination,delta,full_pseudobulk,0.5,0.2894139593075086,587.0,587,0.0,0.476443244123239,0.5212039438110134,-0.0,0.6453082799084179,True,no_change,0.5,0.051510544156380275,1.0,0.0
held_out_drug,held_out_drug/fold2,per_drug_mean_delta,pert_discrimination,delta,replicate_half,0.5,0.28919196876614994,5870.0,587,0.0,0.49280541569035585,0.5076474568436721,-0.0,0.6448133060835795,True,no_change,0.5,0.051510544156380275,1.0,0.0
held_out_drug,held_out_drug/fold2,ridge_no_drug,direction_acc_de,absolute,full_pseudobulk,0.9988387832684165,0.0038467030940813416,296.0,587,291.0,0.9983566578692732,0.9992119637537956,11.666689513999978,12.136541587326608,True,global_mean_delta,0.9951410008047488,0.9954579529666479,0.0,
held_out_drug,held_out_drug/fold2,ridge_no_drug,direction_acc_de,absolute,replicate_half,0.9973335865401288,0.008104971203453938,2960.0,587,2910.0,0.9970322259612437,0.9976008774601796,2.1039101446992987,4.770206750662673,True,global_mean_delta,0.9937588712230048,0.9954579529666479,0.0,
held_out_drug,held_out_drug/fold2,ridge_no_drug,direction_acc_de,delta,full_pseudobulk,0.7759886026617395,0.18077470571812712,296.0,587,291.0,0.7549985687531602,0.7966036357318976,0.22401892683676392,0.6355755115192544,True,global_mean_delta,0.7122716172835516,0.9966984122776043,0.0,
held_out_drug,held_out_drug/fold2,ridge_no_drug,direction_acc_de,delta,replicate_half,0.7753688614033818,0.1806816682720153,2960.0,587,2910.0,0.768423494722302,0.7812041524117308,0.22248305928945453,0.6347234583111268,True,global_mean_delta,0.7120363820561699,0.9966984122776043,0.0,
held_out_drug,held_out_drug/fold2,ridge_no_drug,mae,absolute,full_pseudobulk,0.02818066720837735,0.02159528743305752,587.0,587,0.0,0.026408042360549,0.030028891549523068,1.6053045995543385,14.328192548185235,True,no_change,0.030600163884486442,0.02909297535666388,0.0,
held_out_drug,held_out_drug/fold2,ridge_no_drug,mae,absolute,replicate_half,0.03268836802846135,0.020956475422508003,5870.0,587,0.0,0.03213807937172562,0.03321874607597237,0.3574956467671361,3.7449669386591524,True,no_change,0.03468887934347217,0.02909297535666388,0.0,
held_out_drug,held_out_drug/fold2,ridge_no_drug,mae,delta,full_pseudobulk,0.02818066720837735,0.02159528743305752,587.0,587,0.0,0.026460240570085496,0.029963617065036127,1.6053045995543385,14.328192548185235,True,no_change,0.030600163884486442,0.02909297535666388,0.0,
held_out_drug,held_out_drug/fold2,ridge_no_drug,mae,delta,replicate_half,0.03268836802846135,0.020956475422508003,5870.0,587,0.0,0.032172059228937996,0.03324009735775957,0.3574956467671361,3.7449669386591524,True,no_change,0.03468887934347217,0.02909297535666388,0.0,
held_out_drug,held_out_drug/fold2,ridge_no_drug,pearson_r,absolute,full_pseudobulk,0.9719100672757571,0.04857645010274705,587.0,587,0.0,0.9678722403232921,0.9757992094433884,0.17640053763462263,3.3041235343333653,True,global_mean_delta,0.9693166678990492,0.9840184336163373,0.0,
held_out_drug,held_out_drug/fold2,ridge_no_drug,pearson_r,absolute,replicate_half,0.9680594653252902,0.04932414638710843,5870.0,587,0.0,0.9667652099771367,0.9693468671021896,0.13972814466185965,2.6588294526038943,True,global_mean_delta,0.9654673579394814,0.9840184336163373,0.0,
held_out_drug,held_out_drug/fold2,ridge_no_drug,pearson_r,delta,full_pseudobulk,0.4399249774561931,0.14380426536613478,587.0,587,0.0,0.428362764502307,0.45188361758287576,0.8371450464508622,0.43507064572190585,True,global_mean_delta,0.1632227232509892,0.49375356181749974,0.0,
held_out_drug,held_out_drug/fold2,ridge_no_drug,pearson_r,delta,replicate_half,0.3767528001421724,0.1275508771300138,5870.0,587,0.0,0.3736754620120549,0.3800292524631525,0.6610280586680177,0.3695374954851715,True,global_mean_delta,0.1485900028055779,0.49375356181749974,0.0,
held_out_drug,held_out_drug/fold2,ridge_no_drug,pearson_r_de,absolute,full_pseudobulk,0.8891568305253528,0.18532326040325275,296.0,587,291.0,0.8651085700953933,0.9079941978938474,0.10244964480321149,1.731342738560429,True,global_mean_delta,0.8781906008013219,0.9852307935232695,0.0,
held_out_drug,held_out_drug/fold2,ridge_no_drug,pearson_r_de,absolute,replicate_half,0.8850093831904804,0.19311637937216308,2960.0,587,2910.0,0.8775904117495432,0.8917282378084419,0.09879769162762844,1.7365244242404057,True,global_mean_delta,0.8740222342445041,0.9852307935232695,0.0,
held_out_drug,held_out_drug/fold2,ridge_no_drug,pearson_r_de,delta,full_pseudobulk,0.4760640937865039,0.4401432627331151,296.0,587,291.0,0.42508223161139197,0.5244290515345315,0.14377197385237153,0.9689932428638716,True,global_mean_delta,0.41075892666899405,0.8649863074836076,0.0,
held_out_drug,held_out_drug/fold2,ridge_no_drug,pearson_r_de,delta,replicate_half,0.4680766022425915,0.43558006169658675,2960.0,587,2910.0,0.45286073762361895,0.48385392623547374,0.15312444794797347,0.9293854504972505,True,global_mean_delta,0.3963109462935463,0.8649863074836076,0.0,
held_out_drug,held_out_drug/fold2,ridge_no_drug,pert_discrimination,absolute,full_pseudobulk,0.12624788506375334,0.10889875196269179,587.0,587,0.0,0.11795668087283637,0.13519348396137007,0.008633742976883145,0.9830188314696164,True,no_change,0.12720433045915194,0.016424405928217176,0.0,
held_out_drug,held_out_drug/fold2,ridge_no_drug,pert_discrimination,absolute,replicate_half,0.13017570686838265,0.10696316496912488,5870.0,587,0.0,0.1273418303864737,0.13297181247855996,0.009287204521055534,0.9315917734917033,True,no_change,0.1312420417347419,0.016424405928217176,0.0,
held_out_drug,held_out_drug/fold2,ridge_no_drug,pert_discrimination,delta,full_pseudobulk,0.32619439389270366,0.35535568247066046,587.0,587,0.0,0.2973949945055265,0.3543529167223866,0.38753554591459394,0.7923389900041856,True,no_change,0.5,0.051510544156380275,0.0,
held_out_drug,held_out_drug/fold2,ridge_no_drug,pert_discrimination,delta,replicate_half,0.3719709170828706,0.32536313476844436,5870.0,587,0.0,0.3632393700833183,0.38006202359425784,0.2854673197975269,0.7254644017358854,True,no_change,0.5,0.051510544156380275,0.0,
held_out_drug,held_out_drug/fold3,ceiling,direction_acc_de,absolute,full_pseudobulk,0.9981671839411207,0.006841405656205188,1450.0,367,2220.0,0.9977812828828607,0.9985028329078913,1.0,4.783728247992346,True,global_mean_delta,0.9967370429921493,0.9981671839411207,,
held_out_drug,held_out_drug/fold3,ceiling,direction_acc_de,absolute,replicate_half,0.9981671839411207,0.006841405656205188,1450.0,367,2220.0,0.9978032937714126,0.9985174389648453,1.0,3.506268285585313,True,global_mean_delta,0.9962159910776621,0.9981671839411207,,
held_out_drug,held_out_drug/fold3,ceiling,direction_acc_de,delta,full_pseudobulk,0.9979981340503562,0.007111451806408405,1450.0,367,2220.0,0.997628735049095,0.9983529047164548,1.0,0.02260567391367759,True,global_mean_delta,0.6834111045477492,0.9979981340503562,,
held_out_drug,held_out_drug/fold3,ceiling,direction_acc_de,delta,replicate_half,0.9979981340503562,0.007111451806408405,1450.0,367,2220.0,0.9976277505967338,0.9983402253674867,1.0,0.022590508347566013,True,global_mean_delta,0.6831999145063228,0.9979981340503562,,
held_out_drug,held_out_drug/fold3,ceiling,mae,absolute,full_pseudobulk,0.02875135192773552,0.007592671983324924,3670.0,367,0.0,0.02850701041427505,0.0289995104131324,,,False,no_change,0.022535373747233613,0.02875135192773552,,
held_out_drug,held_out_drug/fold3,ceiling,mae,absolute,replicate_half,0.02875135192773552,0.007592671983324924,3670.0,367,0.0,0.028502256741979155,0.02899557046911811,,,False,no_change,0.026993475270221837,0.02875135192773552,,
held_out_drug,held_out_drug/fold3,ceiling,mae,delta,full_pseudobulk,0.02875135192773552,0.007592671983324924,3670.0,367,0.0,0.028499315469070096,0.029000834568857076,,,False,no_change,0.022535373747233613,0.02875135192773552,,
held_out_drug,held_out_drug/fold3,ceiling,mae,delta,replicate_half,0.02875135192773552,0.007592671983324924,3670.0,367,0.0,0.0284927952070105,0.02897546803040199,,,False,no_change,0.026993475270221837,0.02875135192773552,,
held_out_drug,held_out_drug/fold3,ceiling,pearson_r,absolute,full_pseudobulk,0.9842843515654406,0.010128038668382381,3670.0,367,0.0,0.9839464108818654,0.9846189823176871,,,False,global_mean_delta,0.9866963143437661,0.9842843515654406,,
held_out_drug,held_out_drug/fold3,ceiling,pearson_r,absolute,replicate_half,0.9842843515654406,0.010128038668382381,3670.0,367,0.0,0.9839415061489915,0.9846095579509522,1.0,7.0598631522704505,True,global_mean_delta,0.9828497573743159,0.9842843515654406,,
held_out_drug,held_out_drug/fold3,ceiling,pearson_r,delta,full_pseudobulk,0.41009114882799946,0.19525215221367148,3670.0,367,0.0,0.40469295022937196,0.4161924961841307,1.0,0.6388448929229524,True,global_mean_delta,0.10445803760389555,0.41009114882799946,,
held_out_drug,held_out_drug/fold3,ceiling,pearson_r,delta,replicate_half,0.41009114882799946,0.19525215221367148,3670.0,367,0.0,0.40393770460841133,0.4159635161653829,1.0,0.612952438041175,True,global_mean_delta,0.09154742488484514,0.41009114882799946,,
held_out_drug,held_out_drug/fold3,ceiling,pearson_r_de,absolute,full_pseudobulk,0.9674298729334124,0.20333763141034672,1450.0,367,2220.0,0.9559642515589899,0.9775682395904381,1.0,2.6978052735978038,True,global_mean_delta,0.8920583724769785,0.9674298729334124,,
held_out_drug,held_out_drug/fold3,ceiling,pearson_r_de,absolute,replicate_half,0.9674298729334124,0.20333763141034672,1450.0,367,2220.0,0.9562413465483272,0.9772508775002684,1.0,2.9672796541495563,True,global_mean_delta,0.8989032576122068,0.9674298729334124,,
held_out_drug,held_out_drug/fold3,ceiling,pearson_r_de,delta,full_pseudobulk,0.8302698829830651,0.3934112813675989,1450.0,367,2220.0,0.8107861987275334,0.8489142320486552,1.0,0.7719869702482816,True,global_mean_delta,0.3206611764513054,0.8302698829830651,,
held_out_drug,held_out_drug/fold3,ceiling,pearson_r_de,delta,replicate_half,0.8302698829830651,0.3934112813675989,1450.0,367,2220.0,0.8119391814187596,0.8500431597057005,1.0,0.7791021149078616,True,global_mean_delta,0.3253151744284303,0.8302698829830651,,
held_out_drug,held_out_drug/fold3,ceiling,pert_discrimination,absolute,full_pseudobulk,0.02203585414154048,0.039952007680875035,3670.0,367,0.0,0.020753022587513586,0.023301041527076728,1.0,0.4174556071683998,True,no_change,0.11773946189008502,0.02203585414154048,,
held_out_drug,held_out_drug/fold3,ceiling,pert_discrimination,absolute,replicate_half,0.02203585414154048,0.039952007680875035,3670.0,367,0.0,0.02078490492994446,0.023289092628162183,1.0,0.3992525649280196,True,no_change,0.12210285731302392,0.02203585414154048,,
held_out_drug,held_out_drug/fold3,ceiling,pert_discrimination,delta,full_pseudobulk,0.07035333005762273,0.09748963041146466,3670.0,367,0.0,0.06717639329372702,0.07344682926102945,1.0,0.22690651931397404,True,no_change,0.5,0.07035333005762273,,
held_out_drug,held_out_drug/fold3,ceiling,pert_discrimination,delta,replicate_half,0.07035333005762273,0.09748963041146466,3670.0,367,0.0,0.06723606334033144,0.07385132368487664,1.0,0.22690651931397404,True,no_change,0.5,0.07035333005762273,,
held_out_drug,held_out_drug/fold3,global_mean_delta,direction_acc_de,absolute,full_pseudobulk,0.9967370429921493,0.007989797569793958,145.0,367,222.0,0.9953729660925557,0.9979508971445309,0.0,5.586720368744294,True,global_mean_delta,0.9967370429921493,0.9981671839411207,0.0,
held_out_drug,held_out_drug/fold3,global_mean_delta,direction_acc_de,absolute,replicate_half,0.9962159910776621,0.008750966816765694,1450.0,367,2220.0,0.9957429662754821,0.9966261828150159,0.0,4.484931746446751,True,global_mean_delta,0.9962159910776621,0.9981671839411207,0.0,
held_out_drug,held_out_drug/fold3,global_mean_delta,direction_acc_de,delta,full_pseudobulk,0.6834111045477492,0.21900000274253173,145.0,367,222.0,0.6482425767978793,0.7170456968306028,0.0,0.6961507697529433,True,global_mean_delta,0.6834111045477492,0.9979981340503562,0.0,
held_out_drug,held_out_drug/fold3,global_mean_delta,direction_acc_de,delta,replicate_half,0.6831999145063228,0.21832046440174505,1450.0,367,2220.0,0.6721082142525534,0.6944371523217555,0.0,0.6935250927339084,True,global_mean_delta,0.6831999145063228,0.9979981340503562,0.0,
held_out_drug,held_out_drug/fold3,global_mean_delta,mae,absolute,full_pseudobulk,0.02325226714728082,0.009493220442465474,367.0,367,0.0,0.022297723693389608,0.02426557955049947,,,False,no_change,0.022535373747233613,0.02875135192773552,0.0,
held_out_drug,held_out_drug/fold3,global_mean_delta,mae,absolute,replicate_half,0.027589119455584583,0.009893413741896374,3670.0,367,0.0,0.02729215783649511,0.02792180253009256,,,False,no_change,0.026993475270221837,0.02875135192773552,0.0,
held_out_drug,held_out_drug/fold3,global_mean_delta,mae,delta,full_pseudobulk,0.02325226714728082,0.009493220442465474,367.0,367,0.0,0.022336907056965182,0.024289371588143524,,,False,no_change,0.022535373747233613,0.02875135192773552,0.0,
held_out_drug,held_out_drug/fold3,global_mean_delta,mae,delta,replicate_half,0.027589119455584583,0.009893413741896374,3670.0,367,0.0,0.027271686892563957,0.02794031895042324,,,False,no_change,0.026993475270221837,0.02875135192773552,0.0,
held_out_drug,held_out_drug/fold3,global_mean_delta,pearson_r,absolute,full_pseudobulk,0.9866963143437661,0.017547516556357518,367.0,367,0.0,0.9848785967661968,0.9883426217726473,,,False,global_mean_delta,0.9866963143437661,0.9842843515654406,0.0,
held_out_drug,held_out_drug/fold3,global_mean_delta,pearson_r,absolute,replicate_half,0.9828497573743159,0.019282667236317965,3670.0,367,0.0,0.9821809564707247,0.9834556372102362,0.0,13.441199856804715,True,global_mean_delta,0.9828497573743159,0.9842843515654406,0.0,
held_out_drug,held_out_drug/fold3,global_mean_delta,pearson_r,delta,full_pseudobulk,0.10445803760389555,0.14056358499481528,367.0,367,0.0,0.090046286728645,0.11866428168631168,0.0,0.45990954459036915,True,global_mean_delta,0.10445803760389555,0.41009114882799946,0.0,
held_out_drug,held_out_drug/fold3,global_mean_delta,pearson_r,delta,replicate_half,0.09154742488484514,0.12862823659909942,3670.0,367,0.0,0.08758413899126703,0.09555823069002349,0.0,0.4038008817340685,True,global_mean_delta,0.09154742488484514,0.41009114882799946,0.0,
held_out_drug,held_out_drug/fold3,global_mean_delta,pearson_r_de,absolute,full_pseudobulk,0.8920583724769785,0.2992199802013404,145.0,367,222.0,0.8382448989264504,0.9340918182568794,0.0,3.9699352990099337,True,global_mean_delta,0.8920583724769785,0.9674298729334124,0.0,
held_out_drug,held_out_drug/fold3,global_mean_delta,pearson_r_de,absolute,replicate_half,0.8989032576122068,0.2689314926343487,1450.0,367,2220.0,0.8855831671623446,0.9123490912411878,0.0,3.9244823543930027,True,global_mean_delta,0.8989032576122068,0.9674298729334124,0.0,
held_out_drug,held_out_drug/fold3,global_mean_delta,pearson_r_de,delta,full_pseudobulk,0.3206611764513054,0.5480272794658166,145.0,367,222.0,0.2214705280934005,0.4096219058199825,0.0,1.0753883763005578,True,global_mean_delta,0.3206611764513054,0.8302698829830651,0.0,
held_out_drug,held_out_drug/fold3,global_mean_delta,pearson_r_de,delta,replicate_half,0.3253151744284303,0.5438811798345629,1450.0,367,2220.0,0.29696015250963514,0.3525578901459783,0.0,1.0770890351559446,True,global_mean_delta,0.3253151744284303,0.8302698829830651,0.0,
held_out_drug,held_out_drug/fold3,global_mean_delta,pert_discrimination,absolute,full_pseudobulk,0.1185881687288754,0.10135910315627251,367.0,367,0.0,0.10851833653459599,0.1290715593871443,-0.008868075705362135,1.059093858014083,True,no_change,0.11773946189008502,0.02203585414154048,0.0,
held_out_drug,held_out_drug/fold3,global_mean_delta,pert_discrimination,absolute,replicate_half,0.1224393621298075,0.10060588207512726,3670.0,367,0.0,0.11921790548085943,0.12550860990753565,-0.003362794988542917,1.0053851807945158,True,no_change,0.12210285731302392,0.02203585414154048,0.0,
held_out_drug,held_out_drug/fold3,global_mean_delta,pert_discrimination,delta,full_pseudobulk,0.5,0.2898579611331339,367.0,367,0.0,0.4678327079703995,0.5285558210866426,-0.0,0.6746426340788552,True,no_change,0.5,0.07035333005762273,0.0,
held_out_drug,held_out_drug/fold3,global_mean_delta,pert_discrimination,delta,replicate_half,0.5,0.2895022343133247,3670.0,367,0.0,0.49079261029466503,0.5092947171721683,-0.0,0.6738146820785362,True,no_change,0.5,0.07035333005762273,0.0,
held_out_drug,held_out_drug/fold3,nearest_context,direction_acc_de,absolute,full_pseudobulk,0.9967370429921493,0.007989797569793958,145.0,367,222.0,0.9954191640756906,0.9979969981619358,0.0,5.586720368744294,True,global_mean_delta,0.9967370429921493,0.9981671839411207,1.0,0.0
held_out_drug,held_out_drug/fold3,nearest_context,direction_acc_de,absolute,replicate_half,0.9962159910776621,0.008750966816765694,1450.0,367,2220.0,0.99577225967993,0.9966651103626111,0.0,4.484931746446751,True,global_mean_delta,0.9962159910776621,0.9981671839411207,1.0,0.0
held_out_drug,held_out_drug/fold3,nearest_context,direction_acc_de,delta,full_pseudobulk,0.6834111045477492,0.21900000274253173,145.0,367,222.0,0.6483348401189826,0.7176759859503056,0.0,0.6961507697529433,True,global_mean_delta,0.6834111045477492,0.9979981340503562,1.0,0.0
held_out_drug,held_out_drug/fold3,nearest_context,direction_acc_de,delta,replicate_half,0.6831999145063228,0.21832046440174505,1450.0,367,2220.0,0.6721248365512134,0.6933987106961416,0.0,0.6935250927339084,True,global_mean_delta,0.6831999145063228,0.9979981340503562,1.0,0.0
held_out_drug,held_out_drug/fold3,nearest_context,mae,absolute,full_pseudobulk,0.02325226714728082,0.009493220442465474,367.0,367,0.0,0.022372332887460517,0.024205535323603176,,,False,no_change,0.022535373747233613,0.02875135192773552,1.0,0.0
held_out_drug,held_out_drug/fold3,nearest_context,mae,absolute,replicate_half,0.027589119455584583,0.009893413741896374,3670.0,367,0.0,0.027300023530363947,0.027917692388459044,,,False,no_change,0.026993475270221837,0.02875135192773552,1.0,0.0
held_out_drug,held_out_drug/fold3,nearest_context,mae,delta,full_pseudobulk,0.02325226714728082,0.009493220442465474,367.0,367,0.0,0.022371765967374682,0.024222924191888186,,,False,no_change,0.022535373747233613,0.02875135192773552,1.0,0.0
held_out_drug,held_out_drug/fold3,nearest_context,mae,delta,replicate_half,0.027589119455584583,0.009893413741896374,3670.0,367,0.0,0.02725462924652204,0.027928090934671468,,,False,no_change,0.026993475270221837,0.02875135192773552,1.0,0.0
held_out_drug,held_out_drug/fold3,nearest_context,pearson_r,absolute,full_pseudobulk,0.9866963143437661,0.017547516556357518,367.0,367,0.0,0.9849164416688225,0.9884065070877565,,,False,global_mean_delta,0.9866963143437661,0.9842843515654406,1.0,0.0
held_out_drug,held_out_drug/fold3,nearest_context,pearson_r,absolute,replicate_half,0.9828497573743159,0.019282667236317965,3670.0,367,0.0,0.982219929749092,0.9835377210229868,0.0,13.441199856804715,True,global_mean_delta,0.9828497573743159,0.9842843515654406,1.0,0.0
held_out_drug,held_out_drug/fold3,nearest_context,pearson_r,delta,full_pseudobulk,0.10445803760389555,0.14056358499481528,367.0,367,0.0,0.08992677440184962,0.11936367633764795,0.0,0.45990954459036915,True,global_mean_delta,0.10445803760389555,0.41009114882799946,1.0,0.0
held_out_drug,held_out_drug/fold3,nearest_context,pearson_r,delta,replicate_half,0.09154742488484514,0.12862823659909942,3670.0,367,0.0,0.0875769280005185,0.09559726582244417,0.0,0.4038008817340685,True,global_mean_delta,0.09154742488484514,0.41009114882799946,1.0,0.0
held_out_drug,held_out_drug/fold3,nearest_context,pearson_r_de,absolute,full_pseudobulk,0.8920583724769785,0.2992199802013404,145.0,367,222.0,0.8365496904261661,0.9362444096417815,0.0,3.9699352990099337,True,global_mean_delta,0.8920583724769785,0.9674298729334124,1.0,0.0
held_out_drug,held_out_drug/fold3,nearest_context,pearson_r_de,absolute,replicate_half,0.8989032576122068,0.2689314926343487,1450.0,367,2220.0,0.885873610046816,0.9131877203941627,0.0,3.9244823543930027,True,global_mean_delta,0.8989032576122068,0.9674298729334124,1.0,0.0
held_out_drug,held_out_drug/fold3,nearest_context,pearson_r_de,delta,full_pseudobulk,0.3206611764513054,0.5480272794658166,145.0,367,222.0,0.2356395922469644,0.4015025023787157,0.0,1.0753883763005578,True,global_mean_delta,0.3206611764513054,0.8302698829830651,1.0,0.0
held_out_drug,held_out_drug/fold3,nearest_context,pearson_r_de,delta,replicate_half,0.3253151744284303,0.5438811798345629,1450.0,367,2220.0,0.29913122402118025,0.353857114448221,0.0,1.0770890351559446,True,global_mean_delta,0.3253151744284303,0.8302698829830651,1.0,0.0
held_out_drug,held_out_drug/fold3,nearest_context,pert_discrimination,absolute,full_pseudobulk,0.1185881687288754,0.10135910315627251,367.0,367,0.0,0.10860581289736605,0.129385171453671,-0.008868075705362135,1.059093858014083,True,no_change,0.11773946189008502,0.02203585414154048,1.0,0.0
held_out_drug,held_out_drug/fold3,nearest_context,pert_discrimination,absolute,replicate_half,0.1224393621298075,0.10060588207512726,3670.0,367,0.0,0.11918373386340288,0.1256270566251247,-0.003362794988542917,1.0053851807945158,True,no_change,0.12210285731302392,0.02203585414154048,1.0,0.0
held_out_drug,held_out_drug/fold3,nearest_context,pert_discrimination,delta,full_pseudobulk,0.5,0.2898579611331339,367.0,367,0.0,0.4710334122481797,0.5276298744807254,-0.0,0.6746426340788552,True,no_change,0.5,0.07035333005762273,1.0,0.0
held_out_drug,held_out_drug/fold3,nearest_context,pert_discrimination,delta,replicate_half,0.5,0.2895022343133247,3670.0,367,0.0,0.49060937523264986,0.5089988609460847,-0.0,0.6738146820785362,True,no_change,0.5,0.07035333005762273,1.0,0.0
held_out_drug,held_out_drug/fold3,no_change,direction_acc_de,absolute,full_pseudobulk,0.9988956035441133,0.0038089026471944233,145.0,367,222.0,0.9982379043271702,0.9994404747543046,1.5093341348742753,2.6633057741153636,True,global_mean_delta,0.9967370429921493,0.9981671839411207,0.0,
held_out_drug,held_out_drug/fold3,no_change,direction_acc_de,absolute,replicate_half,0.9984549930486959,0.004947961039262365,1450.0,367,2220.0,0.9981904987274537,0.9987064816896902,1.1475041821673357,2.535864666136536,True,global_mean_delta,0.9962159910776621,0.9981671839411207,0.0,
held_out_drug,held_out_drug/fold3,no_change,direction_acc_de,delta,full_pseudobulk,0.0,0.0,145.0,367,222.0,0.0,0.0,-2.172407125711093,0.0,True,global_mean_delta,0.6834111045477492,0.9979981340503562,0.0,
held_out_drug,held_out_drug/fold3,no_change,direction_acc_de,delta,replicate_half,7.866902673106623e-05,0.0006989857552969999,1450.0,367,2220.0,4.462166351510823e-05,0.00011603191694149916,-2.1700289362152443,0.0022204247416311293,True,global_mean_delta,0.6831999145063228,0.9979981340503562,0.0,
held_out_drug,held_out_drug/fold3,no_change,mae,absolute,full_pseudobulk,0.022535373747233613,0.010017875196842928,367.0,367,0.0,0.02148251641821136,0.02362546489081243,,,False,no_change,0.022535373747233613,0.02875135192773552,0.0,
held_out_drug,held_out_drug/fold3,no_change,mae,absolute,replicate_half,0.026993475270221837,0.010354515257709836,3670.0,367,0.0,0.02666693180732493,0.027321981405026056,,,False,no_change,0.026993475270221837,0.02875135192773552,0.0,
held_out_drug,held_out_drug/fold3,no_change,mae,delta,full_pseudobulk,0.022535373747233613,0.010017875196842928,367.0,367,0.0,0.021552249357646994,0.023617757827170082,,,False,no_change,0.022535373747233613,0.02875135192773552,0.0,
held_out_drug,held_out_drug/fold3,no_change,mae,delta,replicate_half,0.026993475270221837,0.010354515257709836,3670.0,367,0.0,0.026669507534711676,0.027321656761127182,,,False,no_change,0.026993475270221837,0.02875135192773552,0.0,
held_out_drug,held_out_drug/fold3,no_change,pearson_r,absolute,full_pseudobulk,0.9866769907556138,0.01811181748306542,367.0,367,0.0,0.9846520947323949,0.9883601066049239,,,False,global_mean_delta,0.9866963143437661,0.9842843515654406,0.0,
held_out_drug,held_out_drug/fold3,no_change,pearson_r,absolute,replicate_half,0.9828313337508795,0.019809443008988778,3670.0,367,0.0,0.98222878825064,0.9835220460385398,-0.012842393723872272,13.808394827988751,True,global_mean_delta,0.9828497573743159,0.9842843515654406,0.0,
held_out_drug,held_out_drug/fold3,no_change,pearson_r,delta,full_pseudobulk,,,0.0,367,367.0,,,,,True,global_mean_delta,0.10445803760389555,0.41009114882799946,0.0,
held_out_drug,held_out_drug/fold3,no_change,pearson_r,delta,replicate_half,,,0.0,367,3670.0,,,,,True,global_mean_delta,0.09154742488484514,0.41009114882799946,0.0,
held_out_drug,held_out_drug/fold3,no_change,pearson_r_de,absolute,full_pseudobulk,0.9020182830760787,0.2541502444944332,145.0,367,222.0,0.8562376342247606,0.9383691815275593,0.1321442526523295,3.371967427414246,True,global_mean_delta,0.8920583724769785,0.9674298729334124,0.0,
held_out_drug,held_out_drug/fold3,no_change,pearson_r_de,absolute,replicate_half,0.9033083151456363,0.23971402277593634,1450.0,367,2220.0,0.8916323654018146,0.9151971861243007,0.06428243263995424,3.4981156102971367,True,global_mean_delta,0.8989032576122068,0.9674298729334124,0.0,
held_out_drug,held_out_drug/fold3,no_change,pearson_r_de,delta,full_pseudobulk,,,0.0,367,367.0,,,,,True,global_mean_delta,0.3206611764513054,0.8302698829830651,0.0,
held_out_drug,held_out_drug/fold3,no_change,pearson_r_de,delta,replicate_half,,,0.0,367,3670.0,,,,,True,global_mean_delta,0.3253151744284303,0.8302698829830651,0.0,
held_out_drug,held_out_drug/fold3,no_change,pert_discrimination,absolute,full_pseudobulk,0.11773946189008502,0.10275930694401256,367.0,367,0.0,0.1066759354387219,0.1287447328062417,-0.0,1.0737244850163479,True,no_change,0.11773946189008502,0.02203585414154048,0.0,
held_out_drug,held_out_drug/fold3,no_change,pert_discrimination,absolute,replicate_half,0.12210285731302392,0.10161202101331757,3670.0,367,0.0,0.1187303085123807,0.12546829633269307,-0.0,1.0154398332403984,True,no_change,0.12210285731302392,0.02203585414154048,0.0,
held_out_drug,held_out_drug/fold3,no_change,pert_discrimination,delta,full_pseudobulk,0.5,0.2898579611331339,367.0,367,0.0,0.46954091660338587,0.5305061717365732,-0.0,0.6746426340788552,True,no_change,0.5,0.07035333005762273,0.0,
held_out_drug,held_out_drug/fold3,no_change,pert_discrimination,delta,replicate_half,0.5,0.2895022343133247,3670.0,367,0.0,0.49067308408153537,0.5092000007444796,-0.0,0.6738146820785362,True,no_change,0.5,0.07035333005762273,0.0,
held_out_drug,held_out_drug/fold3,per_drug_mean_delta,direction_acc_de,absolute,full_pseudobulk,0.9967370429921493,0.007989797569793958,145.0,367,222.0,0.9954474242941358,0.99802254682154,0.0,5.586720368744294,True,global_mean_delta,0.9967370429921493,0.9981671839411207,1.0,0.0
held_out_drug,held_out_drug/fold3,per_drug_mean_delta,direction_acc_de,absolute,replicate_half,0.9962159910776621,0.008750966816765694,1450.0,367,2220.0,0.9957677765740262,0.9966959447894439,0.0,4.484931746446751,True,global_mean_delta,0.9962159910776621,0.9981671839411207,1.0,0.0
held_out_drug,held_out_drug/fold3,per_drug_mean_delta,direction_acc_de,delta,full_pseudobulk,0.6834111045477492,0.21900000274253173,145.0,367,222.0,0.6453763133486462,0.7178326605336874,0.0,0.6961507697529433,True,global_mean_delta,0.6834111045477492,0.9979981340503562,1.0,0.0
held_out_drug,held_out_drug/fold3,per_drug_mean_delta,direction_acc_de,delta,replicate_half,0.6831999145063228,0.21832046440174505,1450.0,367,2220.0,0.6721538506731632,0.6936906345410282,0.0,0.6935250927339084,True,global_mean_delta,0.6831999145063228,0.9979981340503562,1.0,0.0
held_out_drug,held_out_drug/fold3,per_drug_mean_delta,mae,absolute,full_pseudobulk,0.02325226714728082,0.009493220442465474,367.0,367,0.0,0.02228281204715237,0.024243369227967503,,,False,no_change,0.022535373747233613,0.02875135192773552,1.0,0.0
held_out_drug,held_out_drug/fold3,per_drug_mean_delta,mae,absolute,replicate_half,0.027589119455584583,0.009893413741896374,3670.0,367,0.0,0.027297001868430915,0.02792489105737829,,,False,no_change,0.026993475270221837,0.02875135192773552,1.0,0.0
held_out_drug,held_out_drug/fold3,per_drug_mean_delta,mae,delta,full_pseudobulk,0.02325226714728082,0.009493220442465474,367.0,367,0.0,0.022330841384799165,0.02420444126781788,,,False,no_change,0.022535373747233613,0.02875135192773552,1.0,0.0
held_out_drug,held_out_drug/fold3,per_drug_mean_delta,mae,delta,replicate_half,0.027589119455584583,0.009893413741896374,3670.0,367,0.0,0.027283805950770516,0.02791677212601459,,,False,no_change,0.026993475270221837,0.02875135192773552,1.0,0.0
held_out_drug,held_out_drug/fold3,per_drug_mean_delta,pearson_r,absolute,full_pseudobulk,0.9866963143437661,0.017547516556357518,367.0,367,0.0,0.9850053756948989,0.98838523890911,,,False,global_mean_delta,0.9866963143437661,0.9842843515654406,1.0,0.0
held_out_drug,held_out_drug/fold3,per_drug_mean_delta,pearson_r,absolute,replicate_half,0.9828497573743159,0.019282667236317965,3670.0,367,0.0,0.9821823503019632,0.9834537506364991,0.0,13.441199856804715,True,global_mean_delta,0.9828497573743159,0.9842843515654406,1.0,0.0
held_out_drug,held_out_drug/fold3,per_drug_mean_delta,pearson_r,delta,full_pseudobulk,0.10445803760389555,0.14056358499481528,367.0,367,0.0,0.08992775741827565,0.11932513044607952,0.0,0.45990954459036915,True,global_mean_delta,0.10445803760389555,0.41009114882799946,1.0,0.0
held_out_drug,held_out_drug/fold3,per_drug_mean_delta,pearson_r,delta,replicate_half,0.09154742488484514,0.12862823659909942,3670.0,367,0.0,0.08758424037454382,0.09566984588520017,0.0,0.4038008817340685,True,global_mean_delta,0.09154742488484514,0.41009114882799946,1.0,0.0
held_out_drug,held_out_drug/fold3,per_drug_mean_delta,pearson_r_de,absolute,full_pseudobulk,0.8920583724769785,0.2992199802013404,145.0,367,222.0,0.8390431070400793,0.935021675729127,0.0,3.9699352990099337,True,global_mean_delta,0.8920583724769785,0.9674298729334124,1.0,0.0
held_out_drug,held_out_drug/fold3,per_drug_mean_delta,pearson_r_de,absolute,replicate_half,0.8989032576122068,0.2689314926343487,1450.0,367,2220.0,0.8843352440907424,0.9110164797315699,0.0,3.9244823543930027,True,global_mean_delta,0.8989032576122068,0.9674298729334124,1.0,0.0
held_out_drug,held_out_drug/fold3,per_drug_mean_delta,pearson_r_de,delta,full_pseudobulk,0.3206611764513054,0.5480272794658166,145.0,367,222.0,0.23863308713825854,0.405831388755351,0.0,1.0753883763005578,True,global_mean_delta,0.3206611764513054,0.8302698829830651,1.0,0.0
held_out_drug,held_out_drug/fold3,per_drug_mean_delta,pearson_r_de,delta,replicate_half,0.3253151744284303,0.5438811798345629,1450.0,367,2220.0,0.297184782500084,0.354343496938501,0.0,1.0770890351559446,True,global_mean_delta,0.3253151744284303,0.8302698829830651,1.0,0.0
held_out_drug,held_out_drug/fold3,per_drug_mean_delta,pert_discrimination,absolute,full_pseudobulk,0.1185881687288754,0.10135910315627251,367.0,367,0.0,0.10785798305564241,0.1280411995056655,-0.008868075705362135,1.059093858014083,True,no_change,0.11773946189008502,0.02203585414154048,1.0,0.0
held_out_drug,held_out_drug/fold3,per_drug_mean_delta,pert_discrimination,absolute,replicate_half,0.1224393621298075,0.10060588207512726,3670.0,367,0.0,0.11920076383615491,0.12542020294516165,-0.003362794988542917,1.0053851807945158,True,no_change,0.12210285731302392,0.02203585414154048,1.0,0.0
held_out_drug,held_out_drug/fold3,per_drug_mean_delta,pert_discrimination,delta,full_pseudobulk,0.5,0.2898579611331339,367.0,367,0.0,0.47165542502345115,0.5287212816962225,-0.0,0.6746426340788552,True,no_change,0.5,0.07035333005762273,1.0,0.0
held_out_drug,held_out_drug/fold3,per_drug_mean_delta,pert_discrimination,delta,replicate_half,0.5,0.2895022343133247,3670.0,367,0.0,0.49031348178258216,0.51041651777073,-0.0,0.6738146820785362,True,no_change,0.5,0.07035333005762273,1.0,0.0
held_out_drug,held_out_drug/fold3,ridge_no_drug,direction_acc_de,absolute,full_pseudobulk,0.9995024863549996,0.002243064732045195,145.0,367,222.0,0.9991015007194076,0.9998262941801306,1.933685882387522,1.568422143047113,True,global_mean_delta,0.9967370429921493,0.9981671839411207,0.0,
held_out_drug,held_out_drug/fold3,ridge_no_drug,direction_acc_de,absolute,replicate_half,0.9989059510339324,0.004087230848990085,1450.0,367,2220.0,0.9987042537606036,0.9991148550844787,1.3786233061052897,2.094734418895574,True,global_mean_delta,0.9962159910776621,0.9981671839411207,0.0,
held_out_drug,held_out_drug/fold3,ridge_no_drug,direction_acc_de,delta,full_pseudobulk,0.8397234894709702,0.14990824948848444,145.0,367,222.0,0.8146695366257447,0.8617088044380501,0.49688121334934315,0.47652393592165615,True,global_mean_delta,0.6834111045477492,0.9979981340503562,0.0,
held_out_drug,held_out_drug/fold3,ridge_no_drug,direction_acc_de,delta,replicate_half,0.839313136650026,0.14962894567488116,1450.0,367,2220.0,0.8318690390434796,0.8473730345499566,0.49591520044117154,0.47531700113046965,True,global_mean_delta,0.6831999145063228,0.9979981340503562,0.0,
held_out_drug,held_out_drug/fold3,ridge_no_drug,mae,absolute,full_pseudobulk,0.021004360950533065,0.009468913018232944,367.0,367,0.0,0.020038595280827326,0.022078668717526895,,,False,no_change,0.022535373747233613,0.02875135192773552,0.0,
held_out_drug,held_out_drug/fold3,ridge_no_drug,mae,absolute,replicate_half,0.02582304937890794,0.00972238894377316,3670.0,367,0.0,0.02549777744149015,0.026141794235619808,,,False,no_change,0.026993475270221837,0.02875135192773552,0.0,
held_out_drug,held_out_drug/fold3,ridge_no_drug,mae,delta,full_pseudobulk,0.021004360950533065,0.009468913018232944,367.0,367,0.0,0.02012204850234982,0.021932977044794914,,,False,no_change,0.022535373747233613,0.02875135192773552,0.0,
held_out_drug,held_out_drug/fold3,ridge_no_drug,mae,delta,replicate_half,0.02582304937890794,0.00972238894377316,3670.0,367,0.0,0.025511594760315403,0.02613388125271813,,,False,no_change,0.026993475270221837,0.02875135192773552,0.0,
held_out_drug,held_out_drug/fold3,ridge_no_drug,pearson_r,absolute,full_pseudobulk,0.9881052832126712,0.01631339526018055,367.0,367,0.0,0.9862865636835085,0.9896585279981738,,,False,global_mean_delta,0.9866963143437661,0.9842843515654406,0.0,
held_out_drug,held_out_drug/fold3,ridge_no_drug,pearson_r,absolute,replicate_half,0.9842531695510446,0.01802370292385244,3670.0,367,0.0,0.9836972594401626,0.9848019932928149,0.9782642265046696,12.563624637098487,True,global_mean_delta,0.9828497573743159,0.9842843515654406,0.0,
held_out_drug,held_out_drug/fold3,ridge_no_drug,pearson_r,delta,full_pseudobulk,0.4324387891257778,0.14357140114643846,367.0,367,0.0,0.4183445599701313,0.4469688848905297,1.0731191728810825,0.46975080864574736,True,global_mean_delta,0.10445803760389555,0.41009114882799946,0.0,
held_out_drug,held_out_drug/fold3,ridge_no_drug,pearson_r,delta,replicate_half,0.3620515618380806,0.12615195127506548,3670.0,367,0.0,0.35810325085767436,0.3659912972036487,0.8491899749420531,0.39602711274128855,True,global_mean_delta,0.09154742488484514,0.41009114882799946,0.0,
held_out_drug,held_out_drug/fold3,ridge_no_drug,pearson_r_de,absolute,full_pseudobulk,0.9026833429571113,0.2911814657228805,145.0,367,222.0,0.8498488066302768,0.9445508812789932,0.1409680106643784,3.863283389073415,True,global_mean_delta,0.8920583724769785,0.9674298729334124,0.0,
held_out_drug,held_out_drug/fold3,ridge_no_drug,pearson_r_de,absolute,replicate_half,0.9095218254187991,0.2594662263619837,1450.0,367,2220.0,0.8959021405304826,0.922582420609693,0.15495538130432643,3.7863569526348924,True,global_mean_delta,0.8989032576122068,0.9674298729334124,0.0,
held_out_drug,held_out_drug/fold3,ridge_no_drug,pearson_r_de,delta,full_pseudobulk,0.5316429130432861,0.46895130297841625,145.0,367,222.0,0.4494491662792983,0.6032153549572479,0.41400732343812885,0.9202183890655139,True,global_mean_delta,0.3206611764513054,0.8302698829830651,0.0,
held_out_drug,held_out_drug/fold3,ridge_no_drug,pearson_r_de,delta,replicate_half,0.5338150738659886,0.45513614390233814,1450.0,367,2220.0,0.5091855778950062,0.5565508394167455,0.4129081200853861,0.9013405285497867,True,global_mean_delta,0.3253151744284303,0.8302698829830651,0.0,
held_out_drug,held_out_drug/fold3,ridge_no_drug,pert_discrimination,absolute,full_pseudobulk,0.11507422462440998,0.1025547704543699,367.0,367,0.0,0.10440285284614582,0.12575862479712926,0.02784886932034776,1.0715872981907473,True,no_change,0.11773946189008502,0.02203585414154048,0.0,
held_out_drug,held_out_drug/fold3,ridge_no_drug,pert_discrimination,absolute,replicate_half,0.12028186000804038,0.10080954011781797,3670.0,367,0.0,0.1172656750197287,0.12339300337993776,0.018197779960122572,1.0074203975616423,True,no_change,0.12210285731302392,0.02203585414154048,0.0,
held_out_drug,held_out_drug/fold3,ridge_no_drug,pert_discrimination,delta,full_pseudobulk,0.23949911406917707,0.3178111085871841,367.0,367,0.0,0.20682948437337145,0.2722452390524262,0.6063142208591082,0.7397034140397453,True,no_change,0.5,0.07035333005762273,0.0,
held_out_drug,held_out_drug/fold3,ridge_no_drug,pert_discrimination,delta,replicate_half,0.3146074358630753,0.29200809863994526,3670.0,367,0.0,0.30475638763568147,0.3236112848230372,0.43150006064701696,0.6796470659928736,True,no_change,0.5,0.07035333005762273,0.0,
held_out_drug,held_out_drug/fold4,ceiling,direction_acc_de,absolute,full_pseudobulk,0.9993554198896082,0.007051792217330994,2690.0,656,3870.0,0.9990901825637128,0.9995793320921801,1.0,2.8196458533815862,True,global_mean_delta,0.9968544702725228,0.9993554198896082,,
held_out_drug,held_out_drug/fold4,ceiling,direction_acc_de,absolute,replicate_half,0.9993554198896082,0.007051792217330994,2690.0,656,3870.0,0.9990643570487272,0.9995825072234493,1.0,2.647755147448556,True,global_mean_delta,0.996692110095224,0.9993554198896082,,
held_out_drug,held_out_drug/fold4,ceiling,direction_acc_de,delta,full_pseudobulk,0.9965363358757602,0.01589037409403205,2690.0,656,3870.0,0.9959170868814561,0.9971078269165183,1.0,0.048578465738756044,True,global_mean_delta,0.6694289673662879,0.9965363358757602,,
held_out_drug,held_out_drug/fold4,ceiling,direction_acc_de,delta,replicate_half,0.9965363358757602,0.01589037409403205,2690.0,656,3870.0,0.9959632505689365,0.9971418326272123,1.0,0.04856976027697897,True,global_mean_delta,0.6693703378676591,0.9965363358757602,,
held_out_drug,held_out_drug/fold4,ceiling,mae,absolute,full_pseudobulk,0.027908031899625922,0.006913249534836777,6560.0,656,0.0,0.027747429392553362,0.028079716764696807,,,False,no_change,0.021122541492164727,0.027908031899625922,,
held_out_drug,held_out_drug/fold4,ceiling,mae,absolute,replicate_half,0.027908031899625922,0.006913249534836777,6560.0,656,0.0,0.027739824590573434,0.028078072668621466,,,False,no_change,0.025537974024896007,0.027908031899625922,,
held_out_drug,held_out_drug/fold4,ceiling,mae,delta,full_pseudobulk,0.027908031899625922,0.006913249534836777,6560.0,656,0.0,0.02774432543192892,0.028076125368281295,,,False,no_change,0.021122541492164727,0.027908031899625922,,
held_out_drug,held_out_drug/fold4,ceiling,mae,delta,replicate_half,0.027908031899625922,0.006913249534836777,6560.0,656,0.0,0.027757949718429525,0.028071144676939785,,,False,no_change,0.025537974024896007,0.027908031899625922,,
held_out_drug,held_out_drug/fold4,ceiling,pearson_r,absolute,full_pseudobulk,0.9856315520039917,0.008238032172575667,6560.0,656,0.0,0.9854150980131706,0.9858275676603526,,,False,global_mean_delta,0.9891804030366665,0.9856315520039917,,
held_out_drug,held_out_drug/fold4,ceiling,pearson_r,absolute,replicate_half,0.9856315520039917,0.008238032172575667,6560.0,656,0.0,0.9854439378726376,0.9858344351683106,,,False,global_mean_delta,0.985658687510741,0.9856315520039917,,
held_out_drug,held_out_drug/fold4,ceiling,pearson_r,delta,full_pseudobulk,0.4040958578258944,0.18872151459857991,6560.0,656,0.0,0.3997123819451752,0.4085249344293718,1.0,0.6237889896726363,True,global_mean_delta,0.1015552267422635,0.4040958578258944,,
held_out_drug,held_out_drug/fold4,ceiling,pearson_r,delta,replicate_half,0.4040958578258944,0.18872151459857991,6560.0,656,0.0,0.3993451345811829,0.40862559131434995,1.0,0.5983293935748443,True,global_mean_delta,0.08868177885005851,0.4040958578258944,,
held_out_drug,held_out_drug/fold4,ceiling,pearson_r_de,absolute,full_pseudobulk,0.9863772803000479,0.11014581619585122,2690.0,656,3870.0,0.982091329332745,0.9901700836978936,1.0,1.9706372590467527,True,global_mean_delta,0.9304837790023349,0.9863772803000479,,
held_out_drug,held_out_drug/fold4,ceiling,pearson_r_de,absolute,replicate_half,0.9863772803000479,0.11014581619585122,2690.0,656,3870.0,0.9818182911602099,0.9902119329906267,1.0,1.9871103958087988,True,global_mean_delta,0.9309471358912772,0.9863772803000479,,
held_out_drug,held_out_drug/fold4,ceiling,pearson_r_de,delta,full_pseudobulk,0.8179117465931468,0.3757893230749566,2690.0,656,3870.0,0.8040633193373501,0.8308912712792752,1.0,0.7451087775348119,True,global_mean_delta,0.3135701868033756,0.8179117465931468,,
held_out_drug,held_out_drug/fold4,ceiling,pearson_r_de,delta,replicate_half,0.8179117465931468,0.3757893230749566,2690.0,656,3870.0,0.8029472517869991,0.831816002945678,1.0,0.7195692827231488,True,global_mean_delta,0.29566971639862,0.8179117465931468,,
held_out_drug,held_out_drug/fold4,ceiling,pert_discrimination,absolute,full_pseudobulk,0.025596257680134054,0.0431272227446784,6560.0,656,0.0,0.024579006469931112,0.026619716998696703,1.0,0.4611765791710032,True,no_change,0.11911189722584249,0.025596257680134054,,
held_out_drug,held_out_drug/fold4,ceiling,pert_discrimination,absolute,replicate_half,0.025596257680134054,0.0431272227446784,6560.0,656,0.0,0.02456707317073171,0.02658868227518153,1.0,0.435742420590432,True,no_change,0.12457037795568794,0.025596257680134054,,
held_out_drug,held_out_drug/fold4,ceiling,pert_discrimination,delta,full_pseudobulk,0.07239271085458947,0.09844743887361605,6560.0,656,0.0,0.07009541402904487,0.07460177341277228,1.0,0.23022862652871753,True,no_change,0.5,0.07239271085458947,,
held_out_drug,held_out_drug/fold4,ceiling,pert_discrimination,delta,replicate_half,0.07239271085458947,0.09844743887361605,6560.0,656,0.0,0.06997768688326196,0.07474465299757961,1.0,0.23022862652871753,True,no_change,0.5,0.07239271085458947,,
held_out_drug,held_out_drug/fold4,global_mean_delta,direction_acc_de,absolute,full_pseudobulk,0.9968544702725228,0.014440719045826063,269.0,656,387.0,0.9949806353287424,0.9982457528311619,0.0,5.774094346872723,True,global_mean_delta,0.9968544702725228,0.9993554198896082,0.0,
held_out_drug,held_out_drug/fold4,global_mean_delta,direction_acc_de,absolute,replicate_half,0.996692110095224,0.015904626910583097,2690.0,656,3870.0,0.9960741047080054,0.9972630634476749,0.0,5.971752495379659,True,global_mean_delta,0.996692110095224,0.9993554198896082,0.0,
held_out_drug,held_out_drug/fold4,global_mean_delta,direction_acc_de,delta,full_pseudobulk,0.6694289673662879,0.2783310116032737,269.0,656,387.0,0.6372340046694625,0.7020186831794906,0.0,0.8508857897990576,True,global_mean_delta,0.6694289673662879,0.9965363358757602,0.0,
held_out_drug,held_out_drug/fold4,global_mean_delta,direction_acc_de,delta,replicate_half,0.6693703378676591,0.27787196075732273,2690.0,656,3870.0,0.6588045720970507,0.6800290286020881,0.0,0.849330194607944,True,global_mean_delta,0.6693703378676591,0.9965363358757602,0.0,
held_out_drug,held_out_drug/fold4,global_mean_delta,mae,absolute,full_pseudobulk,0.022102521707316653,0.007189764922393848,656.0,656,0.0,0.021559346127240947,0.02268818989546134,,,False,no_change,0.021122541492164727,0.027908031899625922,0.0,
held_out_drug,held_out_drug/fold4,global_mean_delta,mae,absolute,replicate_half,0.02636304285791137,0.007610163765410519,6560.0,656,0.0,0.026191394680586212,0.026541794276164845,,,False,no_change,0.025537974024896007,0.027908031899625922,0.0,
held_out_drug,held_out_drug/fold4,global_mean_delta,mae,delta,full_pseudobulk,0.022102521707316653,0.007189764922393848,656.0,656,0.0,0.021552716433703226,0.022636394730887344,,,False,no_change,0.021122541492164727,0.027908031899625922,0.0,
held_out_drug,held_out_drug/fold4,global_mean_delta,mae,delta,replicate_half,0.02636304285791137,0.007610163765410519,6560.0,656,0.0,0.026174208039077614,0.026538433590988057,,,False,no_change,0.025537974024896007,0.027908031899625922,0.0,
held_out_drug,held_out_drug/fold4,global_mean_delta,pearson_r,absolute,full_pseudobulk,0.9891804030366665,0.011571657548845675,656.0,656,0.0,0.9882620995799237,0.9900278088246091,,,False,global_mean_delta,0.9891804030366665,0.9856315520039917,0.0,
held_out_drug,held_out_drug/fold4,global_mean_delta,pearson_r,absolute,replicate_half,0.985658687510741,0.01254144558965855,6560.0,656,0.0,0.9853481127415152,0.9859541130492008,,,False,global_mean_delta,0.985658687510741,0.9856315520039917,0.0,
held_out_drug,held_out_drug/fold4,global_mean_delta,pearson_r,delta,full_pseudobulk,0.1015552267422635,0.14237415355755004,656.0,656,0.0,0.09075572193961272,0.11185947254958847,0.0,0.47059514964187976,True,global_mean_delta,0.1015552267422635,0.4040958578258944,0.0,
held_out_drug,held_out_drug/fold4,global_mean_delta,pearson_r,delta,replicate_half,0.08868177885005851,0.13090668700912642,6560.0,656,0.0,0.08553204183837464,0.09189445570059092,0.0,0.4150312105096465,True,global_mean_delta,0.08868177885005851,0.4040958578258944,0.0,
held_out_drug,held_out_drug/fold4,global_mean_delta,pearson_r_de,absolute,full_pseudobulk,0.9304837790023349,0.2365773905736867,269.0,656,387.0,0.8998625576078454,0.9550836431834384,0.0,4.232645747375408,True,global_mean_delta,0.9304837790023349,0.9863772803000479,0.0,
held_out_drug,held_out_drug/fold4,global_mean_delta,pearson_r_de,absolute,replicate_half,0.9309471358912772,0.22818259494341178,2690.0,656,3870.0,0.9214087210582694,0.9399761919507347,0.0,4.116579478138731,True,global_mean_delta,0.9309471358912772,0.9863772803000479,0.0,
held_out_drug,held_out_drug/fold4,global_mean_delta,pearson_r_de,delta,full_pseudobulk,0.3135701868033756,0.5579888643625551,269.0,656,387.0,0.24766890878071107,0.3760024787720363,0.0,1.1063709772304828,True,global_mean_delta,0.3135701868033756,0.8179117465931468,0.0,
held_out_drug,held_out_drug/fold4,global_mean_delta,pearson_r_de,delta,replicate_half,0.29566971639862,0.5554613335668231,2690.0,656,3870.0,0.2763710801036457,0.31854906266153526,0.0,1.0636090192892418,True,global_mean_delta,0.29566971639862,0.8179117465931468,0.0,
held_out_drug,held_out_drug/fold4,global_mean_delta,pert_discrimination,absolute,full_pseudobulk,0.11927946378700427,0.10107562148574684,656.0,656,0.0,0.11076830431949357,0.12715980497114132,-0.0017918560144143032,1.0808418995663633,True,no_change,0.11911189722584249,0.025596257680134054,0.0,
held_out_drug,held_out_drug/fold4,global_mean_delta,pert_discrimination,absolute,replicate_half,0.12486268851238132,0.09947539110449778,6560.0,656,0.0,0.12245456502513499,0.12714966952150436,-0.0029534039391262484,1.0050646656676343,True,no_change,0.12457037795568794,0.025596257680134054,0.0,
held_out_drug,held_out_drug/fold4,global_mean_delta,pert_discrimination,delta,full_pseudobulk,0.5,0.289336138773566,656.0,656,0.0,0.47946361245578106,0.52154085598585,-0.0,0.6766398658727621,True,no_change,0.5,0.07239271085458947,0.0,
held_out_drug,held_out_drug/fold4,global_mean_delta,pert_discrimination,delta,replicate_half,0.5,0.2891375628361191,6560.0,656,0.0,0.49283064140755917,0.5067566735710296,-0.0,0.6761754773029514,True,no_change,0.5,0.07239271085458947,0.0,
held_out_drug,held_out_drug/fold4,nearest_context,direction_acc_de,absolute,full_pseudobulk,0.9968544702725228,0.014440719045826063,269.0,656,387.0,0.995048424730555,0.9982395117340672,0.0,5.774094346872723,True,global_mean_delta,0.9968544702725228,0.9993554198896082,1.0,0.0
held_out_drug,held_out_drug/fold4,nearest_context,direction_acc_de,absolute,replicate_half,0.996692110095224,0.015904626910583097,2690.0,656,3870.0,0.9960456274241665,0.9972823716338133,0.0,5.971752495379659,True,global_mean_delta,0.996692110095224,0.9993554198896082,1.0,0.0
held_out_drug,held_out_drug/fold4,nearest_context,direction_acc_de,delta,full_pseudobulk,0.6694289673662879,0.2783310116032737,269.0,656,387.0,0.6361155957477165,0.7019888156283678,0.0,0.8508857897990576,True,global_mean_delta,0.6694289673662879,0.9965363358757602,1.0,0.0
held_out_drug,held_out_drug/fold4,nearest_context,direction_acc_de,delta,replicate_half,0.6693703378676591,0.27787196075732273,2690.0,656,3870.0,0.6591783415672452,0.6802634692444343,0.0,0.849330194607944,True,global_mean_delta,0.6693703378676591,0.9965363358757602,1.0,0.0
held_out_drug,held_out_drug/fold4,nearest_context,mae,absolute,full_pseudobulk,0.022102521707316653,0.007189764922393848,656.0,656,0.0,0.021598664191408903,0.022663619202938745,,,False,no_change,0.021122541492164727,0.027908031899625922,1.0,0.0
held_out_drug,held_out_drug/fold4,nearest_context,mae,absolute,replicate_half,0.02636304285791137,0.007610163765410519,6560.0,656,0.0,0.026188762665107595,0.02653291481790663,,,False,no_change,0.025537974024896007,0.027908031899625922,1.0,0.0
held_out_drug,held_out_drug/fold4,nearest_context,mae,delta,full_pseudobulk,0.022102521707316653,0.007189764922393848,656.0,656,0.0,0.021551372702318987,0.022690610906745904,,,False,no_change,0.021122541492164727,0.027908031899625922,1.0,0.0
held_out_drug,held_out_drug/fold4,nearest_context,mae,delta,replicate_half,0.02636304285791137,0.007610163765410519,6560.0,656,0.0,0.02617779027723003,0.026539199272881158,,,False,no_change,0.025537974024896007,0.027908031899625922,1.0,0.0
held_out_drug,held_out_drug/fold4,nearest_context,pearson_r,absolute,full_pseudobulk,0.9891804030366665,0.011571657548845675,656.0,656,0.0,0.9881733004568758,0.9900347297689531,,,False,global_mean_delta,0.9891804030366665,0.9856315520039917,1.0,0.0
held_out_drug,held_out_drug/fold4,nearest_context,pearson_r,absolute,replicate_half,0.985658687510741,0.01254144558965855,6560.0,656,0.0,0.9853355369704294,0.9859665184804934,,,False,global_mean_delta,0.985658687510741,0.9856315520039917,1.0,0.0
held_out_drug,held_out_drug/fold4,nearest_context,pearson_r,delta,full_pseudobulk,0.1015552267422635,0.14237415355755004,656.0,656,0.0,0.09119827743506251,0.11303476957058009,0.0,0.47059514964187976,True,global_mean_delta,0.1015552267422635,0.4040958578258944,1.0,0.0
held_out_drug,held_out_drug/fold4,nearest_context,pearson_r,delta,replicate_half,0.08868177885005851,0.13090668700912642,6560.0,656,0.0,0.08521850709438065,0.09180154001816623,0.0,0.4150312105096465,True,global_mean_delta,0.08868177885005851,0.4040958578258944,1.0,0.0
held_out_drug,held_out_drug/fold4,nearest_context,pearson_r_de,absolute,full_pseudobulk,0.9304837790023349,0.2365773905736867,269.0,656,387.0,0.8993968170079221,0.9553031461417375,0.0,4.232645747375408,True,global_mean_delta,0.9304837790023349,0.9863772803000479,1.0,0.0
held_out_drug,held_out_drug/fold4,nearest_context,pearson_r_de,absolute,replicate_half,0.9309471358912772,0.22818259494341178,2690.0,656,3870.0,0.9219605492392553,0.9396674814767196,0.0,4.116579478138731,True,global_mean_delta,0.9309471358912772,0.9863772803000479,1.0,0.0
held_out_drug,held_out_drug/fold4,nearest_context,pearson_r_de,delta,full_pseudobulk,0.3135701868033756,0.5579888643625551,269.0,656,387.0,0.24537251206099397,0.37941515253907676,0.0,1.1063709772304828,True,global_mean_delta,0.3135701868033756,0.8179117465931468,1.0,0.0
held_out_drug,held_out_drug/fold4,nearest_context,pearson_r_de,delta,replicate_half,0.29566971639862,0.5554613335668231,2690.0,656,3870.0,0.2735380146815758,0.31642221629748074,0.0,1.0636090192892418,True,global_mean_delta,0.29566971639862,0.8179117465931468,1.0,0.0
held_out_drug,held_out_drug/fold4,nearest_context,pert_discrimination,absolute,full_pseudobulk,0.11927946378700427,0.10107562148574684,656.0,656,0.0,0.11194132843045988,0.1266694400484081,-0.0017918560144143032,1.0808418995663633,True,no_change,0.11911189722584249,0.025596257680134054,1.0,0.0
held_out_drug,held_out_drug/fold4,nearest_context,pert_discrimination,absolute,replicate_half,0.12486268851238132,0.09947539110449778,6560.0,656,0.0,0.12245341882331037,0.1272331618879166,-0.0029534039391262484,1.0050646656676343,True,no_change,0.12457037795568794,0.025596257680134054,1.0,0.0
held_out_drug,held_out_drug/fold4,nearest_context,pert_discrimination,delta,full_pseudobulk,0.5,0.289336138773566,656.0,656,0.0,0.47752827685719607,0.5230639080245765,-0.0,0.6766398658727621,True,no_change,0.5,0.07239271085458947,1.0,0.0
held_out_drug,held_out_drug/fold4,nearest_context,pert_discrimination,delta,replicate_half,0.5,0.2891375628361191,6560.0,656,0.0,0.49313668893129775,0.5067873941072426,-0.0,0.6761754773029514,True,no_change,0.5,0.07239271085458947,1.0,0.0
held_out_drug,held_out_drug/fold4,no_change,direction_acc_de,absolute,full_pseudobulk,0.9985016158190038,0.012543823831479527,269.0,656,387.0,0.9967360020874896,0.99952742450765,0.6586080484102433,5.015624363556063,True,global_mean_delta,0.9968544702725228,0.9993554198896082,0.0,
held_out_drug,held_out_drug/fold4,no_change,direction_acc_de,absolute,replicate_half,0.9985142552445014,0.011937523271988461,2690.0,656,3870.0,0.9980278657234976,0.9989237897602061,0.6841656772785484,4.482213558918137,True,global_mean_delta,0.996692110095224,0.9993554198896082,0.0,
held_out_drug,held_out_drug/fold4,no_change,direction_acc_de,delta,full_pseudobulk,0.0,0.0,269.0,656,387.0,0.0,0.0,-2.046511426559022,0.0,True,global_mean_delta,0.6694289673662879,0.9965363358757602,0.0,
held_out_drug,held_out_drug/fold4,no_change,direction_acc_de,delta,replicate_half,0.00010266474051008345,0.0038677754465303083,2690.0,656,3870.0,1.9351561958813198e-05,0.0002577418601053941,-2.045651678969943,0.011822058129752643,True,global_mean_delta,0.6693703378676591,0.9965363358757602,0.0,
held_out_drug,held_out_drug/fold4,no_change,mae,absolute,full_pseudobulk,0.021122541492164727,0.007794156481632188,656.0,656,0.0,0.02051289875413801,0.021769786005187513,,,False,no_change,0.021122541492164727,0.027908031899625922,0.0,
held_out_drug,held_out_drug/fold4,no_change,mae,absolute,replicate_half,0.025537974024896007,0.00813716062306796,6560.0,656,0.0,0.025341818800201532,0.02572206531982731,,,False,no_change,0.025537974024896007,0.027908031899625922,0.0,
held_out_drug,held_out_drug/fold4,no_change,mae,delta,full_pseudobulk,0.021122541492164727,0.007794156481632188,656.0,656,0.0,0.02054644640024799,0.021746140530835196,,,False,no_change,0.021122541492164727,0.027908031899625922,0.0,
held_out_drug,held_out_drug/fold4,no_change,mae,delta,replicate_half,0.025537974024896007,0.00813716062306796,6560.0,656,0.0,0.025337122387060772,0.025744178583442818,,,False,no_change,0.025537974024896007,0.027908031899625922,0.0,
held_out_drug,held_out_drug/fold4,no_change,pearson_r,absolute,full_pseudobulk,0.9893385427083938,0.012379365778229082,656.0,656,0.0,0.9883692005068077,0.9902465912215537,,,False,global_mean_delta,0.9891804030366665,0.9856315520039917,0.0,
held_out_drug,held_out_drug/fold4,no_change,pearson_r,absolute,replicate_half,0.9858180915970134,0.013297080374681296,6560.0,656,0.0,0.9855077337271265,0.9861165911599659,,,False,global_mean_delta,0.985658687510741,0.9856315520039917,0.0,
held_out_drug,held_out_drug/fold4,no_change,pearson_r,delta,full_pseudobulk,,,0.0,656,656.0,,,,,True,global_mean_delta,0.1015552267422635,0.4040958578258944,0.0,
held_out_drug,held_out_drug/fold4,no_change,pearson_r,delta,replicate_half,,,0.0,656,6560.0,,,,,True,global_mean_delta,0.08868177885005851,0.4040958578258944,0.0,
held_out_drug,held_out_drug/fold4,no_change,pearson_r_de,absolute,full_pseudobulk,0.9366527536092913,0.20097992898642972,269.0,656,387.0,0.9084231698870691,0.9577389860964297,0.1103701586718963,3.595765595644539,True,global_mean_delta,0.9304837790023349,0.9863772803000479,0.0,
held_out_drug,held_out_drug/fold4,no_change,pearson_r_de,absolute,replicate_half,0.9326271172533221,0.21194605889147322,2690.0,656,3870.0,0.9244397002536492,0.9402699614358653,0.030308082000578798,3.823660593926525,True,global_mean_delta,0.9309471358912772,0.9863772803000479,0.0,
held_out_drug,held_out_drug/fold4,no_change,pearson_r_de,delta,full_pseudobulk,,,0.0,656,656.0,,,,,True,global_mean_delta,0.3135701868033756,0.8179117465931468,0.0,
held_out_drug,held_out_drug/fold4,no_change,pearson_r_de,delta,replicate_half,,,0.0,656,6560.0,,,,,True,global_mean_delta,0.29566971639862,0.8179117465931468,0.0,
held_out_drug,held_out_drug/fold4,no_change,pert_discrimination,absolute,full_pseudobulk,0.11911189722584249,0.10258242202371905,656.0,656,0.0,0.11155912539564328,0.12725289750512012,-0.0,1.0969547181846409,True,no_change,0.11911189722584249,0.025596257680134054,0.0,
held_out_drug,held_out_drug/fold4,no_change,pert_discrimination,absolute,replicate_half,0.12457037795568794,0.10100321905014499,6560.0,656,0.0,0.1220310521783653,0.12719073496555577,-0.0,1.0205013064924637,True,no_change,0.12457037795568794,0.025596257680134054,0.0,
held_out_drug,held_out_drug/fold4,no_change,pert_discrimination,delta,full_pseudobulk,0.5,0.289336138773566,656.0,656,0.0,0.47773232405511074,0.5233646550921616,-0.0,0.6766398658727621,True,no_change,0.5,0.07239271085458947,0.0,
held_out_drug,held_out_drug/fold4,no_change,pert_discrimination,delta,replicate_half,0.5,0.2891375628361191,6560.0,656,0.0,0.49280111361943774,0.5071572507447404,-0.0,0.6761754773029514,True,no_change,0.5,0.07239271085458947,0.0,
held_out_drug,held_out_drug/fold4,per_drug_mean_delta,direction_acc_de,absolute,full_pseudobulk,0.9968544702725228,0.014440719045826063,269.0,656,387.0,0.9949541752080383,0.9982716239587176,0.0,5.774094346872723,True,global_mean_delta,0.9968544702725228,0.9993554198896082,1.0,0.0
held_out_drug,held_out_drug/fold4,per_drug_mean_delta,direction_acc_de,absolute,replicate_half,0.996692110095224,0.015904626910583097,2690.0,656,3870.0,0.9960257330047309,0.9972223090213966,0.0,5.971752495379659,True,global_mean_delta,0.996692110095224,0.9993554198896082,1.0,0.0
held_out_drug,held_out_drug/fold4,per_drug_mean_delta,direction_acc_de,delta,full_pseudobulk,0.6694289673662879,0.2783310116032737,269.0,656,387.0,0.6386913789424628,0.7035671312421928,0.0,0.8508857897990576,True,global_mean_delta,0.6694289673662879,0.9965363358757602,1.0,0.0
held_out_drug,held_out_drug/fold4,per_drug_mean_delta,direction_acc_de,delta,replicate_half,0.6693703378676591,0.27787196075732273,2690.0,656,3870.0,0.6592600576889196,0.6795344572859967,0.0,0.849330194607944,True,global_mean_delta,0.6693703378676591,0.9965363358757602,1.0,0.0
held_out_drug,held_out_drug/fold4,per_drug_mean_delta,mae,absolute,full_pseudobulk,0.022102521707316653,0.007189764922393848,656.0,656,0.0,0.02154013900337655,0.022660901882118074,,,False,no_change,0.021122541492164727,0.027908031899625922,1.0,0.0
held_out_drug,held_out_drug/fold4,per_drug_mean_delta,mae,absolute,replicate_half,0.02636304285791137,0.007610163765410519,6560.0,656,0.0,0.02617599783406633,0.02653949473957754,,,False,no_change,0.025537974024896007,0.027908031899625922,1.0,0.0
held_out_drug,held_out_drug/fold4,per_drug_mean_delta,mae,delta,full_pseudobulk,0.022102521707316653,0.007189764922393848,656.0,656,0.0,0.021566399317873183,0.022648549707588016,,,False,no_change,0.021122541492164727,0.027908031899625922,1.0,0.0
held_out_drug,held_out_drug/fold4,per_drug_mean_delta,mae,delta,replicate_half,0.02636304285791137,0.007610163765410519,6560.0,656,0.0,0.026190711257916246,0.026545140551506655,,,False,no_change,0.025537974024896007,0.027908031899625922,1.0,0.0
held_out_drug,held_out_drug/fold4,per_drug_mean_delta,pearson_r,absolute,full_pseudobulk,0.9891804030366665,0.011571657548845675,656.0,656,0.0,0.9882773475513043,0.9900903081222561,,,False,global_mean_delta,0.9891804030366665,0.9856315520039917,1.0,0.0
held_out_drug,held_out_drug/fold4,per_drug_mean_delta,pearson_r,absolute,replicate_half,0.985658687510741,0.01254144558965855,6560.0,656,0.0,0.9853481085441148,0.9859440505713088,,,False,global_mean_delta,0.985658687510741,0.9856315520039917,1.0,0.0
held_out_drug,held_out_drug/fold4,per_drug_mean_delta,pearson_r,delta,full_pseudobulk,0.1015552267422635,0.14237415355755004,656.0,656,0.0,0.09073189754612554,0.11102655036983645,0.0,0.47059514964187976,True,global_mean_delta,0.1015552267422635,0.4040958578258944,1.0,0.0
held_out_drug,held_out_drug/fold4,per_drug_mean_delta,pearson_r,delta,replicate_half,0.08868177885005851,0.13090668700912642,6560.0,656,0.0,0.0855749966344013,0.09185768793631015,0.0,0.4150312105096465,True,global_mean_delta,0.08868177885005851,0.4040958578258944,1.0,0.0
held_out_drug,held_out_drug/fold4,per_drug_mean_delta,pearson_r_de,absolute,full_pseudobulk,0.9304837790023349,0.2365773905736867,269.0,656,387.0,0.8988977477868939,0.9555610257475688,0.0,4.232645747375408,True,global_mean_delta,0.9304837790023349,0.9863772803000479,1.0,0.0
held_out_drug,held_out_drug/fold4,per_drug_mean_delta,pearson_r_de,absolute,replicate_half,0.9309471358912772,0.22818259494341178,2690.0,656,3870.0,0.9222833504951552,0.9390048268803617,0.0,4.116579478138731,True,global_mean_delta,0.9309471358912772,0.9863772803000479,1.0,0.0
held_out_drug,held_out_drug/fold4,per_drug_mean_delta,pearson_r_de,delta,full_pseudobulk,0.3135701868033756,0.5579888643625551,269.0,656,387.0,0.24842693566521848,0.3762352261723421,0.0,1.1063709772304828,True,global_mean_delta,0.3135701868033756,0.8179117465931468,1.0,0.0
held_out_drug,held_out_drug/fold4,per_drug_mean_delta,pearson_r_de,delta,replicate_half,0.29566971639862,0.5554613335668231,2690.0,656,3870.0,0.2741187621443277,0.3157894924653741,0.0,1.0636090192892418,True,global_mean_delta,0.29566971639862,0.8179117465931468,1.0,0.0
held_out_drug,held_out_drug/fold4,per_drug_mean_delta,pert_discrimination,absolute,full_pseudobulk,0.11927946378700427,0.10107562148574684,656.0,656,0.0,0.11180733336436417,0.1271215206665425,-0.0017918560144143032,1.0808418995663633,True,no_change,0.11911189722584249,0.025596257680134054,1.0,0.0
held_out_drug,held_out_drug/fold4,per_drug_mean_delta,pert_discrimination,absolute,replicate_half,0.12486268851238132,0.09947539110449778,6560.0,656,0.0,0.1225627443679017,0.12737559928318748,-0.0029534039391262484,1.0050646656676343,True,no_change,0.12457037795568794,0.025596257680134054,1.0,0.0
held_out_drug,held_out_drug/fold4,per_drug_mean_delta,pert_discrimination,delta,full_pseudobulk,0.5,0.289336138773566,656.0,656,0.0,0.47701306786445724,0.5219391174827779,-0.0,0.6766398658727621,True,no_change,0.5,0.07239271085458947,1.0,0.0
held_out_drug,held_out_drug/fold4,per_drug_mean_delta,pert_discrimination,delta,replicate_half,0.5,0.2891375628361191,6560.0,656,0.0,0.4931616260938373,0.5071292473468628,-0.0,0.6761754773029514,True,no_change,0.5,0.07239271085458947,1.0,0.0
held_out_drug,held_out_drug/fold4,ridge_no_drug,direction_acc_de,absolute,full_pseudobulk,0.9998144082499595,0.001230609575226275,269.0,656,387.0,0.999658129722176,0.9999288893053861,1.183525632510026,0.49205692382577665,True,global_mean_delta,0.9968544702725228,0.9993554198896082,0.0,
held_out_drug,held_out_drug/fold4,ridge_no_drug,direction_acc_de,absolute,replicate_half,0.9996237685532023,0.004163945953715478,2690.0,656,3870.0,0.9994436456042971,0.999744066727417,1.100757585227218,1.5634478431669665,True,global_mean_delta,0.996692110095224,0.9993554198896082,0.0,
held_out_drug,held_out_drug/fold4,ridge_no_drug,direction_acc_de,delta,full_pseudobulk,0.810349794117349,0.193195551234012,269.0,656,387.0,0.7854007512247451,0.8334075453150547,0.4308090869159994,0.5906181573174114,True,global_mean_delta,0.6694289673662879,0.9965363358757602,0.0,
held_out_drug,held_out_drug/fold4,ridge_no_drug,direction_acc_de,delta,replicate_half,0.809749172029874,0.1930605854840019,2690.0,656,3870.0,0.8024261239920063,0.8167818078551112,0.4290752554265706,0.5900997862229603,True,global_mean_delta,0.6693703378676591,0.9965363358757602,0.0,
held_out_drug,held_out_drug/fold4,ridge_no_drug,mae,absolute,full_pseudobulk,0.020303912835050873,0.007299585419468615,656.0,656,0.0,0.019737931871528034,0.020915065768172893,,,False,no_change,0.021122541492164727,0.027908031899625922,0.0,
held_out_drug,held_out_drug/fold4,ridge_no_drug,mae,absolute,replicate_half,0.02497005078323422,0.0075432739768574635,6560.0,656,0.0,0.024794488848996026,0.025150356340449914,,,False,no_change,0.025537974024896007,0.027908031899625922,0.0,
held_out_drug,held_out_drug/fold4,ridge_no_drug,mae,delta,full_pseudobulk,0.020303912835050873,0.007299585419468615,656.0,656,0.0,0.019748158548978424,0.02084506445291461,,,False,no_change,0.021122541492164727,0.027908031899625922,0.0,
held_out_drug,held_out_drug/fold4,ridge_no_drug,mae,delta,replicate_half,0.02497005078323422,0.0075432739768574635,6560.0,656,0.0,0.024784424313975154,0.0251471620052598,,,False,no_change,0.025537974024896007,0.027908031899625922,0.0,
held_out_drug,held_out_drug/fold4,ridge_no_drug,pearson_r,absolute,full_pseudobulk,0.9900918173326724,0.01049758036548053,656.0,656,0.0,0.9892683238157342,0.9908669558674404,,,False,global_mean_delta,0.9891804030366665,0.9856315520039917,0.0,
held_out_drug,held_out_drug/fold4,ridge_no_drug,pearson_r,absolute,replicate_half,0.9865760477323747,0.01140283954207217,6560.0,656,0.0,0.9862942955605373,0.9868486357933658,,,False,global_mean_delta,0.985658687510741,0.9856315520039917,0.0,
held_out_drug,held_out_drug/fold4,ridge_no_drug,pearson_r,delta,full_pseudobulk,0.4194427448922502,0.14892877268890842,656.0,656,0.0,0.40856031379428454,0.4305071838564302,1.050726697473284,0.4922604020341989,True,global_mean_delta,0.1015552267422635,0.4040958578258944,0.0,
held_out_drug,held_out_drug/fold4,ridge_no_drug,pearson_r,delta,replicate_half,0.35162580760994155,0.13225528326948408,6560.0,656,0.0,0.3486321893682635,0.35463612006348627,0.833647088974831,0.419306847997791,True,global_mean_delta,0.08868177885005851,0.4040958578258944,0.0,
held_out_drug,held_out_drug/fold4,ridge_no_drug,pearson_r_de,absolute,full_pseudobulk,0.9431649877054301,0.20678015345968376,269.0,656,387.0,0.915978383262702,0.9642840830973288,0.2268816303983103,3.699538383868335,True,global_mean_delta,0.9304837790023349,0.9863772803000479,0.0,
held_out_drug,held_out_drug/fold4,ridge_no_drug,pearson_r_de,absolute,replicate_half,0.9436879103359443,0.1967207139247349,2690.0,656,3870.0,0.9364948357772294,0.9509429322668422,0.22985280988463702,3.548984330151011,True,global_mean_delta,0.9309471358912772,0.9863772803000479,0.0,
held_out_drug,held_out_drug/fold4,ridge_no_drug,pearson_r_de,delta,full_pseudobulk,0.5327193244683192,0.45629015265411726,269.0,656,387.0,0.4807433391623774,0.5816467953327288,0.43452524070452037,0.9047244745095298,True,global_mean_delta,0.3135701868033756,0.8179117465931468,0.0,
held_out_drug,held_out_drug/fold4,ridge_no_drug,pearson_r_de,delta,replicate_half,0.5144969757833291,0.4552108920658005,2690.0,656,3870.0,0.4977742603670015,0.5315924724484741,0.41901502891906167,0.8716473698913927,True,global_mean_delta,0.29566971639862,0.8179117465931468,0.0,
held_out_drug,held_out_drug/fold4,ridge_no_drug,pert_discrimination,absolute,full_pseudobulk,0.1116784583876373,0.09934492010219825,656.0,656,0.0,0.10394107242599145,0.11979752373859616,0.07948872375055384,1.0623348199809999,True,no_change,0.11911189722584249,0.025596257680134054,0.0,
held_out_drug,held_out_drug/fold4,ridge_no_drug,pert_discrimination,absolute,replicate_half,0.11895550176875816,0.09778849370308589,6560.0,656,0.0,0.1167534269689071,0.12138513544963694,0.05673075114279776,0.9880208425276518,True,no_change,0.12457037795568794,0.025596257680134054,0.0,
held_out_drug,held_out_drug/fold4,ridge_no_drug,pert_discrimination,delta,full_pseudobulk,0.2130911375907652,0.2962604650955493,656.0,656,0.0,0.19129590625581827,0.2353910468255446,0.6709634510268361,0.6928330564421321,True,no_change,0.5,0.07239271085458947,0.0,
held_out_drug,held_out_drug/fold4,ridge_no_drug,pert_discrimination,delta,replicate_half,0.2866793893129771,0.2681482959673095,6560.0,656,0.0,0.28009388963880094,0.2937484988828896,0.4988703796732565,0.627090095922392,True,no_change,0.5,0.07239271085458947,0.0,
random,random/holdout,ceiling,direction_acc_de,absolute,full_pseudobulk,0.9962948269597006,0.01914760445146512,2360.0,485,2490.0,0.9954570175509384,0.9969644733332758,1.0,49.39875682144801,True,global_mean_delta,0.9959072138762242,0.9962948269597006,,
random,random/holdout,ceiling,direction_acc_de,absolute,replicate_half,0.9962948269597006,0.01914760445146512,2360.0,485,2490.0,0.9954672845071247,0.9969773362262956,1.0,13.661220232909908,True,global_mean_delta,0.9948932241654393,0.9962948269597006,,
random,random/holdout,ceiling,direction_acc_de,delta,full_pseudobulk,0.9932538260438298,0.023764921557494927,2360.0,485,2490.0,0.9922402206305101,0.9941243552872022,1.0,0.0824298687917912,True,global_mean_delta,0.7049490900806742,0.9932538260438298,,
random,random/holdout,ceiling,direction_acc_de,delta,replicate_half,0.9932538260438298,0.023764921557494927,2360.0,485,2490.0,0.9922998304089402,0.9941688904085765,1.0,0.08235403826294149,True,global_mean_delta,0.7046836228241912,0.9932538260438298,,
random,random/holdout,ceiling,mae,absolute,full_pseudobulk,0.02860690633099316,0.008232712543181418,4850.0,485,0.0,0.028372194873894772,0.028818282099632588,,,False,no_change,0.025535550737424872,0.02860690633099316,,
random,random/holdout,ceiling,mae,absolute,replicate_half,0.02860690633099316,0.008232712543181418,4850.0,485,0.0,0.028375265425678458,0.028823970974821443,1.0,6.9397974995590355,True,no_change,0.029793210764761515,0.02860690633099316,,
random,random/holdout,ceiling,mae,delta,full_pseudobulk,0.02860690633099316,0.008232712543181418,4850.0,485,0.0,0.028372321059138374,0.02884019836857718,,,False,no_change,0.025535550737424872,0.02860690633099316,,
random,random/holdout,ceiling,mae,delta,replicate_half,0.02860690633099316,0.008232712543181418,4850.0,485,0.0,0.028392261632027262,0.028849306516968952,1.0,6.9397974995590355,True,no_change,0.029793210764761515,0.02860690633099316,,
random,random/holdout,ceiling,pearson_r,absolute,full_pseudobulk,0.984692467684398,0.010563687809128506,4850.0,485,0.0,0.9843895391823201,0.9849790691481555,1.0,2.6809906776222494,True,global_mean_delta,0.9807522496533165,0.984692467684398,,
random,random/holdout,ceiling,pearson_r,absolute,replicate_half,0.984692467684398,0.010563687809128506,4850.0,485,0.0,0.98438553214289,0.9849723749621613,1.0,1.3736926232856135,True,global_mean_delta,0.9770024738458476,0.984692467684398,,
random,random/holdout,ceiling,pearson_r,delta,full_pseudobulk,0.45318889596812933,0.2275794624875108,4850.0,485,0.0,0.44651500842723435,0.45977637892724454,1.0,0.7634835688144517,True,global_mean_delta,0.15510852884130372,0.45318889596812933,,
random,random/holdout,ceiling,pearson_r,delta,replicate_half,0.45318889596812933,0.2275794624875108,4850.0,485,0.0,0.44686919394505664,0.4591562375149411,1.0,0.7239579069837674,True,global_mean_delta,0.1388343453897991,0.45318889596812933,,
random,random/holdout,ceiling,pearson_r_de,absolute,full_pseudobulk,0.9867761493051196,0.062195960796403854,2360.0,485,2490.0,0.98412582831004,0.9890163766378384,1.0,0.9383387296536609,True,global_mean_delta,0.9204930909266593,0.9867761493051196,,
random,random/holdout,ceiling,pearson_r_de,absolute,replicate_half,0.9867761493051196,0.062195960796403854,2360.0,485,2490.0,0.983756692186473,0.9888324702609167,1.0,0.8769659227737523,True,global_mean_delta,0.9158543960405406,0.9867761493051196,,
random,random/holdout,ceiling,pearson_r_de,delta,full_pseudobulk,0.808579468378272,0.378993950732317,2360.0,485,2490.0,0.7924716228419805,0.8226096647558245,1.0,0.9087849116943514,True,global_mean_delta,0.3915457502174859,0.808579468378272,,
random,random/holdout,ceiling,pearson_r_de,delta,replicate_half,0.808579468378272,0.378993950732317,2360.0,485,2490.0,0.7919374993732077,0.8234471053130278,1.0,0.9138385218110132,True,global_mean_delta,0.3938519845978333,0.808579468378272,,
random,random/holdout,ceiling,pert_discrimination,absolute,full_pseudobulk,0.019231064156087586,0.03692066228601501,4850.0,485,0.0,0.018214556530629634,0.020207570077532593,1.0,0.344935912831052,True,no_change,0.1262673596319332,0.019231064156087586,,
random,random/holdout,ceiling,pert_discrimination,absolute,replicate_half,0.019231064156087586,0.03692066228601501,4850.0,485,0.0,0.0181745335264548,0.020225994717559852,1.0,0.3332047790690289,True,no_change,0.13003578427196047,0.019231064156087586,,
random,random/holdout,ceiling,pert_discrimination,delta,full_pseudobulk,0.057766465025134196,0.09208864848047543,4850.0,485,0.0,0.05526167248871093,0.060491043281928954,1.0,0.2082353353996758,True,no_change,0.49999999999999994,0.057766465025134196,,
random,random/holdout,ceiling,pert_discrimination,delta,replicate_half,0.057766465025134196,0.09208864848047543,4850.0,485,0.0,0.05523654894777201,0.06032739413819544,1.0,0.20823533539967579,True,no_change,0.5,0.057766465025134196,,
random,random/holdout,global_mean_delta,direction_acc_de,absolute,full_pseudobulk,0.9959072138762242,0.010006361571297563,236.0,485,249.0,0.9944713745189439,0.9970861771232341,0.0,25.81533492510538,True,global_mean_delta,0.9959072138762242,0.9962948269597006,0.0,
random,random/holdout,global_mean_delta,direction_acc_de,absolute,replicate_half,0.9948932241654393,0.013094427669979952,2360.0,485,2490.0,0.9943802786803851,0.9954240925837643,0.0,9.342466869782116,True,global_mean_delta,0.9948932241654393,0.9962948269597006,0.0,
random,random/holdout,global_mean_delta,direction_acc_de,delta,full_pseudobulk,0.7049490900806742,0.2337906001728556,236.0,485,249.0,0.6756499847836158,0.7331428820993346,0.0,0.8109148793266208,True,global_mean_delta,0.7049490900806742,0.9932538260438298,0.0,
random,random/holdout,global_mean_delta,direction_acc_de,delta,replicate_half,0.7046836228241912,0.23336654310939514,2360.0,485,2490.0,0.6950316672671389,0.7135958159204531,0.0,0.8086993754229486,True,global_mean_delta,0.7046836228241912,0.9932538260438298,0.0,
random,random/holdout,global_mean_delta,mae,absolute,full_pseudobulk,0.025821426169478547,0.015663599960735325,485.0,485,0.0,0.02450959526826473,0.027299199518814078,,,False,no_change,0.025535550737424872,0.02860690633099316,0.0,
random,random/holdout,global_mean_delta,mae,absolute,replicate_half,0.03000091125151445,0.015604202654122106,4850.0,485,0.0,0.02957892488213022,0.0304263791989185,-0.17508194426380422,13.153624154092215,True,no_change,0.029793210764761515,0.02860690633099316,0.0,
random,random/holdout,global_mean_delta,mae,delta,full_pseudobulk,0.025821426169478547,0.015663599960735325,485.0,485,0.0,0.02444247522704368,0.027275196860117038,,,False,no_change,0.025535550737424872,0.02860690633099316,0.0,
random,random/holdout,global_mean_delta,mae,delta,replicate_half,0.03000091125151445,0.015604202654122106,4850.0,485,0.0,0.02956001026827301,0.030446071635682304,-0.17508194426380422,13.153624154092215,True,no_change,0.029793210764761515,0.02860690633099316,0.0,
random,random/holdout,global_mean_delta,pearson_r,absolute,full_pseudobulk,0.9807522496533165,0.03645189238606067,485.0,485,0.0,0.9775050281541379,0.9838716231538082,0.0,9.25123739308806,True,global_mean_delta,0.9807522496533165,0.984692467684398,0.0,
random,random/holdout,global_mean_delta,pearson_r,absolute,replicate_half,0.9770024738458476,0.03727469108139224,4850.0,485,0.0,0.9760691443671926,0.9779909405118398,0.0,4.847167873468503,True,global_mean_delta,0.9770024738458476,0.984692467684398,0.0,
random,random/holdout,global_mean_delta,pearson_r,delta,full_pseudobulk,0.15510852884130372,0.16649568271993162,485.0,485,0.0,0.1402701631441043,0.16979327614359124,0.0,0.5585597076545868,True,global_mean_delta,0.15510852884130372,0.45318889596812933,0.0,
random,random/holdout,global_mean_delta,pearson_r,delta,replicate_half,0.1388343453897991,0.15810509704674117,4850.0,485,0.0,0.13417888054916602,0.14329066723306907,0.0,0.5029515136837341,True,global_mean_delta,0.1388343453897991,0.45318889596812933,0.0,
random,random/holdout,global_mean_delta,pearson_r_de,absolute,full_pseudobulk,0.9204930909266593,0.17661805372415534,236.0,485,249.0,0.8945372985943792,0.9411707087046423,0.0,2.6646032643169373,True,global_mean_delta,0.9204930909266593,0.9867761493051196,0.0,
random,random/holdout,global_mean_delta,pearson_r_de,absolute,replicate_half,0.9158543960405406,0.18682636667630587,2360.0,485,2490.0,0.9077658899749088,0.9229172181246643,0.0,2.6342604077952787,True,global_mean_delta,0.9158543960405406,0.9867761493051196,0.0,
random,random/holdout,global_mean_delta,pearson_r_de,delta,full_pseudobulk,0.3915457502174859,0.49192533547552103,236.0,485,249.0,0.3310835321442143,0.4500438190852511,0.0,1.1795816838144983,True,global_mean_delta,0.3915457502174859,0.808579468378272,0.0,
random,random/holdout,global_mean_delta,pearson_r_de,delta,replicate_half,0.3938519845978333,0.47436404715892777,2360.0,485,2490.0,0.37357936585546764,0.41242650934698155,0.0,1.1437969888922561,True,global_mean_delta,0.3938519845978333,0.808579468378272,0.0,
random,random/holdout,global_mean_delta,pert_discrimination,absolute,full_pseudobulk,0.12500213001618812,0.1048982196954236,485.0,485,0.0,0.11562888727954333,0.13428910709721392,0.011820566193180622,0.9800247591630774,True,no_change,0.1262673596319332,0.019231064156087586,0.0,
random,random/holdout,global_mean_delta,pert_discrimination,absolute,replicate_half,0.12909900315242395,0.10351545308965128,4850.0,485,0.0,0.12593108332623332,0.13199767828235492,0.008454343087161703,0.9342151939141317,True,no_change,0.13003578427196047,0.019231064156087586,0.0,
random,random/holdout,global_mean_delta,pert_discrimination,delta,full_pseudobulk,0.5,0.2895696353751589,485.0,485,0.0,0.4743410794922041,0.5246482278265315,-1.255245177967175e-16,0.6547889575846313,True,no_change,0.49999999999999994,0.057766465025134196,0.0,
random,random/holdout,global_mean_delta,pert_discrimination,delta,replicate_half,0.5,0.28930078230038936,4850.0,485,0.0,0.49170054102411176,0.5078521875266251,-0.0,0.6541810139225007,True,no_change,0.5,0.057766465025134196,0.0,
random,random/holdout,nearest_context,direction_acc_de,absolute,full_pseudobulk,0.9780112885146005,0.07104631676937996,236.0,485,249.0,0.9678149756432846,0.9851198730155045,-46.169559605979174,183.29184384637838,True,global_mean_delta,0.9959072138762242,0.9962948269597006,0.0,0.04329896907216495
random,random/holdout,nearest_context,direction_acc_de,absolute,replicate_half,0.977277878555941,0.0715107387648903,2360.0,485,2490.0,0.9739901802576985,0.97992261449143,-12.56800120663484,51.02068792790958,True,global_mean_delta,0.9948932241654393,0.9962948269597006,0.0,0.04329896907216495
random,random/holdout,nearest_context,direction_acc_de,delta,full_pseudobulk,0.6716607981443209,0.20589275709984875,236.0,485,249.0,0.645625983339816,0.6985770360873174,-0.11546217520550002,0.7141497568952913,True,global_mean_delta,0.7049490900806742,0.9932538260438298,0.0,0.04329896907216495
random,random/holdout,nearest_context,direction_acc_de,delta,replicate_half,0.6711410128490343,0.205449580469771,2360.0,485,2490.0,0.6631089688611189,0.6788292595717899,-0.11623726081527103,0.711957014887631,True,global_mean_delta,0.7046836228241912,0.9932538260438298,0.0,0.04329896907216495
random,random/holdout,nearest_context,mae,absolute,full_pseudobulk,0.03490719360714873,0.01764469285037591,485.0,485,0.0,0.033483181985483675,0.036453004189099844,,,False,no_change,0.025535550737424872,0.02860690633099316,0.0,0.04329896907216495
random,random/holdout,nearest_context,mae,absolute,replicate_half,0.03832522788364604,0.01756674041590911,4850.0,485,0.0,0.03786880642693669,0.03883001465058503,-7.192097471794958,14.807953098605141,True,no_change,0.029793210764761515,0.02860690633099316,0.0,0.04329896907216495
random,random/holdout,nearest_context,mae,delta,full_pseudobulk,0.03490719360714873,0.01764469285037591,485.0,485,0.0,0.03344260852608738,0.03645067609579939,,,False,no_change,0.025535550737424872,0.02860690633099316,0.0,0.04329896907216495
random,random/holdout,nearest_context,mae,delta,replicate_half,0.03832522788364604,0.01756674041590911,4850.0,485,0.0,0.037861322851548924,0.038827150004621606,-7.192097471794958,14.807953098605141,True,no_change,0.029793210764761515,0.02860690633099316,0.0,0.04329896907216495
random,random/holdout,nearest_context,pearson_r,absolute,full_pseudobulk,0.9739211604868593,0.034673878616432105,485.0,485,0.0,0.9706188870947957,0.9768192103903667,-1.7336830379871973,8.799989833789786,True,global_mean_delta,0.9807522496533165,0.984692467684398,0.0,0.04329896907216495
random,random/holdout,nearest_context,pearson_r,absolute,replicate_half,0.9702163643496811,0.03564218975147025,4850.0,485,0.0,0.9691743045149661,0.971319758745144,-0.8824596792454321,4.634878843828692,True,global_mean_delta,0.9770024738458476,0.984692467684398,0.0,0.04329896907216495
random,random/holdout,nearest_context,pearson_r,delta,full_pseudobulk,0.11989703446750653,0.1636227232781358,485.0,485,0.0,0.10486017694265563,0.13453365689569835,-0.11812751947804596,0.5489215034699635,True,global_mean_delta,0.15510852884130372,0.45318889596812933,0.0,0.04329896907216495
random,random/holdout,nearest_context,pearson_r,delta,replicate_half,0.10853692990429699,0.153416339528353,4850.0,485,0.0,0.10442727139655415,0.11289957486191664,-0.09637975791908465,0.4880360066240716,True,global_mean_delta,0.1388343453897991,0.45318889596812933,0.0,0.04329896907216495
random,random/holdout,nearest_context,pearson_r_de,absolute,full_pseudobulk,0.9192977316906376,0.20491323575026105,236.0,485,249.0,0.8907310740469367,0.9421826490141587,-0.018034159335203755,3.0914873387443276,True,global_mean_delta,0.9204930909266593,0.9867761493051196,0.0,0.04329896907216495
random,random/holdout,nearest_context,pearson_r_de,absolute,replicate_half,0.9180730485639482,0.19864138477507365,2360.0,485,2490.0,0.9093059557107039,0.9259421298831684,0.031283103156386056,2.8008527092389692,True,global_mean_delta,0.9158543960405406,0.9867761493051196,0.0,0.04329896907216495
random,random/holdout,nearest_context,pearson_r_de,delta,full_pseudobulk,0.3290048140350828,0.4513348578093717,236.0,485,249.0,0.2700872775450297,0.3865972024834299,-0.1499661381296047,1.0822502789459363,True,global_mean_delta,0.3915457502174859,0.808579468378272,0.0,0.04329896907216495
random,random/holdout,nearest_context,pearson_r_de,delta,replicate_half,0.34250571931933066,0.43574822475095276,2360.0,485,2490.0,0.3253904175276094,0.3607947950823071,-0.12380724038459422,1.0506856714170472,True,global_mean_delta,0.3938519845978333,0.808579468378272,0.0,0.04329896907216495
random,random/holdout,nearest_context,pert_discrimination,absolute,full_pseudobulk,0.09241288233790577,0.0945447509607469,485.0,485,0.0,0.08369131805401721,0.10072484450881826,0.316289695411471,0.8832961804258479,True,no_change,0.1262673596319332,0.019231064156087586,0.0,0.04329896907216495
random,random/holdout,nearest_context,pert_discrimination,absolute,replicate_half,0.0986252875521854,0.09412365604438899,4850.0,485,0.0,0.09602743460850302,0.10121029649825339,0.2834761613668431,0.8494552934745032,True,no_change,0.13003578427196047,0.019231064156087586,0.0,0.04329896907216495
random,random/holdout,nearest_context,pert_discrimination,delta,full_pseudobulk,0.3918249978699838,0.2841789155698875,485.0,485,0.0,0.36596031779841526,0.41851548521768767,0.2446105814570671,0.6425991995067465,True,no_change,0.49999999999999994,0.057766465025134196,0.0,0.04329896907216495
random,random/holdout,nearest_context,pert_discrimination,delta,replicate_half,0.4074035102666781,0.28284251720630077,4850.0,485,0.0,0.3990317904916077,0.41535814092187096,0.20938369076552416,0.6395772704627116,True,no_change,0.5,0.057766465025134196,0.0,0.04329896907216495
random,random/holdout,no_change,direction_acc_de,absolute,full_pseudobulk,0.9953190464737232,0.03317876815382916,236.0,485,249.0,0.9908726363734214,0.9981138524618013,-1.5174085384987523,85.59764767549288,True,global_mean_delta,0.9959072138762242,0.9962948269597006,0.0,
random,random/holdout,no_change,direction_acc_de,absolute,replicate_half,0.9944586921971764,0.03400452499130127,2360.0,485,2490.0,0.9930569382325499,0.995752482596321,-0.31002504421515154,24.261170946954152,True,global_mean_delta,0.9948932241654393,0.9962948269597006,0.0,
random,random/holdout,no_change,direction_acc_de,delta,full_pseudobulk,0.0,0.0,236.0,485,249.0,0.0,0.0,-2.4451526532355135,0.0,True,global_mean_delta,0.7049490900806742,0.9932538260438298,0.0,
random,random/holdout,no_change,direction_acc_de,delta,replicate_half,0.00014687529608372,0.0011922433413414633,2360.0,485,2490.0,0.00010051118064215431,0.00020247757069431343,-2.4414743437383426,0.00413155387506871,True,global_mean_delta,0.7046836228241912,0.9932538260438298,0.0,
random,random/holdout,no_change,mae,absolute,full_pseudobulk,0.025535550737424872,0.016453114572668084,485.0,485,0.0,0.02413143745509344,0.026923265851117074,,,False,no_change,0.025535550737424872,0.02860690633099316,0.0,
random,random/holdout,no_change,mae,absolute,replicate_half,0.029793210764761515,0.016329877327211806,4850.0,485,0.0,0.029355426632157223,0.030249510250754424,-0.0,13.765334481081856,True,no_change,0.029793210764761515,0.02860690633099316,0.0,
random,random/holdout,no_change,mae,delta,full_pseudobulk,0.025535550737424872,0.016453114572668084,485.0,485,0.0,0.024169569189950314,0.027027950372443245,,,False,no_change,0.025535550737424872,0.02860690633099316,0.0,
random,random/holdout,no_change,mae,delta,replicate_half,0.029793210764761515,0.016329877327211806,4850.0,485,0.0,0.02933537392280496,0.0302946746675347,-0.0,13.765334481081856,True,no_change,0.029793210764761515,0.02860690633099316,0.0,
random,random/holdout,no_change,pearson_r,absolute,full_pseudobulk,0.980065185237094,0.03855480869835114,485.0,485,0.0,0.9762886053072058,0.9833165784725711,-0.1743721821490152,9.784942963617944,True,global_mean_delta,0.9807522496533165,0.984692467684398,0.0,
random,random/holdout,no_change,pearson_r,absolute,replicate_half,0.976319244321388,0.039352259284534,4850.0,485,0.0,0.9752618817751749,0.9772912023331024,-0.08884656331381946,5.1173330058157855,True,global_mean_delta,0.9770024738458476,0.984692467684398,0.0,
random,random/holdout,no_change,pearson_r,delta,full_pseudobulk,,,0.0,485,485.0,,,,,True,global_mean_delta,0.15510852884130372,0.45318889596812933,0.0,
random,random/holdout,no_change,pearson_r,delta,replicate_half,,,0.0,485,4850.0,,,,,True,global_mean_delta,0.1388343453897991,0.45318889596812933,0.0,
random,random/holdout,no_change,pearson_r_de,absolute,full_pseudobulk,0.9156538081053199,0.18070200956661445,236.0,485,249.0,0.8913138122933864,0.9367728945606073,-0.07300934718051555,2.7262171358305403,True,global_mean_delta,0.9204930909266593,0.9867761493051196,0.0,
random,random/holdout,no_change,pearson_r_de,absolute,replicate_half,0.9110511367853152,0.19068697997158987,2360.0,485,2490.0,0.9039590074162964,0.9183610127378002,-0.06772617757074448,2.6886952337489136,True,global_mean_delta,0.9158543960405406,0.9867761493051196,0.0,
random,random/holdout,no_change,pearson_r_de,delta,full_pseudobulk,,,0.0,485,485.0,,,,,True,global_mean_delta,0.3915457502174859,0.808579468378272,0.0,
random,random/holdout,no_change,pearson_r_de,delta,replicate_half,,,0.0,485,4850.0,,,,,True,global_mean_delta,0.3938519845978333,0.808579468378272,0.0,
random,random/holdout,no_change,pert_discrimination,absolute,full_pseudobulk,0.1262673596319332,0.10588128755961732,485.0,485,0.0,0.11699550566584307,0.13586840759989777,-0.0,0.9892091938431394,True,no_change,0.1262673596319332,0.019231064156087586,0.0,
random,random/holdout,no_change,pert_discrimination,absolute,replicate_half,0.13003578427196047,0.10421519779196549,4850.0,485,0.0,0.12710578725398314,0.13280514611911048,-0.0,0.9405303102880773,True,no_change,0.13003578427196047,0.019231064156087586,0.0,
random,random/holdout,no_change,pert_discrimination,delta,full_pseudobulk,0.49999999999999994,0.28956963537515895,485.0,485,0.0,0.47392253131123796,0.5265418122177729,-0.0,0.6547889575846314,True,no_change,0.49999999999999994,0.057766465025134196,0.0,
random,random/holdout,no_change,pert_discrimination,delta,replicate_half,0.5,0.2893007823003893,4850.0,485,0.0,0.491459114339269,0.5078928495356565,-0.0,0.6541810139225005,True,no_change,0.5,0.057766465025134196,0.0,
random,random/holdout,per_drug_mean_delta,direction_acc_de,absolute,full_pseudobulk,0.9807281951693456,0.04460207575172824,236.0,485,249.0,0.9743919020596655,0.9858185026443738,-39.160233113752724,115.06855070963393,True,global_mean_delta,0.9959072138762242,0.9962948269597006,0.0,0.04329896907216495
random,random/holdout,per_drug_mean_delta,direction_acc_de,absolute,replicate_half,0.9799987296372632,0.04561816029135907,2360.0,485,2490.0,0.9781987037234116,0.9818054466624666,-10.626758586070356,32.54713851751603,True,global_mean_delta,0.9948932241654393,0.9962948269597006,0.0,0.04329896907216495
random,random/holdout,per_drug_mean_delta,direction_acc_de,delta,full_pseudobulk,0.6866446460359658,0.189736068787216,236.0,485,249.0,0.6615372048869176,0.7091780947946903,-0.0634899179979051,0.6581094415717944,True,global_mean_delta,0.7049490900806742,0.9932538260438298,0.0,0.04329896907216495
random,random/holdout,per_drug_mean_delta,direction_acc_de,delta,replicate_half,0.6860480087550282,0.18926135454022094,2360.0,485,2490.0,0.6784064308101924,0.6936403477595444,-0.06457913485606429,0.6558589640530867,True,global_mean_delta,0.7046836228241912,0.9932538260438298,0.0,0.04329896907216495
random,random/holdout,per_drug_mean_delta,mae,absolute,full_pseudobulk,0.032801531017062166,0.017217474456148085,485.0,485,0.0,0.031273672107704736,0.03423023851453788,,,False,no_change,0.025535550737424872,0.02860690633099316,0.0,0.04329896907216495
random,random/holdout,per_drug_mean_delta,mae,absolute,replicate_half,0.03636794846756356,0.01711091937036929,4850.0,485,0.0,0.03586866420402529,0.03683389615381055,-5.542201070527127,14.423716950981648,True,no_change,0.029793210764761515,0.02860690633099316,0.0,0.04329896907216495
random,random/holdout,per_drug_mean_delta,mae,delta,full_pseudobulk,0.032801531017062166,0.017217474456148085,485.0,485,0.0,0.03132652185318034,0.034383340242923166,,,False,no_change,0.025535550737424872,0.02860690633099316,0.0,0.04329896907216495
random,random/holdout,per_drug_mean_delta,mae,delta,replicate_half,0.03636794846756356,0.01711091937036929,4850.0,485,0.0,0.03590947525218176,0.03682224858993105,-5.542201070527127,14.423716950981648,True,no_change,0.029793210764761515,0.02860690633099316,0.0,0.04329896907216495
random,random/holdout,per_drug_mean_delta,pearson_r,absolute,full_pseudobulk,0.9770180144629236,0.0324736489263309,485.0,485,0.0,0.9740510193381747,0.9798497679017132,-0.9477229840928431,8.241586803108433,True,global_mean_delta,0.9807522496533165,0.984692467684398,0.0,0.04329896907216495
random,random/holdout,per_drug_mean_delta,pearson_r,absolute,replicate_half,0.9732975552816606,0.03343461108404273,4850.0,485,0.0,0.9723663131278558,0.9742536240872949,-0.48178433454835773,4.347807265648642,True,global_mean_delta,0.9770024738458476,0.984692467684398,0.0,0.04329896907216495
random,random/holdout,per_drug_mean_delta,pearson_r,delta,full_pseudobulk,0.11707825071798236,0.15503278441811813,485.0,485,0.0,0.10381152395439494,0.1305527500699807,-0.12758397505307834,0.520103977032998,True,global_mean_delta,0.15510852884130372,0.45318889596812933,0.0,0.04329896907216495
random,random/holdout,per_drug_mean_delta,pearson_r,delta,replicate_half,0.10603624457053029,0.14594345861522837,4850.0,485,0.0,0.1021600009614875,0.11005152412832542,-0.10433474164420041,0.4642638649471768,True,global_mean_delta,0.1388343453897991,0.45318889596812933,0.0,0.04329896907216495
random,random/holdout,per_drug_mean_delta,pearson_r_de,absolute,full_pseudobulk,0.9204605015626304,0.20779183054455927,236.0,485,249.0,0.8917531077033461,0.9427084733427012,-0.0004916695883715565,3.1349161554694422,True,global_mean_delta,0.9204930909266593,0.9867761493051196,0.0,0.04329896907216495
random,random/holdout,per_drug_mean_delta,pearson_r_de,absolute,replicate_half,0.9192023097063377,0.20143463310770804,2360.0,485,2490.0,0.9109488945849394,0.927232700462779,0.047205737473908244,2.840237639871098,True,global_mean_delta,0.9158543960405406,0.9867761493051196,0.0,0.04329896907216495
random,random/holdout,per_drug_mean_delta,pearson_r_de,delta,full_pseudobulk,0.3451583738531113,0.44557251656723146,236.0,485,249.0,0.28498034821312024,0.40193452064865576,-0.11123171663181933,1.0684328320796408,True,global_mean_delta,0.3915457502174859,0.808579468378272,0.0,0.04329896907216495
random,random/holdout,per_drug_mean_delta,pearson_r_de,delta,replicate_half,0.3468809754549731,0.43527729373084756,2360.0,485,2490.0,0.3281438209451715,0.3646052226177801,-0.11325752688174195,1.049550152218241,True,global_mean_delta,0.3938519845978333,0.808579468378272,0.0,0.04329896907216495
random,random/holdout,per_drug_mean_delta,pert_discrimination,absolute,full_pseudobulk,0.10262417994376759,0.09791584260108778,485.0,485,0.0,0.09325594274516485,0.11195418335179347,0.2208893682564066,0.9147910264064024,True,no_change,0.1262673596319332,0.019231064156087586,0.0,0.04329896907216495
random,random/holdout,per_drug_mean_delta,pert_discrimination,absolute,replicate_half,0.10870537616085883,0.09714064536350187,4850.0,485,0.0,0.10575530374030842,0.11138848300247083,0.1925045078295905,0.876683279032861,True,no_change,0.13003578427196047,0.019231064156087586,0.0,0.04329896907216495
random,random/holdout,per_drug_mean_delta,pert_discrimination,delta,full_pseudobulk,0.4433415693959274,0.2868437043392795,485.0,485,0.0,0.41616117832495525,0.469404234472182,0.12811880177131463,0.6486249496108029,True,no_change,0.49999999999999994,0.057766465025134196,0.0,0.04329896907216495
random,random/holdout,per_drug_mean_delta,pert_discrimination,delta,replicate_half,0.45195279884127115,0.2866323549646438,4850.0,485,0.0,0.44379990627928767,0.4596823932861889,0.10864667050059783,0.6481470361150573,True,no_change,0.5,0.057766465025134196,0.0,0.04329896907216495
random,random/holdout,ridge,direction_acc_de,absolute,full_pseudobulk,0.9953834645198063,0.012675947378864811,236.0,485,249.0,0.993661279282615,0.9968628248076848,-1.351216918996671,32.70257872922066,True,global_mean_delta,0.9959072138762242,0.9962948269597006,0.0,
random,random/holdout,ridge,direction_acc_de,absolute,replicate_half,0.9944178510141806,0.01566956443520885,2360.0,485,2490.0,0.9937754561706248,0.9950317172923542,-0.3391639580094695,11.179746857930365,True,global_mean_delta,0.9948932241654393,0.9962948269597006,0.0,
random,random/holdout,ridge,direction_acc_de,delta,full_pseudobulk,0.8823998313917419,0.13335717179210713,236.0,485,249.0,0.8643809263965668,0.8978271841354445,0.6154971430429271,0.46255629948843335,True,global_mean_delta,0.7049490900806742,0.9932538260438298,0.0,
random,random/holdout,ridge,direction_acc_de,delta,replicate_half,0.8809889680632434,0.13338115064250025,2360.0,485,2490.0,0.8751327301658691,0.8861445206617052,0.610961711472551,0.4622138708513166,True,global_mean_delta,0.7046836228241912,0.9932538260438298,0.0,
random,random/holdout,ridge,mae,absolute,full_pseudobulk,0.022927039526313534,0.013495956911566246,485.0,485,0.0,0.021755259835074037,0.024139949835190223,,,False,no_change,0.025535550737424872,0.02860690633099316,0.0,
random,random/holdout,ridge,mae,absolute,replicate_half,0.027569841835585786,0.013443734012089656,4850.0,485,0.0,0.027186681319704944,0.02795435641477283,1.8741976055109983,11.332448593642175,True,no_change,0.029793210764761515,0.02860690633099316,0.0,
random,random/holdout,ridge,mae,delta,full_pseudobulk,0.022927039526313534,0.013495956911566246,485.0,485,0.0,0.021792069278662302,0.024156340984453354,,,False,no_change,0.025535550737424872,0.02860690633099316,0.0,
random,random/holdout,ridge,mae,delta,replicate_half,0.027569841835585786,0.013443734012089656,4850.0,485,0.0,0.027177520487917082,0.027936514241005284,1.8741976055109983,11.332448593642175,True,no_change,0.029793210764761515,0.02860690633099316,0.0,
random,random/holdout,ridge,pearson_r,absolute,full_pseudobulk,0.9854130575824238,0.025353113579303928,485.0,485,0.0,0.9829196847775828,0.9875757792964406,1.1828807168389195,6.434444332600878,True,global_mean_delta,0.9807522496533165,0.984692467684398,0.0,
random,random/holdout,ridge,pearson_r,absolute,replicate_half,0.9816579944524985,0.026394517763182294,4850.0,485,0.0,0.9808786154286426,0.9823658648583433,0.6053997837179609,3.432319754388487,True,global_mean_delta,0.9770024738458476,0.984692467684398,0.0,
random,random/holdout,ridge,pearson_r,delta,full_pseudobulk,0.5089111665966585,0.1361537589142402,485.0,485,0.0,0.4966985825473704,0.5205390172221676,1.1869370705814406,0.45676862326296797,True,global_mean_delta,0.15510852884130372,0.45318889596812933,0.0,
random,random/holdout,ridge,pearson_r,delta,replicate_half,0.43676745953009777,0.13908489496887919,4850.0,485,0.0,0.4329588641841304,0.44080352523875127,0.9477614165030523,0.4424459410973989,True,global_mean_delta,0.1388343453897991,0.45318889596812933,0.0,
random,random/holdout,ridge,pearson_r_de,absolute,full_pseudobulk,0.9458399446101667,0.14696922737644508,236.0,485,249.0,0.9227620015668269,0.9622015216753564,0.38240320081163126,2.2172970133225633,True,global_mean_delta,0.9204930909266593,0.9867761493051196,0.0,
random,random/holdout,ridge,pearson_r_de,absolute,replicate_half,0.9444512448825073,0.13733252147166458,2360.0,485,2490.0,0.938837033579415,0.9494476335759398,0.40321689080759143,1.9363949021301723,True,global_mean_delta,0.9158543960405406,0.9867761493051196,0.0,
random,random/holdout,ridge,pearson_r_de,delta,full_pseudobulk,0.6336978076171434,0.43557550929504846,236.0,485,249.0,0.5749608292395665,0.685040413636884,0.5806534264605832,1.0444611318625168,True,global_mean_delta,0.3915457502174859,0.808579468378272,0.0,
random,random/holdout,ridge,pearson_r_de,delta,replicate_half,0.6270818465485876,0.4210211012027636,2360.0,485,2490.0,0.6090718649384932,0.6430939258081927,0.5623689556929117,1.0151753082890858,True,global_mean_delta,0.3938519845978333,0.808579468378272,0.0,
random,random/holdout,ridge,pert_discrimination,absolute,full_pseudobulk,0.100536764079407,0.10464953470093491,485.0,485,0.0,0.09151390900570844,0.10991021981767062,0.2403913124808463,0.977701388446788,True,no_change,0.1262673596319332,0.019231064156087586,0.0,
random,random/holdout,ridge,pert_discrimination,absolute,replicate_half,0.10823549458975888,0.10261200099632167,4850.0,485,0.0,0.10534915225355711,0.11124181008775665,0.1967451355809045,0.9260616414988119,True,no_change,0.13003578427196047,0.019231064156087586,0.0,
random,random/holdout,ridge,pert_discrimination,delta,full_pseudobulk,0.21600494163755646,0.3261550626244323,485.0,485,0.0,0.18741011331686122,0.24413052739200816,0.6421834526379468,0.737517706889798,True,no_change,0.49999999999999994,0.057766465025134196,0.0,
random,random/holdout,ridge,pert_discrimination,delta,replicate_half,0.28255005538042083,0.3026178158520436,4850.0,485,0.0,0.27422382210104795,0.2909533526454801,0.49170840160716867,0.6842941385466003,True,no_change,0.5,0.057766465025134196,0.0,
